{"version":{"json_export":"187","page_segmentation":"5","schema":"1.1.0","structure":"1.1036.0","table_structure":"5"},"extended_metadata":{"ID_instance":"77 4A 0F 3B 3B B7 B2 11 0A 00 67 45 8B 6B C6 23 ","ID_permanent":"31 44 20 33 37 20 30 43 20 33 42 20 33 42 20 42 37 20 42 32 20 31 31 20 30 41 20 30 30 20 36 37 20 34 35 20 38 42 20 36 42 20 43 36 20 32 33 20 ","pdf_version":"1.6","pdfa_compliance_level":"","is_encrypted":false,"has_acroform":false,"is_digitally_signed":false,"pdfua_compliance_level":"","page_count":2,"has_embedded_files":false,"is_certified":false,"is_XFA":false,"language":"en-US"},"elements":[{"Bounds":[76.72799682617188,734.4232025146484,171.43968200683594,743.8782348632812],"ClipBounds":[76.72799682617188,734.4232025146484,171.43968200683594,743.8782348632812],"Font":{"alt_family_name":"Arial","embedded":true,"encoding":"WinAnsiEncoding","family_name":"Arial","font_type":"TrueType","italic":false,"monospaced":false,"name":"USXBJZ+Arial-BoldMT","subset":true,"weight":700},"HasClip":true,"Page":0,"Path":"//Document/Sect/P/Sub","Text":"NearBy Electronics ","TextSize":10.080001831054688,"attributes":{"Placement":"Block"},"elementId":1},{"Bounds":[76.72799682617188,721.1031951904297,214.52447509765625,730.5582427978516],"ClipBounds":[76.72799682617188,721.1031951904297,214.52447509765625,730.5582427978516],"Font":{"alt_family_name":"Arial","embedded":true,"encoding":"WinAnsiEncoding","family_name":"Arial MT","font_type":"TrueType","italic":false,"monospaced":false,"name":"EUVJTF+ArialMT","subset":true,"weight":400},"HasClip":true,"Page":0,"Path":"//Document/Sect/P/Sub[2]","Text":"3741 Glory Road, Jamestown, ","TextSize":10.080001831054688,"attributes":{"Placement":"Block"},"elementId":2},{"Bounds":[76.72799682617188,708.1132049560547,155.30166625976562,717.5682373046875],"ClipBounds":[76.72799682617188,708.1132049560547,155.30166625976562,717.5682373046875],"Font":{"alt_family_name":"Arial","embedded":true,"encoding":"WinAnsiEncoding","family_name":"Arial MT","font_type":"TrueType","italic":false,"monospaced":false,"name":"EUVJTF+ArialMT","subset":true,"weight":400},"HasClip":true,"Page":0,"Path":"//Document/Sect/P/Sub[3]","Text":"Tennessee, USA ","TextSize":10.080001831054688,"attributes":{"Placement":"Block"},"elementId":3},{"Bounds":[76.72799682617188,694.7931976318359,107.43167114257812,704.2482452392578],"ClipBounds":[76.72799682617188,694.7931976318359,107.43167114257812,704.2482452392578],"Font":{"alt_family_name":"Arial","embedded":true,"encoding":"WinAnsiEncoding","family_name":"Arial MT","font_type":"TrueType","italic":false,"monospaced":false,"name":"EUVJTF+ArialMT","subset":true,"weight":400},"HasClip":true,"Page":0,"Path":"//Document/Sect/P/Sub[4]","Text":"38556 ","TextSize":10.080001831054688,"attributes":{"Placement":"Block"},"elementId":4},{"Bounds":[369.5800018310547,721.1031951904297,543.1473541259766,730.5582427978516],"ClipBounds":[369.5800018310547,721.1031951904297,543.1473541259766,730.5582427978516],"Font":{"alt_family_name":"Arial","embedded":true,"encoding":"WinAnsiEncoding","family_name":"Arial","font_type":"TrueType","italic":false,"monospaced":false,"name":"USXBJZ+Arial-BoldMT","subset":true,"weight":700},"HasClip":true,"Page":0,"Path":"//Document/Sect[2]/H1/Sub","Text":"Invoice# VA79BS9703382218861658 ","TextSize":10.080001831054688,"attributes":{"Placement":"Block"},"elementId":5},{"Bounds":[491.3300018310547,708.1132049560547,543.2117614746094,717.5682373046875],"ClipBounds":[491.3300018310547,708.1132049560547,543.2117614746094,717.5682373046875],"Font":{"alt_family_name":"Arial","embedded":true,"encoding":"WinAnsiEncoding","family_name":"Arial","font_type":"TrueType","italic":false,"monospaced":false,"name":"USXBJZ+Arial-BoldMT","subset":true,"weight":700},"HasClip":true,"Page":0,"Path":"//Document/Sect[2]/H1/Sub[2]","Text":"Issue date ","TextSize":10.080001831054688,"attributes":{"Placement":"Block"},"elementId":6},{"Bounds":[489.1699981689453,694.7931976318359,543.3080749511719,704.2482452392578],"ClipBounds":[489.1699981689453,694.7931976318359,543.3080749511719,704.2482452392578],"Font":{"alt_family_name":"Arial","embedded":true,"encoding":"WinAnsiEncoding","family_name":"Arial MT","font_type":"TrueType","italic":false,"monospaced":false,"name":"EUVJTF+ArialMT","subset":true,"weight":400},"HasClip":true,"Page":0,"Path":"//Document/Sect[2]/H1/Sub[3]","Text":"12-05-2023 ","TextSize":10.080001831054688,"attributes":{"Placement":"Block"},"elementId":7},{"Bounds":[76.72799682617188,649.9085540771484,295.7052459716797,673.2309875488281],"ClipBounds":[76.72799682617188,649.9085540771484,295.7052459716797,673.2309875488281],"Font":{"alt_family_name":"Arial","embedded":true,"encoding":"WinAnsiEncoding","family_name":"Arial MT","font_type":"TrueType","italic":false,"monospaced":false,"name":"EUVJTF+ArialMT","subset":true,"weight":400},"HasClip":true,"Lang":"en","Page":0,"Path":"//Document/Sect[3]/H1","Text":"NearBy Electronics ","TextSize":24.863998413085938,"attributes":{"LineHeight":29.875,"SpaceAfter":7},"elementId":8},{"Bounds":[76.72799682617188,633.9331970214844,460.8868713378906,643.3882446289062],"ClipBounds":[76.72799682617188,633.9331970214844,460.8868713378906,643.3882446289062],"Font":{"alt_family_name":"Arial","embedded":true,"encoding":"WinAnsiEncoding","family_name":"Arial MT","font_type":"TrueType","italic":false,"monospaced":false,"name":"EUVJTF+ArialMT","subset":true,"weight":400},"HasClip":true,"Lang":"en","Page":0,"Path":"//Document/Sect[3]/P","Text":"We are here to serve you better. Reach out to us in case of any concern or feedbacks. ","TextSize":10.080001831054688,"attributes":{"SpaceAfter":18},"elementId":9},{"Bounds":[81.04800415039062,580.9832000732422,122.99087524414062,590.438232421875],"ClipBounds":[81.04800415039062,580.9832000732422,122.99087524414062,590.438232421875],"Font":{"alt_family_name":"Arial","embedded":true,"encoding":"WinAnsiEncoding","family_name":"Arial","font_type":"TrueType","italic":false,"monospaced":false,"name":"USXBJZ+Arial-BoldMT","subset":true,"weight":700},"HasClip":true,"Lang":"en","Page":0,"Path":"//Document/Sect[3]/Sect/H2","Text":"BILL TO ","TextSize":10.080001831054688,"elementId":10},{"Bounds":[81.04800415039062,567.6631927490234,133.02047729492188,577.1182403564453],"ClipBounds":[81.04800415039062,567.6631927490234,133.02047729492188,577.1182403564453],"Font":{"alt_family_name":"Arial","embedded":true,"encoding":"WinAnsiEncoding","family_name":"Arial MT","font_type":"TrueType","italic":false,"monospaced":false,"name":"EUVJTF+ArialMT","subset":true,"weight":400},"HasClip":true,"Page":0,"Path":"//Document/Sect[3]/Sect/P/Sub","Text":"Don Zulauf ","TextSize":10.080001831054688,"attributes":{"Placement":"Block"},"elementId":11},{"Bounds":[81.04800415039062,554.6831970214844,202.3607940673828,564.1382446289062],"ClipBounds":[81.04800415039062,554.6831970214844,202.3607940673828,564.1382446289062],"Font":{"alt_family_name":"Arial","embedded":true,"encoding":"WinAnsiEncoding","family_name":"Arial MT","font_type":"TrueType","italic":false,"monospaced":false,"name":"EUVJTF+ArialMT","subset":true,"weight":400},"HasClip":true,"Page":0,"Path":"//Document/Sect[3]/Sect/P/Sub[2]","Text":"Don_Zulauf40@hotmail.co ","TextSize":10.080001831054688,"attributes":{"Placement":"Block"},"elementId":12},{"Bounds":[81.04800415039062,541.3632049560547,92.24681091308594,550.8182373046875],"ClipBounds":[81.04800415039062,541.3632049560547,92.24681091308594,550.8182373046875],"Font":{"alt_family_name":"Arial","embedded":true,"encoding":"WinAnsiEncoding","family_name":"Arial MT","font_type":"TrueType","italic":false,"monospaced":false,"name":"EUVJTF+ArialMT","subset":true,"weight":400},"HasClip":true,"Page":0,"Path":"//Document/Sect[3]/Sect/P/Sub[3]","Text":"m ","TextSize":10.080001831054688,"attributes":{"Placement":"Block"},"elementId":13},{"Bounds":[81.04800415039062,528.0431976318359,146.34808349609375,537.4982452392578],"ClipBounds":[81.04800415039062,528.0431976318359,146.34808349609375,537.4982452392578],"Font":{"alt_family_name":"Arial","embedded":true,"encoding":"WinAnsiEncoding","family_name":"Arial MT","font_type":"TrueType","italic":false,"monospaced":false,"name":"EUVJTF+ArialMT","subset":true,"weight":400},"HasClip":true,"Page":0,"Path":"//Document/Sect[3]/Sect/P/Sub[4]","Text":"110-825-4839 ","TextSize":10.080001831054688,"attributes":{"Placement":"Block"},"elementId":14},{"Bounds":[81.04800415039062,514.7232055664062,161.27464294433594,524.1782379150391],"ClipBounds":[81.04800415039062,514.7232055664062,161.27464294433594,524.1782379150391],"Font":{"alt_family_name":"Arial","embedded":true,"encoding":"WinAnsiEncoding","family_name":"Arial MT","font_type":"TrueType","italic":false,"monospaced":false,"name":"EUVJTF+ArialMT","subset":true,"weight":400},"HasClip":true,"Page":0,"Path":"//Document/Sect[3]/Sect/P/Sub[5]","Text":"121 Jacobs River ","TextSize":10.080001831054688,"attributes":{"Placement":"Block"},"elementId":15},{"Bounds":[81.04800415039062,501.7431945800781,122.23239135742188,511.1982421875],"ClipBounds":[81.04800415039062,501.7431945800781,122.23239135742188,511.1982421875],"Font":{"alt_family_name":"Arial","embedded":true,"encoding":"WinAnsiEncoding","family_name":"Arial MT","font_type":"TrueType","italic":false,"monospaced":false,"name":"EUVJTF+ArialMT","subset":true,"weight":400},"HasClip":true,"Page":0,"Path":"//Document/Sect[3]/Sect/P/Sub[6]","Text":"Port-Vila ","TextSize":10.080001831054688,"attributes":{"Placement":"Block"},"elementId":16},{"Bounds":[240.25999450683594,580.9832000732422,286.1240692138672,590.438232421875],"ClipBounds":[240.25999450683594,580.9832000732422,286.1240692138672,590.438232421875],"Font":{"alt_family_name":"Arial","embedded":true,"encoding":"WinAnsiEncoding","family_name":"Arial","font_type":"TrueType","italic":false,"monospaced":false,"name":"USXBJZ+Arial-BoldMT","subset":true,"weight":700},"HasClip":true,"Lang":"en","Page":0,"Path":"//Document/Sect[3]/Sect[2]/H2","Text":"DETAILS ","TextSize":10.080001831054688,"elementId":17},{"Bounds":[240.25999450683594,567.6631927490234,330.97999572753906,577.1182403564453],"ClipBounds":[240.25999450683594,567.6631927490234,330.97999572753906,577.1182403564453],"Font":{"alt_family_name":"Arial","embedded":true,"encoding":"WinAnsiEncoding","family_name":"Arial MT","font_type":"TrueType","italic":false,"monospaced":false,"name":"EUVJTF+ArialMT","subset":true,"weight":400},"HasClip":true,"Lang":"en","Page":0,"Path":"//Document/Sect[3]/Sect[2]/P","Text":"nostrud ea eiusmod ","TextSize":10.080001831054688,"elementId":18},{"Bounds":[330.8388977050781,567.6631927490234,360.4539337158203,577.1182403564453],"ClipBounds":[330.8388977050781,567.6631927490234,360.4539337158203,577.1182403564453],"Font":{"alt_family_name":"Arial","embedded":true,"encoding":"WinAnsiEncoding","family_name":"Arial MT","font_type":"TrueType","italic":false,"monospaced":false,"name":"EUVJTF+ArialMT","subset":true,"weight":400},"HasClip":true,"Lang":"en","Page":0,"Path":"//Document/Sect[3]/Sect[2]/P[2]","Text":"aliqua ","TextSize":10.080001831054688,"elementId":19},{"Bounds":[240.25999450683594,554.6831970214844,340.3745574951172,564.1382446289062],"ClipBounds":[240.25999450683594,554.6831970214844,340.3745574951172,564.1382446289062],"Font":{"alt_family_name":"Arial","embedded":true,"encoding":"WinAnsiEncoding","family_name":"Arial MT","font_type":"TrueType","italic":false,"monospaced":false,"name":"EUVJTF+ArialMT","subset":true,"weight":400},"HasClip":true,"Lang":"it","Page":0,"Path":"//Document/Sect[3]/Sect[2]/P[3]","Text":"nulla aliqua commodo ","TextSize":10.080001831054688,"elementId":20},{"Bounds":[412.8000030517578,580.9832000732422,464.58103942871094,590.438232421875],"ClipBounds":[412.8000030517578,580.9832000732422,464.58103942871094,590.438232421875],"Font":{"alt_family_name":"Arial","embedded":true,"encoding":"WinAnsiEncoding","family_name":"Arial","font_type":"TrueType","italic":false,"monospaced":false,"name":"USXBJZ+Arial-BoldMT","subset":true,"weight":700},"HasClip":true,"Lang":"en","Page":0,"Path":"//Document/Sect[3]/Sect[3]/H2","Text":"PAYMENT ","TextSize":10.080001831054688,"elementId":21},{"Bounds":[412.8000030517578,567.6631927490234,513.0480804443359,577.1182403564453],"ClipBounds":[412.8000030517578,567.6631927490234,513.0480804443359,577.1182403564453],"Font":{"alt_family_name":"Arial","embedded":true,"encoding":"WinAnsiEncoding","family_name":"Arial MT","font_type":"TrueType","italic":false,"monospaced":false,"name":"EUVJTF+ArialMT","subset":true,"weight":400},"HasClip":true,"Lang":"en","Page":0,"Path":"//Document/Sect[3]/Sect[3]/P","Text":"Due date: 06-07-2023 ","TextSize":10.080001831054688,"attributes":{"SpaceAfter":18},"elementId":22},{"Bounds":[410.63999938964844,535.3764038085938,459.87107849121094,545.844482421875],"ClipBounds":[410.63999938964844,535.3764038085938,459.87107849121094,545.844482421875],"Font":{"alt_family_name":"Arial","embedded":true,"encoding":"WinAnsiEncoding","family_name":"Arial","font_type":"TrueType","italic":false,"monospaced":false,"name":"USXBJZ+Arial-BoldMT","subset":true,"weight":700},"HasClip":true,"Lang":"en","Page":0,"Path":"//Document/Sect[3]/Sect[3]/Aside/P","Text":"$35616.9 ","TextSize":11.160003662109375,"attributes":{"SpaceAfter":18},"elementId":23},{"Bounds":[77.447998046875,430.0731964111328,530.1510314941406,439.5282440185547],"ClipBounds":[77.447998046875,430.0731964111328,530.1510314941406,439.5282440185547],"Page":0,"Path":"//Document/Sect[3]/Sect[3]/Table","attributes":{"BBox":[71.5170999999973,414.73499999998603,540.9379999999946,447.73399999999674],"NumCol":4,"Placement":"Block","SpaceAfter":18},"filePaths":["tables/fileoutpart0.xlsx","tables/fileoutpart1.png"],"elementId":24},{"Bounds":[77.447998046875,430.0731964111328,104.47239685058594,439.5282440185547],"ClipBounds":[77.447998046875,430.0731964111328,104.47239685058594,439.5282440185547],"Page":0,"Path":"//Document/Sect[3]/Sect[3]/Table/TR/TD","attributes":{"BBox":[71.5170999999973,414.13499999999476,358.78499999998894,447.73399999999674],"BlockAlign":"Middle","BorderColor":[0,0,0],"BorderStyle":["Solid","Double","Solid","Solid"],"BorderThickness":[0.625,0.625,0.5,0.25],"ColIndex":0,"Height":33.625,"InlineAlign":"Start","RowIndex":0,"Width":287.25},"elementId":25},{"Bounds":[77.447998046875,430.0731964111328,104.47239685058594,439.5282440185547],"ClipBounds":[77.447998046875,430.0731964111328,104.47239685058594,439.5282440185547],"Font":{"alt_family_name":"Arial","embedded":true,"encoding":"WinAnsiEncoding","family_name":"Arial","font_type":"TrueType","italic":false,"monospaced":false,"name":"USXBJZ+Arial-BoldMT","subset":true,"weight":700},"HasClip":true,"Lang":"en","Page":0,"Path":"//Document/Sect[3]/Sect[3]/Table/TR/TD/P","Text":"ITEM ","TextSize":10.080001831054688,"attributes":{"LineHeight":12.125},"elementId":26},{"Bounds":[363.1000061035156,430.0731964111328,386.6570281982422,439.5282440185547],"ClipBounds":[363.1000061035156,430.0731964111328,386.6570281982422,439.5282440185547],"Page":0,"Path":"//Document/Sect[3]/Sect[3]/Table/TR/TD[2]","attributes":{"BBox":[358.304999999993,414.13499999999476,415.6629999999859,447.73399999999674],"BlockAlign":"Middle","BorderColor":[0,0,0],"BorderStyle":["Solid","Double","Solid","Solid"],"BorderThickness":[0.625,0.625,0.25,0.25],"ColIndex":1,"Height":33.625,"InlineAlign":"Start","RowIndex":0,"Width":57.375},"elementId":27},{"Bounds":[363.1000061035156,430.0731964111328,386.6570281982422,439.5282440185547],"ClipBounds":[363.1000061035156,430.0731964111328,386.6570281982422,439.5282440185547],"Font":{"alt_family_name":"Arial","embedded":true,"encoding":"WinAnsiEncoding","family_name":"Arial","font_type":"TrueType","italic":false,"monospaced":false,"name":"USXBJZ+Arial-BoldMT","subset":true,"weight":700},"HasClip":true,"Lang":"en","Page":0,"Path":"//Document/Sect[3]/Sect[3]/Table/TR/TD[2]/P","Text":"QTY ","TextSize":10.080001831054688,"attributes":{"LineHeight":12.125},"elementId":28},{"Bounds":[420.3800048828125,430.0731964111328,450.7712707519531,439.5282440185547],"ClipBounds":[420.3800048828125,430.0731964111328,450.7712707519531,439.5282440185547],"Page":0,"Path":"//Document/Sect[3]/Sect[3]/Table/TR/TD[3]","attributes":{"BBox":[415.18299999999,414.13499999999476,481.8999999999942,447.73399999999674],"BlockAlign":"Middle","BorderColor":[0,0,0],"BorderStyle":["Solid","Double","Solid","Solid"],"BorderThickness":[0.625,0.625,0.25,0.25],"ColIndex":2,"Height":33.625,"InlineAlign":"Start","RowIndex":0,"Width":66.75},"elementId":29},{"Bounds":[420.3800048828125,430.0731964111328,450.7712707519531,439.5282440185547],"ClipBounds":[420.3800048828125,430.0731964111328,450.7712707519531,439.5282440185547],"Font":{"alt_family_name":"Arial","embedded":true,"encoding":"WinAnsiEncoding","family_name":"Arial","font_type":"TrueType","italic":false,"monospaced":false,"name":"USXBJZ+Arial-BoldMT","subset":true,"weight":700},"HasClip":true,"Lang":"en","Page":0,"Path":"//Document/Sect[3]/Sect[3]/Table/TR/TD[3]/P","Text":"RATE ","TextSize":10.080001831054688,"attributes":{"LineHeight":12.125},"elementId":30},{"Bounds":[483.4100036621094,430.0731964111328,530.1510314941406,439.5282440185547],"ClipBounds":[483.4100036621094,430.0731964111328,530.1510314941406,439.5282440185547],"Page":0,"Path":"//Document/Sect[3]/Sect[3]/Table/TR/TD[4]","attributes":{"BBox":[481.41999999999825,414.13499999999476,541.417999999976,447.73399999999674],"BlockAlign":"Middle","BorderColor":[0,0,0],"BorderStyle":["Solid","Double","Solid","Solid"],"BorderThickness":[0.625,0.625,0.25,0.5],"ColIndex":3,"Height":33.625,"InlineAlign":"Start","RowIndex":0,"Width":60},"elementId":31},{"Bounds":[483.4100036621094,430.0731964111328,530.1510314941406,439.5282440185547],"ClipBounds":[483.4100036621094,430.0731964111328,530.1510314941406,439.5282440185547],"Font":{"alt_family_name":"Arial","embedded":true,"encoding":"WinAnsiEncoding","family_name":"Arial","font_type":"TrueType","italic":false,"monospaced":false,"name":"USXBJZ+Arial-BoldMT","subset":true,"weight":700},"HasClip":true,"Lang":"en","Page":0,"Path":"//Document/Sect[3]/Sect[3]/Table/TR/TD[4]/P","Text":"AMOUNT ","TextSize":10.080001831054688,"attributes":{"LineHeight":12.125},"elementId":32},{"Bounds":[77.447998046875,126.09320068359375,517.7280731201172,403.50823974609375],"ClipBounds":[77.447998046875,126.09320068359375,517.7280731201172,403.50823974609375],"Page":0,"Path":"//Document/Sect[3]/Sect[3]/Table[2]","attributes":{"BBox":[71.5170999999973,108.74799999999959,540.9379999999946,411.97499999999127],"NumCol":4,"NumRow":9,"Placement":"Block","SpaceAfter":18},"filePaths":["tables/fileoutpart2.xlsx","tables/fileoutpart3.png"],"elementId":33},{"Bounds":[77.447998046875,394.05320739746094,181.86671447753906,403.50823974609375],"ClipBounds":[77.447998046875,394.05320739746094,181.86671447753906,403.50823974609375],"Page":0,"Path":"//Document/Sect[3]/Sect[3]/Table[2]/TR/TD","attributes":{"BBox":[71.5170999999973,376.33699999999953,358.0649999999878,411.97499999999127],"BlockAlign":"Before","BorderColor":[0,0,0],"BorderStyle":["Double","Solid","Solid","Solid"],"BorderThickness":[0.625,0.25,0.5,0.25],"ColIndex":0,"Height":35.625,"InlineAlign":"Start","RowIndex":0,"Width":286.375},"elementId":34},{"Bounds":[77.447998046875,394.05320739746094,181.86671447753906,403.50823974609375],"ClipBounds":[77.447998046875,394.05320739746094,181.86671447753906,403.50823974609375],"Font":{"alt_family_name":"Arial","embedded":true,"encoding":"WinAnsiEncoding","family_name":"Arial MT","font_type":"TrueType","italic":false,"monospaced":false,"name":"EUVJTF+ArialMT","subset":true,"weight":400},"HasClip":true,"Lang":"en","Page":0,"Path":"//Document/Sect[3]/Sect[3]/Table[2]/TR/TD/P","Text":"Fantastic Granite Tuna ","TextSize":10.080001831054688,"attributes":{"LineHeight":12.125},"elementId":35},{"Bounds":[363.82000732421875,394.05320739746094,378.3000030517578,403.50823974609375],"ClipBounds":[363.82000732421875,394.05320739746094,378.3000030517578,403.50823974609375],"Page":0,"Path":"//Document/Sect[3]/Sect[3]/Table[2]/TR/TD[2]","attributes":{"BBox":[357.58499999999185,376.33699999999953,414.22299999999814,411.97499999999127],"BlockAlign":"Before","BorderColor":[0,0,0],"BorderStyle":["Double","Solid","Solid","Solid"],"BorderThickness":[0.625,0.25,0.25,0.25],"ColIndex":1,"Height":35.625,"InlineAlign":"Start","RowIndex":0,"Width":56.625},"elementId":36},{"Bounds":[363.82000732421875,394.05320739746094,378.3000030517578,403.50823974609375],"ClipBounds":[363.82000732421875,394.05320739746094,378.3000030517578,403.50823974609375],"Font":{"alt_family_name":"Arial","embedded":true,"encoding":"WinAnsiEncoding","family_name":"Arial MT","font_type":"TrueType","italic":false,"monospaced":false,"name":"EUVJTF+ArialMT","subset":true,"weight":400},"HasClip":true,"Lang":"en","Page":0,"Path":"//Document/Sect[3]/Sect[3]/Table[2]/TR/TD[2]/P","Text":"36 ","TextSize":10.080001831054688,"attributes":{"LineHeight":12.125},"elementId":37},{"Bounds":[420.3800048828125,394.05320739746094,434.86000061035156,403.50823974609375],"ClipBounds":[420.3800048828125,394.05320739746094,434.86000061035156,403.50823974609375],"Page":0,"Path":"//Document/Sect[3]/Sect[3]/Table[2]/TR/TD[3]","attributes":{"BBox":[413.74299999998766,376.33699999999953,481.8999999999942,411.97499999999127],"BlockAlign":"Before","BorderColor":[0,0,0],"BorderStyle":["Double","Solid","Solid","Solid"],"BorderThickness":[0.625,0.25,0.25,0.25],"ColIndex":2,"Height":35.625,"InlineAlign":"Start","RowIndex":0,"Width":68.125},"elementId":38},{"Bounds":[420.3800048828125,394.05320739746094,434.86000061035156,403.50823974609375],"ClipBounds":[420.3800048828125,394.05320739746094,434.86000061035156,403.50823974609375],"Font":{"alt_family_name":"Arial","embedded":true,"encoding":"WinAnsiEncoding","family_name":"Arial MT","font_type":"TrueType","italic":false,"monospaced":false,"name":"EUVJTF+ArialMT","subset":true,"weight":400},"HasClip":true,"Lang":"en","Page":0,"Path":"//Document/Sect[3]/Sect[3]/Table[2]/TR/TD[3]/P","Text":"69 ","TextSize":10.080001831054688,"attributes":{"LineHeight":12.125},"elementId":39},{"Bounds":[487.00999450683594,394.05320739746094,517.7280731201172,403.50823974609375],"ClipBounds":[487.00999450683594,394.05320739746094,517.7280731201172,403.50823974609375],"Page":0,"Path":"//Document/Sect[3]/Sect[3]/Table[2]/TR/TD[4]","attributes":{"BBox":[481.41999999999825,376.33699999999953,541.417999999976,411.97499999999127],"BlockAlign":"Before","BorderColor":[0,0,0],"BorderStyle":["Double","Solid","Solid","Solid"],"BorderThickness":[0.625,0.25,0.25,0.5],"ColIndex":3,"Height":35.625,"InlineAlign":"Start","RowIndex":0,"Width":60},"elementId":40},{"Bounds":[487.00999450683594,394.05320739746094,517.7280731201172,403.50823974609375],"ClipBounds":[487.00999450683594,394.05320739746094,517.7280731201172,403.50823974609375],"Font":{"alt_family_name":"Arial","embedded":true,"encoding":"WinAnsiEncoding","family_name":"Arial MT","font_type":"TrueType","italic":false,"monospaced":false,"name":"EUVJTF+ArialMT","subset":true,"weight":400},"HasClip":true,"Lang":"en","Page":0,"Path":"//Document/Sect[3]/Sect[3]/Table[2]/TR/TD[4]/P","Text":"$2484 ","TextSize":10.080001831054688,"attributes":{"LineHeight":12.125},"elementId":41},{"Bounds":[77.447998046875,360.5731964111328,198.30712890625,370.0282440185547],"ClipBounds":[77.447998046875,360.5731964111328,198.30712890625,370.0282440185547],"Page":0,"Path":"//Document/Sect[3]/Sect[3]/Table[2]/TR[2]/TD","attributes":{"BBox":[71.5170999999973,344.6579999999958,358.0649999999878,376.81699999999546],"BlockAlign":"Before","BorderColor":[0,0,0],"BorderStyle":"Solid","BorderThickness":[0.25,0.25,0.5,0.25],"ColIndex":0,"Height":32.125,"InlineAlign":"Start","RowIndex":1,"Width":286.375},"elementId":42},{"Bounds":[77.447998046875,360.5731964111328,198.30712890625,370.0282440185547],"ClipBounds":[77.447998046875,360.5731964111328,198.30712890625,370.0282440185547],"Font":{"alt_family_name":"Arial","embedded":true,"encoding":"WinAnsiEncoding","family_name":"Arial MT","font_type":"TrueType","italic":false,"monospaced":false,"name":"EUVJTF+ArialMT","subset":true,"weight":400},"HasClip":true,"Lang":"en","Page":0,"Path":"//Document/Sect[3]/Sect[3]/Table[2]/TR[2]/TD/P","Text":"Ergonomic Concrete Chair ","TextSize":10.080001831054688,"attributes":{"LineHeight":12.125},"elementId":43},{"Bounds":[363.82000732421875,360.5731964111328,383.3751983642578,370.0282440185547],"ClipBounds":[363.82000732421875,360.5731964111328,383.3751983642578,370.0282440185547],"Page":0,"Path":"//Document/Sect[3]/Sect[3]/Table[2]/TR[2]/TD[2]","attributes":{"BBox":[357.58499999999185,344.6579999999958,414.22299999999814,376.81699999999546],"BlockAlign":"Before","BorderColor":[0,0,0],"BorderStyle":"Solid","BorderThickness":0.25,"ColIndex":1,"Height":32.125,"InlineAlign":"Start","RowIndex":1,"Width":56.625},"elementId":44},{"Bounds":[363.82000732421875,360.5731964111328,383.3751983642578,370.0282440185547],"ClipBounds":[363.82000732421875,360.5731964111328,383.3751983642578,370.0282440185547],"Font":{"alt_family_name":"Arial","embedded":true,"encoding":"WinAnsiEncoding","family_name":"Arial MT","font_type":"TrueType","italic":false,"monospaced":false,"name":"EUVJTF+ArialMT","subset":true,"weight":400},"HasClip":true,"Lang":"en","Page":0,"Path":"//Document/Sect[3]/Sect[3]/Table[2]/TR[2]/TD[2]/P","Text":"104 ","TextSize":10.080001831054688,"attributes":{"LineHeight":12.125},"elementId":45},{"Bounds":[420.3800048828125,360.5731964111328,434.86000061035156,370.0282440185547],"ClipBounds":[420.3800048828125,360.5731964111328,434.86000061035156,370.0282440185547],"Page":0,"Path":"//Document/Sect[3]/Sect[3]/Table[2]/TR[2]/TD[3]","attributes":{"BBox":[413.74299999998766,344.6579999999958,481.8999999999942,376.81699999999546],"BlockAlign":"Before","BorderColor":[0,0,0],"BorderStyle":"Solid","BorderThickness":0.25,"ColIndex":2,"Height":32.125,"InlineAlign":"Start","RowIndex":1,"Width":68.125},"elementId":46},{"Bounds":[420.3800048828125,360.5731964111328,434.86000061035156,370.0282440185547],"ClipBounds":[420.3800048828125,360.5731964111328,434.86000061035156,370.0282440185547],"Font":{"alt_family_name":"Arial","embedded":true,"encoding":"WinAnsiEncoding","family_name":"Arial MT","font_type":"TrueType","italic":false,"monospaced":false,"name":"EUVJTF+ArialMT","subset":true,"weight":400},"HasClip":true,"Lang":"en","Page":0,"Path":"//Document/Sect[3]/Sect[3]/Table[2]/TR[2]/TD[3]/P","Text":"52 ","TextSize":10.080001831054688,"attributes":{"LineHeight":12.125},"elementId":47},{"Bounds":[487.00999450683594,360.5731964111328,517.7280731201172,370.0282440185547],"ClipBounds":[487.00999450683594,360.5731964111328,517.7280731201172,370.0282440185547],"Page":0,"Path":"//Document/Sect[3]/Sect[3]/Table[2]/TR[2]/TD[4]","attributes":{"BBox":[481.41999999999825,344.6579999999958,541.417999999976,376.81699999999546],"BlockAlign":"Before","BorderColor":[0,0,0],"BorderStyle":"Solid","BorderThickness":[0.25,0.25,0.25,0.5],"ColIndex":3,"Height":32.125,"InlineAlign":"Start","RowIndex":1,"Width":60},"elementId":48},{"Bounds":[487.00999450683594,360.5731964111328,517.7280731201172,370.0282440185547],"ClipBounds":[487.00999450683594,360.5731964111328,517.7280731201172,370.0282440185547],"Font":{"alt_family_name":"Arial","embedded":true,"encoding":"WinAnsiEncoding","family_name":"Arial MT","font_type":"TrueType","italic":false,"monospaced":false,"name":"EUVJTF+ArialMT","subset":true,"weight":400},"HasClip":true,"Lang":"en","Page":0,"Path":"//Document/Sect[3]/Sect[3]/Table[2]/TR[2]/TD[4]/P","Text":"$5408 ","TextSize":10.080001831054688,"attributes":{"LineHeight":12.125},"elementId":49},{"Bounds":[77.447998046875,327.0632019042969,178.64111328125,336.5182342529297],"ClipBounds":[77.447998046875,327.0632019042969,178.64111328125,336.5182342529297],"Page":0,"Path":"//Document/Sect[3]/Sect[3]/Table[2]/TR[3]/TD","attributes":{"BBox":[71.5170999999973,310.09999999999127,358.0649999999878,345.13799999999173],"BlockAlign":"Middle","BorderColor":[0,0,0],"BorderStyle":"Solid","BorderThickness":[0.25,0.25,0.5,0.25],"ColIndex":0,"Height":35,"InlineAlign":"Start","RowIndex":2,"Width":286.375},"elementId":50},{"Bounds":[77.447998046875,327.0632019042969,178.64111328125,336.5182342529297],"ClipBounds":[77.447998046875,327.0632019042969,178.64111328125,336.5182342529297],"Font":{"alt_family_name":"Arial","embedded":true,"encoding":"WinAnsiEncoding","family_name":"Arial MT","font_type":"TrueType","italic":false,"monospaced":false,"name":"EUVJTF+ArialMT","subset":true,"weight":400},"HasClip":true,"Lang":"en","Page":0,"Path":"//Document/Sect[3]/Sect[3]/Table[2]/TR[3]/TD/P","Text":"Generic Plastic Bacon ","TextSize":10.080001831054688,"attributes":{"LineHeight":12.125},"elementId":51},{"Bounds":[363.82000732421875,327.0632019042969,378.3000030517578,336.5182342529297],"ClipBounds":[363.82000732421875,327.0632019042969,378.3000030517578,336.5182342529297],"Page":0,"Path":"//Document/Sect[3]/Sect[3]/Table[2]/TR[3]/TD[2]","attributes":{"BBox":[357.58499999999185,310.09999999999127,414.22299999999814,345.13799999999173],"BlockAlign":"Middle","BorderColor":[0,0,0],"BorderStyle":"Solid","BorderThickness":0.25,"ColIndex":1,"Height":35,"InlineAlign":"Start","RowIndex":2,"Width":56.625},"elementId":52},{"Bounds":[363.82000732421875,327.0632019042969,378.3000030517578,336.5182342529297],"ClipBounds":[363.82000732421875,327.0632019042969,378.3000030517578,336.5182342529297],"Font":{"alt_family_name":"Arial","embedded":true,"encoding":"WinAnsiEncoding","family_name":"Arial MT","font_type":"TrueType","italic":false,"monospaced":false,"name":"EUVJTF+ArialMT","subset":true,"weight":400},"HasClip":true,"Lang":"en","Page":0,"Path":"//Document/Sect[3]/Sect[3]/Table[2]/TR[3]/TD[2]/P","Text":"13 ","TextSize":10.080001831054688,"attributes":{"LineHeight":12.125},"elementId":53},{"Bounds":[420.3800048828125,327.0632019042969,434.86000061035156,336.5182342529297],"ClipBounds":[420.3800048828125,327.0632019042969,434.86000061035156,336.5182342529297],"Page":0,"Path":"//Document/Sect[3]/Sect[3]/Table[2]/TR[3]/TD[3]","attributes":{"BBox":[413.74299999998766,310.09999999999127,481.8999999999942,345.13799999999173],"BlockAlign":"Middle","BorderColor":[0,0,0],"BorderStyle":"Solid","BorderThickness":0.25,"ColIndex":2,"Height":35,"InlineAlign":"Start","RowIndex":2,"Width":68.125},"elementId":54},{"Bounds":[420.3800048828125,327.0632019042969,434.86000061035156,336.5182342529297],"ClipBounds":[420.3800048828125,327.0632019042969,434.86000061035156,336.5182342529297],"Font":{"alt_family_name":"Arial","embedded":true,"encoding":"WinAnsiEncoding","family_name":"Arial MT","font_type":"TrueType","italic":false,"monospaced":false,"name":"EUVJTF+ArialMT","subset":true,"weight":400},"HasClip":true,"Lang":"en","Page":0,"Path":"//Document/Sect[3]/Sect[3]/Table[2]/TR[3]/TD[3]/P","Text":"98 ","TextSize":10.080001831054688,"attributes":{"LineHeight":12.125},"elementId":55},{"Bounds":[487.00999450683594,327.0632019042969,517.7280731201172,336.5182342529297],"ClipBounds":[487.00999450683594,327.0632019042969,517.7280731201172,336.5182342529297],"Page":0,"Path":"//Document/Sect[3]/Sect[3]/Table[2]/TR[3]/TD[4]","attributes":{"BBox":[481.41999999999825,310.09999999999127,541.417999999976,345.13799999999173],"BlockAlign":"Middle","BorderColor":[0,0,0],"BorderStyle":"Solid","BorderThickness":[0.25,0.25,0.25,0.5],"ColIndex":3,"Height":35,"InlineAlign":"Start","RowIndex":2,"Width":60},"elementId":56},{"Bounds":[487.00999450683594,327.0632019042969,517.7280731201172,336.5182342529297],"ClipBounds":[487.00999450683594,327.0632019042969,517.7280731201172,336.5182342529297],"Font":{"alt_family_name":"Arial","embedded":true,"encoding":"WinAnsiEncoding","family_name":"Arial MT","font_type":"TrueType","italic":false,"monospaced":false,"name":"EUVJTF+ArialMT","subset":true,"weight":400},"HasClip":true,"Lang":"en","Page":0,"Path":"//Document/Sect[3]/Sect[3]/Table[2]/TR[3]/TD[4]/P","Text":"$1274 ","TextSize":10.080001831054688,"attributes":{"LineHeight":12.125},"elementId":57},{"Bounds":[77.447998046875,293.5632019042969,194.81951904296875,303.0182342529297],"ClipBounds":[77.447998046875,293.5632019042969,194.81951904296875,303.0182342529297],"Page":0,"Path":"//Document/Sect[3]/Sect[3]/Table[2]/TR[4]/TD","attributes":{"BBox":[71.5170999999973,275.54099999999744,358.0649999999878,310.5799999999872],"BlockAlign":"Before","BorderColor":[0,0,0],"BorderStyle":"Solid","BorderThickness":[0.25,0.25,0.5,0.25],"ColIndex":0,"Height":35,"InlineAlign":"Start","RowIndex":3,"Width":286.375},"elementId":58},{"Bounds":[77.447998046875,293.5632019042969,194.81951904296875,303.0182342529297],"ClipBounds":[77.447998046875,293.5632019042969,194.81951904296875,303.0182342529297],"Font":{"alt_family_name":"Arial","embedded":true,"encoding":"WinAnsiEncoding","family_name":"Arial MT","font_type":"TrueType","italic":false,"monospaced":false,"name":"EUVJTF+ArialMT","subset":true,"weight":400},"HasClip":true,"Lang":"en","Page":0,"Path":"//Document/Sect[3]/Sect[3]/Table[2]/TR[4]/TD/P","Text":"Licensed Granite Chicken ","TextSize":10.080001831054688,"attributes":{"LineHeight":12.125},"elementId":59},{"Bounds":[363.82000732421875,293.5632019042969,378.3000030517578,303.0182342529297],"ClipBounds":[363.82000732421875,293.5632019042969,378.3000030517578,303.0182342529297],"Page":0,"Path":"//Document/Sect[3]/Sect[3]/Table[2]/TR[4]/TD[2]","attributes":{"BBox":[357.58499999999185,275.54099999999744,414.22299999999814,310.5799999999872],"BlockAlign":"Before","BorderColor":[0,0,0],"BorderStyle":"Solid","BorderThickness":0.25,"ColIndex":1,"Height":35,"InlineAlign":"Start","RowIndex":3,"Width":56.625},"elementId":60},{"Bounds":[363.82000732421875,293.5632019042969,378.3000030517578,303.0182342529297],"ClipBounds":[363.82000732421875,293.5632019042969,378.3000030517578,303.0182342529297],"Font":{"alt_family_name":"Arial","embedded":true,"encoding":"WinAnsiEncoding","family_name":"Arial MT","font_type":"TrueType","italic":false,"monospaced":false,"name":"EUVJTF+ArialMT","subset":true,"weight":400},"HasClip":true,"Lang":"en","Page":0,"Path":"//Document/Sect[3]/Sect[3]/Table[2]/TR[4]/TD[2]/P","Text":"88 ","TextSize":10.080001831054688,"attributes":{"LineHeight":12.125},"elementId":61},{"Bounds":[420.3800048828125,293.5632019042969,434.86000061035156,303.0182342529297],"ClipBounds":[420.3800048828125,293.5632019042969,434.86000061035156,303.0182342529297],"Page":0,"Path":"//Document/Sect[3]/Sect[3]/Table[2]/TR[4]/TD[3]","attributes":{"BBox":[413.74299999998766,275.54099999999744,481.8999999999942,310.5799999999872],"BlockAlign":"Before","BorderColor":[0,0,0],"BorderStyle":"Solid","BorderThickness":0.25,"ColIndex":2,"Height":35,"InlineAlign":"Start","RowIndex":3,"Width":68.125},"elementId":62},{"Bounds":[420.3800048828125,293.5632019042969,434.86000061035156,303.0182342529297],"ClipBounds":[420.3800048828125,293.5632019042969,434.86000061035156,303.0182342529297],"Font":{"alt_family_name":"Arial","embedded":true,"encoding":"WinAnsiEncoding","family_name":"Arial MT","font_type":"TrueType","italic":false,"monospaced":false,"name":"EUVJTF+ArialMT","subset":true,"weight":400},"HasClip":true,"Lang":"en","Page":0,"Path":"//Document/Sect[3]/Sect[3]/Table[2]/TR[4]/TD[3]/P","Text":"38 ","TextSize":10.080001831054688,"attributes":{"LineHeight":12.125},"elementId":63},{"Bounds":[487.00999450683594,293.5632019042969,517.7280731201172,303.0182342529297],"ClipBounds":[487.00999450683594,293.5632019042969,517.7280731201172,303.0182342529297],"Page":0,"Path":"//Document/Sect[3]/Sect[3]/Table[2]/TR[4]/TD[4]","attributes":{"BBox":[481.41999999999825,275.54099999999744,541.417999999976,310.5799999999872],"BlockAlign":"Before","BorderColor":[0,0,0],"BorderStyle":"Solid","BorderThickness":[0.25,0.25,0.25,0.5],"ColIndex":3,"Height":35,"InlineAlign":"Start","RowIndex":3,"Width":60},"elementId":64},{"Bounds":[487.00999450683594,293.5632019042969,517.7280731201172,303.0182342529297],"ClipBounds":[487.00999450683594,293.5632019042969,517.7280731201172,303.0182342529297],"Font":{"alt_family_name":"Arial","embedded":true,"encoding":"WinAnsiEncoding","family_name":"Arial MT","font_type":"TrueType","italic":false,"monospaced":false,"name":"EUVJTF+ArialMT","subset":true,"weight":400},"HasClip":true,"Lang":"en","Page":0,"Path":"//Document/Sect[3]/Sect[3]/Table[2]/TR[4]/TD[4]/P","Text":"$3344 ","TextSize":10.080001831054688,"attributes":{"LineHeight":12.125},"elementId":65},{"Bounds":[77.447998046875,260.0832061767578,187.0679931640625,269.5382385253906],"ClipBounds":[77.447998046875,260.0832061767578,187.0679931640625,269.5382385253906],"Page":0,"Path":"//Document/Sect[3]/Sect[3]/Table[2]/TR[5]/TD","attributes":{"BBox":[71.5170999999973,243.8619999999937,358.0649999999878,276.02099999999336],"BlockAlign":"Before","BorderColor":[0,0,0],"BorderStyle":"Solid","BorderThickness":[0.25,0.25,0.5,0.25],"ColIndex":0,"Height":32.125,"InlineAlign":"Start","RowIndex":4,"Width":286.375},"elementId":66},{"Bounds":[77.447998046875,260.0832061767578,187.0679931640625,269.5382385253906],"ClipBounds":[77.447998046875,260.0832061767578,187.0679931640625,269.5382385253906],"Font":{"alt_family_name":"Arial","embedded":true,"encoding":"WinAnsiEncoding","family_name":"Arial MT","font_type":"TrueType","italic":false,"monospaced":false,"name":"EUVJTF+ArialMT","subset":true,"weight":400},"HasClip":true,"Lang":"en","Page":0,"Path":"//Document/Sect[3]/Sect[3]/Table[2]/TR[5]/TD/P","Text":"Licensed Rubber Shoes ","TextSize":10.080001831054688,"attributes":{"LineHeight":12.125},"elementId":67},{"Bounds":[363.82000732421875,260.0832061767578,378.3000030517578,269.5382385253906],"ClipBounds":[363.82000732421875,260.0832061767578,378.3000030517578,269.5382385253906],"Page":0,"Path":"//Document/Sect[3]/Sect[3]/Table[2]/TR[5]/TD[2]","attributes":{"BBox":[357.58499999999185,243.8619999999937,414.22299999999814,276.02099999999336],"BlockAlign":"Before","BorderColor":[0,0,0],"BorderStyle":"Solid","BorderThickness":0.25,"ColIndex":1,"Height":32.125,"InlineAlign":"Start","RowIndex":4,"Width":56.625},"elementId":68},{"Bounds":[363.82000732421875,260.0832061767578,378.3000030517578,269.5382385253906],"ClipBounds":[363.82000732421875,260.0832061767578,378.3000030517578,269.5382385253906],"Font":{"alt_family_name":"Arial","embedded":true,"encoding":"WinAnsiEncoding","family_name":"Arial MT","font_type":"TrueType","italic":false,"monospaced":false,"name":"EUVJTF+ArialMT","subset":true,"weight":400},"HasClip":true,"Lang":"en","Page":0,"Path":"//Document/Sect[3]/Sect[3]/Table[2]/TR[5]/TD[2]/P","Text":"89 ","TextSize":10.080001831054688,"attributes":{"LineHeight":12.125},"elementId":69},{"Bounds":[420.3800048828125,260.0832061767578,434.86000061035156,269.5382385253906],"ClipBounds":[420.3800048828125,260.0832061767578,434.86000061035156,269.5382385253906],"Page":0,"Path":"//Document/Sect[3]/Sect[3]/Table[2]/TR[5]/TD[3]","attributes":{"BBox":[413.74299999998766,243.8619999999937,481.8999999999942,276.02099999999336],"BlockAlign":"Before","BorderColor":[0,0,0],"BorderStyle":"Solid","BorderThickness":0.25,"ColIndex":2,"Height":32.125,"InlineAlign":"Start","RowIndex":4,"Width":68.125},"elementId":70},{"Bounds":[420.3800048828125,260.0832061767578,434.86000061035156,269.5382385253906],"ClipBounds":[420.3800048828125,260.0832061767578,434.86000061035156,269.5382385253906],"Font":{"alt_family_name":"Arial","embedded":true,"encoding":"WinAnsiEncoding","family_name":"Arial MT","font_type":"TrueType","italic":false,"monospaced":false,"name":"EUVJTF+ArialMT","subset":true,"weight":400},"HasClip":true,"Lang":"en","Page":0,"Path":"//Document/Sect[3]/Sect[3]/Table[2]/TR[5]/TD[3]/P","Text":"75 ","TextSize":10.080001831054688,"attributes":{"LineHeight":12.125},"elementId":71},{"Bounds":[487.00999450683594,260.0832061767578,517.7280731201172,269.5382385253906],"ClipBounds":[487.00999450683594,260.0832061767578,517.7280731201172,269.5382385253906],"Page":0,"Path":"//Document/Sect[3]/Sect[3]/Table[2]/TR[5]/TD[4]","attributes":{"BBox":[481.41999999999825,243.8619999999937,541.417999999976,276.02099999999336],"BlockAlign":"Before","BorderColor":[0,0,0],"BorderStyle":"Solid","BorderThickness":[0.25,0.25,0.25,0.5],"ColIndex":3,"Height":32.125,"InlineAlign":"Start","RowIndex":4,"Width":60},"elementId":72},{"Bounds":[487.00999450683594,260.0832061767578,517.7280731201172,269.5382385253906],"ClipBounds":[487.00999450683594,260.0832061767578,517.7280731201172,269.5382385253906],"Font":{"alt_family_name":"Arial","embedded":true,"encoding":"WinAnsiEncoding","family_name":"Arial MT","font_type":"TrueType","italic":false,"monospaced":false,"name":"EUVJTF+ArialMT","subset":true,"weight":400},"HasClip":true,"Lang":"en","Page":0,"Path":"//Document/Sect[3]/Sect[3]/Table[2]/TR[5]/TD[4]/P","Text":"$6675 ","TextSize":10.080001831054688,"attributes":{"LineHeight":12.125},"elementId":73},{"Bounds":[77.447998046875,226.5832061767578,175.3751983642578,236.03823852539062],"ClipBounds":[77.447998046875,226.5832061767578,175.3751983642578,236.03823852539062],"Page":0,"Path":"//Document/Sect[3]/Sect[3]/Table[2]/TR[6]/TD","attributes":{"BBox":[71.5170999999973,209.30399999999645,358.0649999999878,244.34199999999691],"BlockAlign":"Middle","BorderColor":[0,0,0],"BorderStyle":"Solid","BorderThickness":[0.25,0.25,0.5,0.25],"ColIndex":0,"Height":35,"InlineAlign":"Start","RowIndex":5,"Width":286.375},"elementId":74},{"Bounds":[77.447998046875,226.5832061767578,175.3751983642578,236.03823852539062],"ClipBounds":[77.447998046875,226.5832061767578,175.3751983642578,236.03823852539062],"Font":{"alt_family_name":"Arial","embedded":true,"encoding":"WinAnsiEncoding","family_name":"Arial MT","font_type":"TrueType","italic":false,"monospaced":false,"name":"EUVJTF+ArialMT","subset":true,"weight":400},"HasClip":true,"Lang":"en","Page":0,"Path":"//Document/Sect[3]/Sect[3]/Table[2]/TR[6]/TD/P","Text":"Practical Fresh Salad ","TextSize":10.080001831054688,"attributes":{"LineHeight":12.125},"elementId":75},{"Bounds":[363.82000732421875,226.5832061767578,378.3000030517578,236.03823852539062],"ClipBounds":[363.82000732421875,226.5832061767578,378.3000030517578,236.03823852539062],"Page":0,"Path":"//Document/Sect[3]/Sect[3]/Table[2]/TR[6]/TD[2]","attributes":{"BBox":[357.58499999999185,209.30399999999645,414.22299999999814,244.34199999999691],"BlockAlign":"Middle","BorderColor":[0,0,0],"BorderStyle":"Solid","BorderThickness":0.25,"ColIndex":1,"Height":35,"InlineAlign":"Start","RowIndex":5,"Width":56.625},"elementId":76},{"Bounds":[363.82000732421875,226.5832061767578,378.3000030517578,236.03823852539062],"ClipBounds":[363.82000732421875,226.5832061767578,378.3000030517578,236.03823852539062],"Font":{"alt_family_name":"Arial","embedded":true,"encoding":"WinAnsiEncoding","family_name":"Arial MT","font_type":"TrueType","italic":false,"monospaced":false,"name":"EUVJTF+ArialMT","subset":true,"weight":400},"HasClip":true,"Lang":"en","Page":0,"Path":"//Document/Sect[3]/Sect[3]/Table[2]/TR[6]/TD[2]/P","Text":"62 ","TextSize":10.080001831054688,"attributes":{"LineHeight":12.125},"elementId":77},{"Bounds":[420.3800048828125,226.5832061767578,434.86000061035156,236.03823852539062],"ClipBounds":[420.3800048828125,226.5832061767578,434.86000061035156,236.03823852539062],"Page":0,"Path":"//Document/Sect[3]/Sect[3]/Table[2]/TR[6]/TD[3]","attributes":{"BBox":[413.74299999998766,209.30399999999645,481.8999999999942,244.34199999999691],"BlockAlign":"Middle","BorderColor":[0,0,0],"BorderStyle":"Solid","BorderThickness":0.25,"ColIndex":2,"Height":35,"InlineAlign":"Start","RowIndex":5,"Width":68.125},"elementId":78},{"Bounds":[420.3800048828125,226.5832061767578,434.86000061035156,236.03823852539062],"ClipBounds":[420.3800048828125,226.5832061767578,434.86000061035156,236.03823852539062],"Font":{"alt_family_name":"Arial","embedded":true,"encoding":"WinAnsiEncoding","family_name":"Arial MT","font_type":"TrueType","italic":false,"monospaced":false,"name":"EUVJTF+ArialMT","subset":true,"weight":400},"HasClip":true,"Lang":"en","Page":0,"Path":"//Document/Sect[3]/Sect[3]/Table[2]/TR[6]/TD[3]/P","Text":"28 ","TextSize":10.080001831054688,"attributes":{"LineHeight":12.125},"elementId":79},{"Bounds":[487.00999450683594,226.5832061767578,517.7280731201172,236.03823852539062],"ClipBounds":[487.00999450683594,226.5832061767578,517.7280731201172,236.03823852539062],"Page":0,"Path":"//Document/Sect[3]/Sect[3]/Table[2]/TR[6]/TD[4]","attributes":{"BBox":[481.41999999999825,209.30399999999645,541.417999999976,244.34199999999691],"BlockAlign":"Middle","BorderColor":[0,0,0],"BorderStyle":"Solid","BorderThickness":[0.25,0.25,0.25,0.5],"ColIndex":3,"Height":35,"InlineAlign":"Start","RowIndex":5,"Width":60},"elementId":80},{"Bounds":[487.00999450683594,226.5832061767578,517.7280731201172,236.03823852539062],"ClipBounds":[487.00999450683594,226.5832061767578,517.7280731201172,236.03823852539062],"Font":{"alt_family_name":"Arial","embedded":true,"encoding":"WinAnsiEncoding","family_name":"Arial MT","font_type":"TrueType","italic":false,"monospaced":false,"name":"EUVJTF+ArialMT","subset":true,"weight":400},"HasClip":true,"Lang":"en","Page":0,"Path":"//Document/Sect[3]/Sect[3]/Table[2]/TR[6]/TD[4]/P","Text":"$1736 ","TextSize":10.080001831054688,"attributes":{"LineHeight":12.125},"elementId":81},{"Bounds":[77.447998046875,193.0731964111328,181.73561096191406,202.5282440185547],"ClipBounds":[77.447998046875,193.0731964111328,181.73561096191406,202.5282440185547],"Page":0,"Path":"//Document/Sect[3]/Sect[3]/Table[2]/TR[7]/TD","attributes":{"BBox":[71.5170999999973,176.18499999999767,358.0649999999878,209.78399999999965],"BlockAlign":"Before","BorderColor":[0,0,0],"BorderStyle":"Solid","BorderThickness":[0.25,0.25,0.5,0.25],"ColIndex":0,"Height":33.625,"InlineAlign":"Start","RowIndex":6,"Width":286.375},"elementId":82},{"Bounds":[77.447998046875,193.0731964111328,181.73561096191406,202.5282440185547],"ClipBounds":[77.447998046875,193.0731964111328,181.73561096191406,202.5282440185547],"Font":{"alt_family_name":"Arial","embedded":true,"encoding":"WinAnsiEncoding","family_name":"Arial MT","font_type":"TrueType","italic":false,"monospaced":false,"name":"EUVJTF+ArialMT","subset":true,"weight":400},"HasClip":true,"Lang":"en","Page":0,"Path":"//Document/Sect[3]/Sect[3]/Table[2]/TR[7]/TD/P","Text":"Fantastic Frozen Chair ","TextSize":10.080001831054688,"attributes":{"LineHeight":12.125},"elementId":83},{"Bounds":[363.82000732421875,193.0731964111328,383.3751983642578,202.5282440185547],"ClipBounds":[363.82000732421875,193.0731964111328,383.3751983642578,202.5282440185547],"Page":0,"Path":"//Document/Sect[3]/Sect[3]/Table[2]/TR[7]/TD[2]","attributes":{"BBox":[357.58499999999185,176.18499999999767,414.22299999999814,209.78399999999965],"BlockAlign":"Before","BorderColor":[0,0,0],"BorderStyle":"Solid","BorderThickness":0.25,"ColIndex":1,"Height":33.625,"InlineAlign":"Start","RowIndex":6,"Width":56.625},"elementId":84},{"Bounds":[363.82000732421875,193.0731964111328,383.3751983642578,202.5282440185547],"ClipBounds":[363.82000732421875,193.0731964111328,383.3751983642578,202.5282440185547],"Font":{"alt_family_name":"Arial","embedded":true,"encoding":"WinAnsiEncoding","family_name":"Arial MT","font_type":"TrueType","italic":false,"monospaced":false,"name":"EUVJTF+ArialMT","subset":true,"weight":400},"HasClip":true,"Lang":"en","Page":0,"Path":"//Document/Sect[3]/Sect[3]/Table[2]/TR[7]/TD[2]/P","Text":"119 ","TextSize":10.080001831054688,"attributes":{"LineHeight":12.125},"elementId":85},{"Bounds":[420.3800048828125,193.0731964111328,434.86000061035156,202.5282440185547],"ClipBounds":[420.3800048828125,193.0731964111328,434.86000061035156,202.5282440185547],"Page":0,"Path":"//Document/Sect[3]/Sect[3]/Table[2]/TR[7]/TD[3]","attributes":{"BBox":[413.74299999998766,176.18499999999767,481.8999999999942,209.78399999999965],"BlockAlign":"Before","BorderColor":[0,0,0],"BorderStyle":"Solid","BorderThickness":0.25,"ColIndex":2,"Height":33.625,"InlineAlign":"Start","RowIndex":6,"Width":68.125},"elementId":86},{"Bounds":[420.3800048828125,193.0731964111328,434.86000061035156,202.5282440185547],"ClipBounds":[420.3800048828125,193.0731964111328,434.86000061035156,202.5282440185547],"Font":{"alt_family_name":"Arial","embedded":true,"encoding":"WinAnsiEncoding","family_name":"Arial MT","font_type":"TrueType","italic":false,"monospaced":false,"name":"EUVJTF+ArialMT","subset":true,"weight":400},"HasClip":true,"Lang":"en","Page":0,"Path":"//Document/Sect[3]/Sect[3]/Table[2]/TR[7]/TD[3]/P","Text":"33 ","TextSize":10.080001831054688,"attributes":{"LineHeight":12.125},"elementId":87},{"Bounds":[487.00999450683594,193.0731964111328,517.7280731201172,202.5282440185547],"ClipBounds":[487.00999450683594,193.0731964111328,517.7280731201172,202.5282440185547],"Page":0,"Path":"//Document/Sect[3]/Sect[3]/Table[2]/TR[7]/TD[4]","attributes":{"BBox":[481.41999999999825,176.18499999999767,541.417999999976,209.78399999999965],"BlockAlign":"Before","BorderColor":[0,0,0],"BorderStyle":"Solid","BorderThickness":[0.25,0.25,0.25,0.5],"ColIndex":3,"Height":33.625,"InlineAlign":"Start","RowIndex":6,"Width":60},"elementId":88},{"Bounds":[487.00999450683594,193.0731964111328,517.7280731201172,202.5282440185547],"ClipBounds":[487.00999450683594,193.0731964111328,517.7280731201172,202.5282440185547],"Font":{"alt_family_name":"Arial","embedded":true,"encoding":"WinAnsiEncoding","family_name":"Arial MT","font_type":"TrueType","italic":false,"monospaced":false,"name":"EUVJTF+ArialMT","subset":true,"weight":400},"HasClip":true,"Lang":"en","Page":0,"Path":"//Document/Sect[3]/Sect[3]/Table[2]/TR[7]/TD[4]/P","Text":"$3927 ","TextSize":10.080001831054688,"attributes":{"LineHeight":12.125},"elementId":89},{"Bounds":[77.447998046875,159.59320068359375,187.61231994628906,169.04823303222656],"ClipBounds":[77.447998046875,159.59320068359375,187.61231994628906,169.04823303222656],"Page":0,"Path":"//Document/Sect[3]/Sect[3]/Table[2]/TR[8]/TD","attributes":{"BBox":[71.5170999999973,143.0659999999989,358.0649999999878,176.6649999999936],"BlockAlign":"Before","BorderColor":[0,0,0],"BorderStyle":"Solid","BorderThickness":[0.25,0.25,0.5,0.25],"ColIndex":0,"Height":33.625,"InlineAlign":"Start","RowIndex":7,"Width":286.375},"elementId":90},{"Bounds":[77.447998046875,159.59320068359375,187.61231994628906,169.04823303222656],"ClipBounds":[77.447998046875,159.59320068359375,187.61231994628906,169.04823303222656],"Font":{"alt_family_name":"Arial","embedded":true,"encoding":"WinAnsiEncoding","family_name":"Arial MT","font_type":"TrueType","italic":false,"monospaced":false,"name":"EUVJTF+ArialMT","subset":true,"weight":400},"HasClip":true,"Lang":"en","Page":0,"Path":"//Document/Sect[3]/Sect[3]/Table[2]/TR[8]/TD/P","Text":"Awesome Plastic Bacon ","TextSize":10.080001831054688,"attributes":{"LineHeight":12.125},"elementId":91},{"Bounds":[363.82000732421875,159.59320068359375,378.3000030517578,169.04823303222656],"ClipBounds":[363.82000732421875,159.59320068359375,378.3000030517578,169.04823303222656],"Page":0,"Path":"//Document/Sect[3]/Sect[3]/Table[2]/TR[8]/TD[2]","attributes":{"BBox":[357.58499999999185,143.0659999999989,414.22299999999814,176.6649999999936],"BlockAlign":"Before","BorderColor":[0,0,0],"BorderStyle":"Solid","BorderThickness":0.25,"ColIndex":1,"Height":33.625,"InlineAlign":"Start","RowIndex":7,"Width":56.625},"elementId":92},{"Bounds":[363.82000732421875,159.59320068359375,378.3000030517578,169.04823303222656],"ClipBounds":[363.82000732421875,159.59320068359375,378.3000030517578,169.04823303222656],"Font":{"alt_family_name":"Arial","embedded":true,"encoding":"WinAnsiEncoding","family_name":"Arial MT","font_type":"TrueType","italic":false,"monospaced":false,"name":"EUVJTF+ArialMT","subset":true,"weight":400},"HasClip":true,"Lang":"en","Page":0,"Path":"//Document/Sect[3]/Sect[3]/Table[2]/TR[8]/TD[2]/P","Text":"93 ","TextSize":10.080001831054688,"attributes":{"LineHeight":12.125},"elementId":93},{"Bounds":[420.3800048828125,159.59320068359375,434.86000061035156,169.04823303222656],"ClipBounds":[420.3800048828125,159.59320068359375,434.86000061035156,169.04823303222656],"Page":0,"Path":"//Document/Sect[3]/Sect[3]/Table[2]/TR[8]/TD[3]","attributes":{"BBox":[413.74299999998766,143.0659999999989,481.8999999999942,176.6649999999936],"BlockAlign":"Before","BorderColor":[0,0,0],"BorderStyle":"Solid","BorderThickness":0.25,"ColIndex":2,"Height":33.625,"InlineAlign":"Start","RowIndex":7,"Width":68.125},"elementId":94},{"Bounds":[420.3800048828125,159.59320068359375,434.86000061035156,169.04823303222656],"ClipBounds":[420.3800048828125,159.59320068359375,434.86000061035156,169.04823303222656],"Font":{"alt_family_name":"Arial","embedded":true,"encoding":"WinAnsiEncoding","family_name":"Arial MT","font_type":"TrueType","italic":false,"monospaced":false,"name":"EUVJTF+ArialMT","subset":true,"weight":400},"HasClip":true,"Lang":"en","Page":0,"Path":"//Document/Sect[3]/Sect[3]/Table[2]/TR[8]/TD[3]/P","Text":"52 ","TextSize":10.080001831054688,"attributes":{"LineHeight":12.125},"elementId":95},{"Bounds":[487.00999450683594,159.59320068359375,517.7280731201172,169.04823303222656],"ClipBounds":[487.00999450683594,159.59320068359375,517.7280731201172,169.04823303222656],"Page":0,"Path":"//Document/Sect[3]/Sect[3]/Table[2]/TR[8]/TD[4]","attributes":{"BBox":[481.41999999999825,143.0659999999989,541.417999999976,176.6649999999936],"BlockAlign":"Before","BorderColor":[0,0,0],"BorderStyle":"Solid","BorderThickness":[0.25,0.25,0.25,0.5],"ColIndex":3,"Height":33.625,"InlineAlign":"Start","RowIndex":7,"Width":60},"elementId":96},{"Bounds":[487.00999450683594,159.59320068359375,517.7280731201172,169.04823303222656],"ClipBounds":[487.00999450683594,159.59320068359375,517.7280731201172,169.04823303222656],"Font":{"alt_family_name":"Arial","embedded":true,"encoding":"WinAnsiEncoding","family_name":"Arial MT","font_type":"TrueType","italic":false,"monospaced":false,"name":"EUVJTF+ArialMT","subset":true,"weight":400},"HasClip":true,"Lang":"en","Page":0,"Path":"//Document/Sect[3]/Sect[3]/Table[2]/TR[8]/TD[4]/P","Text":"$4836 ","TextSize":10.080001831054688,"attributes":{"LineHeight":12.125},"elementId":97},{"Bounds":[77.447998046875,126.09320068359375,172.5023956298828,135.54823303222656],"ClipBounds":[77.447998046875,126.09320068359375,172.5023956298828,135.54823303222656],"Page":0,"Path":"//Document/Sect[3]/Sect[3]/Table[2]/TR[9]/TD","attributes":{"BBox":[71.5170999999973,108.14799999999741,358.0649999999878,143.54599999999482],"BlockAlign":"Before","BorderColor":[0,0,0],"BorderStyle":"Solid","BorderThickness":[0.25,0.625,0.5,0.25],"ColIndex":0,"Height":35.375,"InlineAlign":"Start","RowIndex":8,"Width":286.375},"elementId":98},{"Bounds":[77.447998046875,126.09320068359375,172.5023956298828,135.54823303222656],"ClipBounds":[77.447998046875,126.09320068359375,172.5023956298828,135.54823303222656],"Font":{"alt_family_name":"Arial","embedded":true,"encoding":"WinAnsiEncoding","family_name":"Arial MT","font_type":"TrueType","italic":false,"monospaced":false,"name":"EUVJTF+ArialMT","subset":true,"weight":400},"HasClip":true,"Lang":"en","Page":0,"Path":"//Document/Sect[3]/Sect[3]/Table[2]/TR[9]/TD/P","Text":"Incredible Metal Fish ","TextSize":10.080001831054688,"attributes":{"LineHeight":12.125},"elementId":99},{"Bounds":[363.82000732421875,126.09320068359375,378.3000030517578,135.54823303222656],"ClipBounds":[363.82000732421875,126.09320068359375,378.3000030517578,135.54823303222656],"Page":0,"Path":"//Document/Sect[3]/Sect[3]/Table[2]/TR[9]/TD[2]","attributes":{"BBox":[357.58499999999185,108.14799999999741,414.22299999999814,143.54599999999482],"BlockAlign":"Before","BorderColor":[0,0,0],"BorderStyle":"Solid","BorderThickness":[0.25,0.625,0.25,0.25],"ColIndex":1,"Height":35.375,"InlineAlign":"Start","RowIndex":8,"Width":56.625},"elementId":100},{"Bounds":[363.82000732421875,126.09320068359375,378.3000030517578,135.54823303222656],"ClipBounds":[363.82000732421875,126.09320068359375,378.3000030517578,135.54823303222656],"Font":{"alt_family_name":"Arial","embedded":true,"encoding":"WinAnsiEncoding","family_name":"Arial MT","font_type":"TrueType","italic":false,"monospaced":false,"name":"EUVJTF+ArialMT","subset":true,"weight":400},"HasClip":true,"Lang":"en","Page":0,"Path":"//Document/Sect[3]/Sect[3]/Table[2]/TR[9]/TD[2]/P","Text":"55 ","TextSize":10.080001831054688,"attributes":{"LineHeight":12.125},"elementId":101},{"Bounds":[420.3800048828125,126.09320068359375,434.86000061035156,135.54823303222656],"ClipBounds":[420.3800048828125,126.09320068359375,434.86000061035156,135.54823303222656],"Page":0,"Path":"//Document/Sect[3]/Sect[3]/Table[2]/TR[9]/TD[3]","attributes":{"BBox":[413.74299999998766,108.14799999999741,481.8999999999942,143.54599999999482],"BlockAlign":"Before","BorderColor":[0,0,0],"BorderStyle":"Solid","BorderThickness":[0.25,0.625,0.25,0.25],"ColIndex":2,"Height":35.375,"InlineAlign":"Start","RowIndex":8,"Width":68.125},"elementId":102},{"Bounds":[420.3800048828125,126.09320068359375,434.86000061035156,135.54823303222656],"ClipBounds":[420.3800048828125,126.09320068359375,434.86000061035156,135.54823303222656],"Font":{"alt_family_name":"Arial","embedded":true,"encoding":"WinAnsiEncoding","family_name":"Arial MT","font_type":"TrueType","italic":false,"monospaced":false,"name":"EUVJTF+ArialMT","subset":true,"weight":400},"HasClip":true,"Lang":"en","Page":0,"Path":"//Document/Sect[3]/Sect[3]/Table[2]/TR[9]/TD[3]/P","Text":"49 ","TextSize":10.080001831054688,"attributes":{"LineHeight":12.125},"elementId":103},{"Bounds":[487.00999450683594,126.09320068359375,517.7280731201172,135.54823303222656],"ClipBounds":[487.00999450683594,126.09320068359375,517.7280731201172,135.54823303222656],"Page":0,"Path":"//Document/Sect[3]/Sect[3]/Table[2]/TR[9]/TD[4]","attributes":{"BBox":[481.41999999999825,108.14799999999741,541.417999999976,143.54599999999482],"BlockAlign":"Before","BorderColor":[0,0,0],"BorderStyle":"Solid","BorderThickness":[0.25,0.625,0.25,0.5],"ColIndex":3,"Height":35.375,"InlineAlign":"Start","RowIndex":8,"Width":60},"elementId":104},{"Bounds":[487.00999450683594,126.09320068359375,517.7280731201172,135.54823303222656],"ClipBounds":[487.00999450683594,126.09320068359375,517.7280731201172,135.54823303222656],"Font":{"alt_family_name":"Arial","embedded":true,"encoding":"WinAnsiEncoding","family_name":"Arial MT","font_type":"TrueType","italic":false,"monospaced":false,"name":"EUVJTF+ArialMT","subset":true,"weight":400},"HasClip":true,"Lang":"en","Page":0,"Path":"//Document/Sect[3]/Sect[3]/Table[2]/TR[9]/TD[4]/P","Text":"$2695 ","TextSize":10.080001831054688,"attributes":{"LineHeight":12.125},"elementId":105},{"Bounds":[77.447998046875,650.1331939697266,522.3792724609375,693.0882415771484],"ClipBounds":[77.447998046875,650.1331939697266,522.3792724609375,693.0882415771484],"Page":1,"Path":"//Document/Sect[3]/Sect[3]/Table[3]","attributes":{"BBox":[77.03689999999915,652.2059999999765,519.8189999999886,691.4439999999886],"NumCol":2,"NumRow":2,"Placement":"Block","SpaceAfter":11.25},"filePaths":["tables/fileoutpart4.xlsx","tables/fileoutpart5.png"],"elementId":106},{"Bounds":[77.447998046875,683.6331939697266,120.4593505859375,693.0882415771484],"ClipBounds":[77.447998046875,683.6331939697266,120.4593505859375,693.0882415771484],"Page":1,"Path":"//Document/Sect[3]/Sect[3]/Table[3]/TR/TD","attributes":{"BBox":[77.03689999999915,666.7249999999767,479.5,691.4439999999886],"BlockAlign":"Before","ColIndex":0,"Height":24.75,"InlineAlign":"Start","RowIndex":0,"Width":402.5},"elementId":107},{"Bounds":[77.447998046875,683.6331939697266,120.4593505859375,693.0882415771484],"ClipBounds":[77.447998046875,683.6331939697266,120.4593505859375,693.0882415771484],"Font":{"alt_family_name":"Arial","embedded":true,"encoding":"WinAnsiEncoding","family_name":"Arial","font_type":"TrueType","italic":false,"monospaced":false,"name":"USXBJZ+Arial-BoldMT","subset":true,"weight":700},"HasClip":true,"Lang":"en","Page":1,"Path":"//Document/Sect[3]/Sect[3]/Table[3]/TR/TD/P","Text":"Subtotal ","TextSize":10.080001831054688,"attributes":{"LineHeight":12.125},"elementId":108},{"Bounds":[485.92999267578125,683.6331939697266,522.3792724609375,693.0882415771484],"ClipBounds":[485.92999267578125,683.6331939697266,522.3792724609375,693.0882415771484],"Page":1,"Path":"//Document/Sect[3]/Sect[3]/Table[3]/TR/TD[2]","attributes":{"BBox":[479.5,666.7249999999767,519.8189999999886,691.4439999999886],"BlockAlign":"Before","ColIndex":1,"Height":24.75,"InlineAlign":"Start","RowIndex":0,"Width":40.375},"elementId":109},{"Bounds":[485.92999267578125,683.6331939697266,522.3792724609375,693.0882415771484],"ClipBounds":[485.92999267578125,683.6331939697266,522.3792724609375,693.0882415771484],"Font":{"alt_family_name":"Arial","embedded":true,"encoding":"WinAnsiEncoding","family_name":"Arial MT","font_type":"TrueType","italic":false,"monospaced":false,"name":"EUVJTF+ArialMT","subset":true,"weight":400},"HasClip":true,"Lang":"en","Page":1,"Path":"//Document/Sect[3]/Sect[3]/Table[3]/TR/TD[2]/P","Text":"$32379 ","TextSize":10.080001831054688,"attributes":{"LineHeight":12.125},"elementId":110},{"Bounds":[77.447998046875,650.1331939697266,109.73143005371094,659.5882415771484],"ClipBounds":[77.447998046875,650.1331939697266,109.73143005371094,659.5882415771484],"Page":1,"Path":"//Document/Sect[3]/Sect[3]/Table[3]/TR[2]/TD","attributes":{"BBox":[77.03689999999915,652.2059999999765,479.5,666.7249999999767],"BlockAlign":"After","ColIndex":0,"Height":14.5,"InlineAlign":"Start","RowIndex":1,"Width":402.5},"elementId":111},{"Bounds":[77.447998046875,650.1331939697266,109.73143005371094,659.5882415771484],"ClipBounds":[77.447998046875,650.1331939697266,109.73143005371094,659.5882415771484],"Font":{"alt_family_name":"Arial","embedded":true,"encoding":"WinAnsiEncoding","family_name":"Arial","font_type":"TrueType","italic":false,"monospaced":false,"name":"USXBJZ+Arial-BoldMT","subset":true,"weight":700},"HasClip":true,"Lang":"en","Page":1,"Path":"//Document/Sect[3]/Sect[3]/Table[3]/TR[2]/TD/P","Text":"Tax % ","TextSize":10.080001831054688,"attributes":{"LineHeight":12.125},"elementId":112},{"Bounds":[485.92999267578125,650.1331939697266,500.4100036621094,659.5882415771484],"ClipBounds":[485.92999267578125,650.1331939697266,500.4100036621094,659.5882415771484],"Page":1,"Path":"//Document/Sect[3]/Sect[3]/Table[3]/TR[2]/TD[2]","attributes":{"BBox":[479.5,652.2059999999765,519.8189999999886,666.7249999999767],"BlockAlign":"After","ColIndex":1,"Height":14.5,"InlineAlign":"Start","RowIndex":1,"Width":40.375},"elementId":113},{"Bounds":[485.92999267578125,650.1331939697266,500.4100036621094,659.5882415771484],"ClipBounds":[485.92999267578125,650.1331939697266,500.4100036621094,659.5882415771484],"Font":{"alt_family_name":"Arial","embedded":true,"encoding":"WinAnsiEncoding","family_name":"Arial MT","font_type":"TrueType","italic":false,"monospaced":false,"name":"EUVJTF+ArialMT","subset":true,"weight":400},"HasClip":true,"Lang":"en","Page":1,"Path":"//Document/Sect[3]/Sect[3]/Table[3]/TR[2]/TD[2]/P","Text":"10 ","TextSize":10.080001831054688,"attributes":{"LineHeight":12.125},"elementId":114},{"Bounds":[77.447998046875,552.523193359375,126.14447021484375,561.9782409667969],"ClipBounds":[77.447998046875,552.523193359375,126.14447021484375,561.9782409667969],"Font":{"alt_family_name":"Arial","embedded":true,"encoding":"WinAnsiEncoding","family_name":"Arial","font_type":"TrueType","italic":false,"monospaced":false,"name":"USXBJZ+Arial-BoldMT","subset":true,"weight":700},"HasClip":true,"Lang":"en","Page":1,"Path":"//Document/Sect[4]/H1","Text":"Total Due ","TextSize":10.080001831054688,"attributes":{"SpaceAfter":9},"elementId":115},{"Bounds":[485.92999267578125,550.2299957275391,526.1329956054688,558.6719970703125],"ClipBounds":[485.92999267578125,550.2299957275391,526.1329956054688,558.6719970703125],"Font":{"alt_family_name":"Arial","embedded":true,"encoding":"WinAnsiEncoding","family_name":"Arial MT","font_type":"TrueType","italic":false,"monospaced":false,"name":"EUVJTF+ArialMT","subset":true,"weight":400},"HasClip":true,"Lang":"en","Page":1,"Path":"//Document/Sect[4]/P","Text":"$35616.9 ","TextSize":9,"attributes":{"LineHeight":10.75,"TextAlign":"End"},"elementId":116}],"pages":[{"boxes":{"CropBox":[0,0,612,792],"MediaBox":[0,0,612,792]},"height":792,"is_scanned":false,"page_number":0,"rotation":0,"width":612},{"boxes":{"CropBox":[0,0,612,792],"MediaBox":[0,0,612,792]},"height":792,"is_scanned":false,"page_number":1,"rotation":0,"width":612}]}