{"version": {"json_export": "187", "page_segmentation": "5", "schema": "1.1.0", "structure": "1.1036.0", "table_structure": "5"}, "extended_metadata": {"ID_instance": "17 08 65 4F 3B B7 B2 11 0A 00 67 45 8B 6B C6 23 ", "ID_permanent": "37 32 20 34 37 20 36 32 20 34 46 20 33 42 20 42 37 20 42 32 20 31 31 20 30 41 20 30 30 20 36 37 20 34 35 20 38 42 20 36 42 20 43 36 20 32 33 20 ", "pdf_version": "1.6", "pdfa_compliance_level": "", "is_encrypted": false, "has_acroform": false, "is_digitally_signed": false, "pdfua_compliance_level": "", "page_count": 2, "has_embedded_files": false, "is_certified": false, "is_XFA": false, "language": "en-US"}, "elements": [{"Bounds": [76.72799682617188, 734.4232025146484, 171.43968200683594, 743.8782348632812], "ClipBounds": [76.72799682617188, 734.4232025146484, 171.43968200683594, 743.8782348632812], "Font": {"alt_family_name": "Arial", "embedded": true, "encoding": "WinAnsiEncoding", "family_name": "Arial", "font_type": "TrueType", "italic": false, "monospaced": false, "name": "FHVUAT+Arial-BoldMT", "subset": true, "weight": 700}, "HasClip": true, "Page": 0, "Path": "//Document/Sect/P/Sub", "Text": "NearBy Electronics ", "TextSize": 10.080001831054688, "attributes": {"Placement": "Block"}}, {"Bounds": [76.72799682617188, 721.1031951904297, 214.52447509765625, 730.5582427978516], "ClipBounds": [76.72799682617188, 721.1031951904297, 214.52447509765625, 730.5582427978516], "Font": {"alt_family_name": "Arial", "embedded": true, "encoding": "WinAnsiEncoding", "family_name": "Arial MT", "font_type": "TrueType", "italic": false, "monospaced": false, "name": "RHSJMV+ArialMT", "subset": true, "weight": 400}, "HasClip": true, "Page": 0, "Path": "//Document/Sect/P/Sub[2]", "Text": "3741 Glory Road, Jamestown, ", "TextSize": 10.080001831054688, "attributes": {"Placement": "Block"}}, {"Bounds": [76.72799682617188, 708.1132049560547, 155.30166625976562, 717.5682373046875], "ClipBounds": [76.72799682617188, 708.1132049560547, 155.30166625976562, 717.5682373046875], "Font": {"alt_family_name": "Arial", "embedded": true, "encoding": "WinAnsiEncoding", "family_name": "Arial MT", "font_type": "TrueType", "italic": false, "monospaced": false, "name": "RHSJMV+ArialMT", "subset": true, "weight": 400}, "HasClip": true, "Page": 0, "Path": "//Document/Sect/P/Sub[3]", "Text": "Tennessee, USA ", "TextSize": 10.080001831054688, "attributes": {"Placement": "Block"}}, {"Bounds": [76.72799682617188, 694.7931976318359, 107.43167114257812, 704.2482452392578], "ClipBounds": [76.72799682617188, 694.7931976318359, 107.43167114257812, 704.2482452392578], "Font": {"alt_family_name": "Arial", "embedded": true, "encoding": "WinAnsiEncoding", "family_name": "Arial MT", "font_type": "TrueType", "italic": false, "monospaced": false, "name": "RHSJMV+ArialMT", "subset": true, "weight": 400}, "HasClip": true, "Page": 0, "Path": "//Document/Sect/P/Sub[4]", "Text": "38556 ", "TextSize": 10.080001831054688, "attributes": {"Placement": "Block"}}, {"Bounds": [393.0, 721.1031951904297, 543.1788787841797, 730.5582427978516], "ClipBounds": [393.0, 721.1031951904297, 543.1788787841797, 730.5582427978516], "Font": {"alt_family_name": "Arial", "embedded": true, "encoding": "WinAnsiEncoding", "family_name": "Arial", "font_type": "TrueType", "italic": false, "monospaced": false, "name": "FHVUAT+Arial-BoldMT", "subset": true, "weight": 700}, "HasClip": true, "Page": 0, "Path": "//Document/Sect/P[2]/Sub", "Text": "Invoice# NL90RAIU1648063002 ", "TextSize": 10.080001831054688, "attributes": {"Placement": "Block"}}, {"Bounds": [491.3300018310547, 708.1132049560547, 543.2117614746094, 717.5682373046875], "ClipBounds": [491.3300018310547, 708.1132049560547, 543.2117614746094, 717.5682373046875], "Font": {"alt_family_name": "Arial", "embedded": true, "encoding": "WinAnsiEncoding", "family_name": "Arial", "font_type": "TrueType", "italic": false, "monospaced": false, "name": "FHVUAT+Arial-BoldMT", "subset": true, "weight": 700}, "HasClip": true, "Page": 0, "Path": "//Document/Sect/P[2]/Sub[2]", "Text": "Issue date ", "TextSize": 10.080001831054688, "attributes": {"Placement": "Block"}}, {"Bounds": [489.1699981689453, 694.7931976318359, 543.3080749511719, 704.2482452392578], "ClipBounds": [489.1699981689453, 694.7931976318359, 543.3080749511719, 704.2482452392578], "Font": {"alt_family_name": "Arial", "embedded": true, "encoding": "WinAnsiEncoding", "family_name": "Arial MT", "font_type": "TrueType", "italic": false, "monospaced": false, "name": "RHSJMV+ArialMT", "subset": true, "weight": 400}, "HasClip": true, "Page": 0, "Path": "//Document/Sect/P[2]/Sub[3]", "Text": "12-05-2023 ", "TextSize": 10.080001831054688, "attributes": {"Placement": "Block"}}, {"Bounds": [76.72799682617188, 649.9085540771484, 295.7052459716797, 673.2309875488281], "ClipBounds": [76.72799682617188, 649.9085540771484, 295.7052459716797, 673.2309875488281], "Font": {"alt_family_name": "Arial", "embedded": true, "encoding": "WinAnsiEncoding", "family_name": "Arial MT", "font_type": "TrueType", "italic": false, "monospaced": false, "name": "RHSJMV+ArialMT", "subset": true, "weight": 400}, "HasClip": true, "Lang": "en", "Page": 0, "Path": "//Document/Sect/Title", "Text": "NearBy Electronics ", "TextSize": 24.863998413085938, "attributes": {"LineHeight": 29.875}}, {"Bounds": [76.72799682617188, 633.9331970214844, 460.8868713378906, 643.3882446289062], "ClipBounds": [76.72799682617188, 633.9331970214844, 460.8868713378906, 643.3882446289062], "Font": {"alt_family_name": "Arial", "embedded": true, "encoding": "WinAnsiEncoding", "family_name": "Arial MT", "font_type": "TrueType", "italic": false, "monospaced": false, "name": "RHSJMV+ArialMT", "subset": true, "weight": 400}, "HasClip": true, "Lang": "en", "Page": 0, "Path": "//Document/Sect/P[3]", "Text": "We are here to serve you better. Reach out to us in case of any concern or feedbacks. ", "TextSize": 10.080001831054688, "attributes": {"SpaceAfter": 18}}, {"Bounds": [81.04800415039062, 580.9832000732422, 122.99087524414062, 590.438232421875], "ClipBounds": [81.04800415039062, 580.9832000732422, 122.99087524414062, 590.438232421875], "Font": {"alt_family_name": "Arial", "embedded": true, "encoding": "WinAnsiEncoding", "family_name": "Arial", "font_type": "TrueType", "italic": false, "monospaced": false, "name": "FHVUAT+Arial-BoldMT", "subset": true, "weight": 700}, "HasClip": true, "Lang": "en", "Page": 0, "Path": "//Document/Sect/P[4]", "Text": "BILL TO ", "TextSize": 10.080001831054688}, {"Bounds": [81.04800415039062, 567.6631927490234, 147.9791259765625, 577.1182403564453], "ClipBounds": [81.04800415039062, 567.6631927490234, 147.9791259765625, 577.1182403564453], "Font": {"alt_family_name": "Arial", "embedded": true, "encoding": "WinAnsiEncoding", "family_name": "Arial MT", "font_type": "TrueType", "italic": false, "monospaced": false, "name": "RHSJMV+ArialMT", "subset": true, "weight": 400}, "HasClip": true, "Page": 0, "Path": "//Document/Sect/P[5]/Sub", "Text": "Jill Schowalter ", "TextSize": 10.080001831054688, "attributes": {"Placement": "Block"}}, {"Bounds": [81.04800415039062, 554.6831970214844, 203.37879943847656, 564.1382446289062], "ClipBounds": [81.04800415039062, 554.6831970214844, 203.37879943847656, 564.1382446289062], "Font": {"alt_family_name": "Arial", "embedded": true, "encoding": "WinAnsiEncoding", "family_name": "Arial MT", "font_type": "TrueType", "italic": false, "monospaced": false, "name": "RHSJMV+ArialMT", "subset": true, "weight": 400}, "HasClip": true, "Page": 0, "Path": "//Document/Sect/P[5]/Sub[2]", "Text": "Jill.Schowalter@gmail.com ", "TextSize": 10.080001831054688, "attributes": {"Placement": "Block"}}, {"Bounds": [81.04800415039062, 541.3632049560547, 146.34808349609375, 550.8182373046875], "ClipBounds": [81.04800415039062, 541.3632049560547, 146.34808349609375, 550.8182373046875], "Font": {"alt_family_name": "Arial", "embedded": true, "encoding": "WinAnsiEncoding", "family_name": "Arial MT", "font_type": "TrueType", "italic": false, "monospaced": false, "name": "RHSJMV+ArialMT", "subset": true, "weight": 400}, "HasClip": true, "Page": 0, "Path": "//Document/Sect/P[5]/Sub[3]", "Text": "222-254-5978 ", "TextSize": 10.080001831054688, "attributes": {"Placement": "Block"}}, {"Bounds": [81.04800415039062, 528.0431976318359, 184.18655395507812, 537.4982452392578], "ClipBounds": [81.04800415039062, 528.0431976318359, 184.18655395507812, 537.4982452392578], "Font": {"alt_family_name": "Arial", "embedded": true, "encoding": "WinAnsiEncoding", "family_name": "Arial MT", "font_type": "TrueType", "italic": false, "monospaced": false, "name": "RHSJMV+ArialMT", "subset": true, "weight": 400}, "HasClip": true, "Page": 0, "Path": "//Document/Sect/P[5]/Sub[4]", "Text": "68910 Ahmad Centers ", "TextSize": 10.080001831054688, "attributes": {"Placement": "Block"}}, {"Bounds": [81.04800415039062, 514.7232055664062, 125.04719543457031, 524.1782379150391], "ClipBounds": [81.04800415039062, 514.7232055664062, 125.04719543457031, 524.1782379150391], "Font": {"alt_family_name": "Arial", "embedded": true, "encoding": "WinAnsiEncoding", "family_name": "Arial MT", "font_type": "TrueType", "italic": false, "monospaced": false, "name": "RHSJMV+ArialMT", "subset": true, "weight": 400}, "HasClip": true, "Page": 0, "Path": "//Document/Sect/P[5]/Sub[5]", "Text": "Vilaplana ", "TextSize": 10.080001831054688, "attributes": {"Placement": "Block"}}, {"Bounds": [240.25999450683594, 528.0431976318359, 370.5439910888672, 590.438232421875], "ClipBounds": [240.25999450683594, 528.0431976318359, 370.5439910888672, 590.438232421875], "Font": {"alt_family_name": "Arial", "embedded": true, "encoding": "WinAnsiEncoding", "family_name": "Arial MT", "font_type": "TrueType", "italic": false, "monospaced": false, "name": "RHSJMV+ArialMT", "subset": true, "weight": 400}, "HasClip": true, "Lang": "pt", "Page": 0, "Path": "//Document/Sect/P[6]", "Text": "DETAILS veniam occaecat sunt dolore esse cillum exercitation fugiat esse aliquip amet ea ipsum ", "TextSize": 10.080001831054688}, {"Bounds": [412.8000030517578, 580.9832000732422, 464.58103942871094, 590.438232421875], "ClipBounds": [412.8000030517578, 580.9832000732422, 464.58103942871094, 590.438232421875], "Font": {"alt_family_name": "Arial", "embedded": true, "encoding": "WinAnsiEncoding", "family_name": "Arial", "font_type": "TrueType", "italic": false, "monospaced": false, "name": "FHVUAT+Arial-BoldMT", "subset": true, "weight": 700}, "HasClip": true, "Lang": "en", "Page": 0, "Path": "//Document/Sect/P[7]", "Text": "PAYMENT ", "TextSize": 10.080001831054688}, {"Bounds": [412.8000030517578, 567.6631927490234, 513.0480804443359, 577.1182403564453], "ClipBounds": [412.8000030517578, 567.6631927490234, 513.0480804443359, 577.1182403564453], "Font": {"alt_family_name": "Arial", "embedded": true, "encoding": "WinAnsiEncoding", "family_name": "Arial MT", "font_type": "TrueType", "italic": false, "monospaced": false, "name": "RHSJMV+ArialMT", "subset": true, "weight": 400}, "HasClip": true, "Lang": "en", "Page": 0, "Path": "//Document/Sect/P[8]", "Text": "Due date: 29-06-2023 ", "TextSize": 10.080001831054688, "attributes": {"SpaceAfter": 18}}, {"Bounds": [410.63999938964844, 535.3764038085938, 450.3784484863281, 545.844482421875], "ClipBounds": [410.63999938964844, 535.3764038085938, 450.3784484863281, 545.844482421875], "Font": {"alt_family_name": "Arial", "embedded": true, "encoding": "WinAnsiEncoding", "family_name": "Arial", "font_type": "TrueType", "italic": false, "monospaced": false, "name": "FHVUAT+Arial-BoldMT", "subset": true, "weight": 700}, "HasClip": true, "Lang": "en", "Page": 0, "Path": "//Document/Sect/Aside/P", "Text": "$33044 ", "TextSize": 11.160003662109375, "attributes": {"SpaceAfter": 18}}, {"Bounds": [77.447998046875, 443.033203125, 530.1510314941406, 452.4882354736328], "ClipBounds": [77.447998046875, 443.033203125, 530.1510314941406, 452.4882354736328], "Page": 0, "Path": "//Document/Sect/Table", "attributes": {"BBox": [71.5170999999973, 428.17499999998836, 540.9379999999946, 460.93299999999], "NumCol": 4, "Placement": "Block", "SpaceAfter": 18}}, {"Bounds": [77.447998046875, 443.033203125, 104.47239685058594, 452.4882354736328], "ClipBounds": [77.447998046875, 443.033203125, 104.47239685058594, 452.4882354736328], "Page": 0, "Path": "//Document/Sect/Table/TR/TD", "attributes": {"BBox": [71.5170999999973, 427.33499999999185, 358.78499999998894, 460.93299999999], "BlockAlign": "Middle", "BorderColor": [[0, 0, 0], [0.6235349999999755, 0.6235349999999755, 0.6235349999999755], [0, 0, 0], [0, 0, 0]], "BorderStyle": "Solid", "BorderThickness": [0.625, 0.875, 0.5, 0.25], "ColIndex": 0, "Height": 33.625, "InlineAlign": "Start", "RowIndex": 0, "Width": 287.25}}, {"Bounds": [77.447998046875, 443.033203125, 104.47239685058594, 452.4882354736328], "ClipBounds": [77.447998046875, 443.033203125, 104.47239685058594, 452.4882354736328], "Font": {"alt_family_name": "Arial", "embedded": true, "encoding": "WinAnsiEncoding", "family_name": "Arial", "font_type": "TrueType", "italic": false, "monospaced": false, "name": "FHVUAT+Arial-BoldMT", "subset": true, "weight": 700}, "HasClip": true, "Lang": "en", "Page": 0, "Path": "//Document/Sect/Table/TR/TD/P", "Text": "ITEM ", "TextSize": 10.080001831054688, "attributes": {"LineHeight": 12.125}}, {"Bounds": [363.1000061035156, 443.033203125, 386.6570281982422, 452.4882354736328], "ClipBounds": [363.1000061035156, 443.033203125, 386.6570281982422, 452.4882354736328], "Page": 0, "Path": "//Document/Sect/Table/TR/TD[2]", "attributes": {"BBox": [358.304999999993, 427.33499999999185, 415.6629999999859, 460.93299999999], "BlockAlign": "Middle", "BorderColor": [[0, 0, 0], [0.6235349999999755, 0.6235349999999755, 0.6235349999999755], [0, 0, 0], [0, 0, 0]], "BorderStyle": "Solid", "BorderThickness": [0.625, 0.875, 0.25, 0.25], "ColIndex": 1, "Height": 33.625, "InlineAlign": "Start", "RowIndex": 0, "Width": 57.375}}, {"Bounds": [363.1000061035156, 443.033203125, 386.6570281982422, 452.4882354736328], "ClipBounds": [363.1000061035156, 443.033203125, 386.6570281982422, 452.4882354736328], "Font": {"alt_family_name": "Arial", "embedded": true, "encoding": "WinAnsiEncoding", "family_name": "Arial", "font_type": "TrueType", "italic": false, "monospaced": false, "name": "FHVUAT+Arial-BoldMT", "subset": true, "weight": 700}, "HasClip": true, "Lang": "en", "Page": 0, "Path": "//Document/Sect/Table/TR/TD[2]/P", "Text": "QTY ", "TextSize": 10.080001831054688, "attributes": {"LineHeight": 12.125}}, {"Bounds": [420.3800048828125, 443.033203125, 450.7712707519531, 452.4882354736328], "ClipBounds": [420.3800048828125, 443.033203125, 450.7712707519531, 452.4882354736328], "Page": 0, "Path": "//Document/Sect/Table/TR/TD[3]", "attributes": {"BBox": [415.18299999999, 427.33499999999185, 481.8999999999942, 460.93299999999], "BlockAlign": "Middle", "BorderColor": [[0, 0, 0], [0.6235349999999755, 0.6235349999999755, 0.6235349999999755], [0, 0, 0], [0, 0, 0]], "BorderStyle": "Solid", "BorderThickness": [0.625, 0.875, 0.25, 0.25], "ColIndex": 2, "Height": 33.625, "InlineAlign": "Start", "RowIndex": 0, "Width": 66.75}}, {"Bounds": [420.3800048828125, 443.033203125, 450.7712707519531, 452.4882354736328], "ClipBounds": [420.3800048828125, 443.033203125, 450.7712707519531, 452.4882354736328], "Font": {"alt_family_name": "Arial", "embedded": true, "encoding": "WinAnsiEncoding", "family_name": "Arial", "font_type": "TrueType", "italic": false, "monospaced": false, "name": "FHVUAT+Arial-BoldMT", "subset": true, "weight": 700}, "HasClip": true, "Lang": "en", "Page": 0, "Path": "//Document/Sect/Table/TR/TD[3]/P", "Text": "RATE ", "TextSize": 10.080001831054688, "attributes": {"LineHeight": 12.125}}, {"Bounds": [483.4100036621094, 443.033203125, 530.1510314941406, 452.4882354736328], "ClipBounds": [483.4100036621094, 443.033203125, 530.1510314941406, 452.4882354736328], "Page": 0, "Path": "//Document/Sect/Table/TR/TD[4]", "attributes": {"BBox": [481.41999999999825, 427.33499999999185, 541.417999999976, 460.93299999999], "BlockAlign": "Middle", "BorderColor": [[0, 0, 0], [0.6235349999999755, 0.6235349999999755, 0.6235349999999755], [0, 0, 0], [0, 0, 0]], "BorderStyle": "Solid", "BorderThickness": [0.625, 0.875, 0.25, 0.5], "ColIndex": 3, "Height": 33.625, "InlineAlign": "Start", "RowIndex": 0, "Width": 60}}, {"Bounds": [483.4100036621094, 443.033203125, 530.1510314941406, 452.4882354736328], "ClipBounds": [483.4100036621094, 443.033203125, 530.1510314941406, 452.4882354736328], "Font": {"alt_family_name": "Arial", "embedded": true, "encoding": "WinAnsiEncoding", "family_name": "Arial", "font_type": "TrueType", "italic": false, "monospaced": false, "name": "FHVUAT+Arial-BoldMT", "subset": true, "weight": 700}, "HasClip": true, "Lang": "en", "Page": 0, "Path": "//Document/Sect/Table/TR/TD[4]/P", "Text": "AMOUNT ", "TextSize": 10.080001831054688, "attributes": {"LineHeight": 12.125}}, {"Bounds": [77.447998046875, 206.42320251464844, 517.7280731201172, 416.8482360839844], "ClipBounds": [77.447998046875, 206.42320251464844, 517.7280731201172, 416.8482360839844], "Page": 0, "Path": "//Document/Sect/Table[2]", "attributes": {"BBox": [71.5170999999973, 189.26499999999942, 540.9379999999946, 424.9349999999977], "NumCol": 4, "NumRow": 7, "Placement": "Block", "SpaceAfter": 18}}, {"Bounds": [77.447998046875, 407.39320373535156, 180.40512084960938, 416.8482360839844], "ClipBounds": [77.447998046875, 407.39320373535156, 180.40512084960938, 416.8482360839844], "Page": 0, "Path": "//Document/Sect/Table[2]/TR/TD", "attributes": {"BBox": [71.5170999999973, 389.29599999998754, 358.0649999999878, 424.9349999999977], "BlockAlign": "Before", "BorderColor": [0, 0, 0], "BorderStyle": "Solid", "BorderThickness": [0.625, 0.25, 0.5, 0.25], "ColIndex": 0, "Height": 35.625, "InlineAlign": "Start", "RowIndex": 0, "Width": 286.375}}, {"Bounds": [77.447998046875, 407.39320373535156, 180.40512084960938, 416.8482360839844], "ClipBounds": [77.447998046875, 407.39320373535156, 180.40512084960938, 416.8482360839844], "Font": {"alt_family_name": "Arial", "embedded": true, "encoding": "WinAnsiEncoding", "family_name": "Arial MT", "font_type": "TrueType", "italic": false, "monospaced": false, "name": "RHSJMV+ArialMT", "subset": true, "weight": 400}, "HasClip": true, "Lang": "en", "Page": 0, "Path": "//Document/Sect/Table[2]/TR/TD/P", "Text": "Incredible Steel Bacon ", "TextSize": 10.080001831054688, "attributes": {"LineHeight": 12.125}}, {"Bounds": [363.82000732421875, 407.39320373535156, 378.3000030517578, 416.8482360839844], "ClipBounds": [363.82000732421875, 407.39320373535156, 378.3000030517578, 416.8482360839844], "Page": 0, "Path": "//Document/Sect/Table[2]/TR/TD[2]", "attributes": {"BBox": [357.58499999999185, 389.29599999998754, 414.22299999999814, 424.9349999999977], "BlockAlign": "Before", "BorderColor": [0, 0, 0], "BorderStyle": "Solid", "BorderThickness": [0.625, 0.25, 0.25, 0.25], "ColIndex": 1, "Height": 35.625, "InlineAlign": "Start", "RowIndex": 0, "Width": 56.625}}, {"Bounds": [363.82000732421875, 407.39320373535156, 378.3000030517578, 416.8482360839844], "ClipBounds": [363.82000732421875, 407.39320373535156, 378.3000030517578, 416.8482360839844], "Font": {"alt_family_name": "Arial", "embedded": true, "encoding": "WinAnsiEncoding", "family_name": "Arial MT", "font_type": "TrueType", "italic": false, "monospaced": false, "name": "RHSJMV+ArialMT", "subset": true, "weight": 400}, "HasClip": true, "Lang": "en", "Page": 0, "Path": "//Document/Sect/Table[2]/TR/TD[2]/P", "Text": "65 ", "TextSize": 10.080001831054688, "attributes": {"LineHeight": 12.125}}, {"Bounds": [420.3800048828125, 407.39320373535156, 434.86000061035156, 416.8482360839844], "ClipBounds": [420.3800048828125, 407.39320373535156, 434.86000061035156, 416.8482360839844], "Page": 0, "Path": "//Document/Sect/Table[2]/TR/TD[3]", "attributes": {"BBox": [413.74299999998766, 389.29599999998754, 481.8999999999942, 424.9349999999977], "BlockAlign": "Before", "BorderColor": [0, 0, 0], "BorderStyle": "Solid", "BorderThickness": [0.625, 0.25, 0.25, 0.25], "ColIndex": 2, "Height": 35.625, "InlineAlign": "Start", "RowIndex": 0, "Width": 68.125}}, {"Bounds": [420.3800048828125, 407.39320373535156, 434.86000061035156, 416.8482360839844], "ClipBounds": [420.3800048828125, 407.39320373535156, 434.86000061035156, 416.8482360839844], "Font": {"alt_family_name": "Arial", "embedded": true, "encoding": "WinAnsiEncoding", "family_name": "Arial MT", "font_type": "TrueType", "italic": false, "monospaced": false, "name": "RHSJMV+ArialMT", "subset": true, "weight": 400}, "HasClip": true, "Lang": "en", "Page": 0, "Path": "//Document/Sect/Table[2]/TR/TD[3]/P", "Text": "36 ", "TextSize": 10.080001831054688, "attributes": {"LineHeight": 12.125}}, {"Bounds": [487.00999450683594, 407.39320373535156, 517.7280731201172, 416.8482360839844], "ClipBounds": [487.00999450683594, 407.39320373535156, 517.7280731201172, 416.8482360839844], "Page": 0, "Path": "//Document/Sect/Table[2]/TR/TD[4]", "attributes": {"BBox": [481.41999999999825, 389.29599999998754, 541.417999999976, 424.9349999999977], "BlockAlign": "Before", "BorderColor": [0, 0, 0], "BorderStyle": "Solid", "BorderThickness": [0.625, 0.25, 0.25, 0.5], "ColIndex": 3, "Height": 35.625, "InlineAlign": "Start", "RowIndex": 0, "Width": 60}}, {"Bounds": [487.00999450683594, 407.39320373535156, 517.7280731201172, 416.8482360839844], "ClipBounds": [487.00999450683594, 407.39320373535156, 517.7280731201172, 416.8482360839844], "Font": {"alt_family_name": "Arial", "embedded": true, "encoding": "WinAnsiEncoding", "family_name": "Arial MT", "font_type": "TrueType", "italic": false, "monospaced": false, "name": "RHSJMV+ArialMT", "subset": true, "weight": 400}, "HasClip": true, "Lang": "en", "Page": 0, "Path": "//Document/Sect/Table[2]/TR/TD[4]/P", "Text": "$2340 ", "TextSize": 10.080001831054688, "attributes": {"LineHeight": 12.125}}, {"Bounds": [77.447998046875, 373.89320373535156, 186.68495178222656, 383.3482360839844], "ClipBounds": [77.447998046875, 373.89320373535156, 186.68495178222656, 383.3482360839844], "Page": 0, "Path": "//Document/Sect/Table[2]/TR[2]/TD", "attributes": {"BBox": [71.5170999999973, 357.61799999998766, 358.0649999999878, 389.775999999998], "BlockAlign": "Before", "BorderColor": [0, 0, 0], "BorderStyle": "Solid", "BorderThickness": [0.25, 0.25, 0.5, 0.25], "ColIndex": 0, "Height": 32.125, "InlineAlign": "Start", "RowIndex": 1, "Width": 286.375}}, {"Bounds": [77.447998046875, 373.89320373535156, 186.68495178222656, 383.3482360839844], "ClipBounds": [77.447998046875, 373.89320373535156, 186.68495178222656, 383.3482360839844], "Font": {"alt_family_name": "Arial", "embedded": true, "encoding": "WinAnsiEncoding", "family_name": "Arial MT", "font_type": "TrueType", "italic": false, "monospaced": false, "name": "RHSJMV+ArialMT", "subset": true, "weight": 400}, "HasClip": true, "Lang": "en", "Page": 0, "Path": "//Document/Sect/Table[2]/TR[2]/TD/P", "Text": "Handcrafted Soft Shoes ", "TextSize": 10.080001831054688, "attributes": {"LineHeight": 12.125}}, {"Bounds": [363.82000732421875, 373.89320373535156, 378.3000030517578, 383.3482360839844], "ClipBounds": [363.82000732421875, 373.89320373535156, 378.3000030517578, 383.3482360839844], "Page": 0, "Path": "//Document/Sect/Table[2]/TR[2]/TD[2]", "attributes": {"BBox": [357.58499999999185, 357.61799999998766, 414.22299999999814, 389.775999999998], "BlockAlign": "Before", "BorderColor": [0, 0, 0], "BorderStyle": "Solid", "BorderThickness": 0.25, "ColIndex": 1, "Height": 32.125, "InlineAlign": "Start", "RowIndex": 1, "Width": 56.625}}, {"Bounds": [363.82000732421875, 373.89320373535156, 378.3000030517578, 383.3482360839844], "ClipBounds": [363.82000732421875, 373.89320373535156, 378.3000030517578, 383.3482360839844], "Font": {"alt_family_name": "Arial", "embedded": true, "encoding": "WinAnsiEncoding", "family_name": "Arial MT", "font_type": "TrueType", "italic": false, "monospaced": false, "name": "RHSJMV+ArialMT", "subset": true, "weight": 400}, "HasClip": true, "Lang": "en", "Page": 0, "Path": "//Document/Sect/Table[2]/TR[2]/TD[2]/P", "Text": "65 ", "TextSize": 10.080001831054688, "attributes": {"LineHeight": 12.125}}, {"Bounds": [420.3800048828125, 373.89320373535156, 434.86000061035156, 383.3482360839844], "ClipBounds": [420.3800048828125, 373.89320373535156, 434.86000061035156, 383.3482360839844], "Page": 0, "Path": "//Document/Sect/Table[2]/TR[2]/TD[3]", "attributes": {"BBox": [413.74299999998766, 357.61799999998766, 481.8999999999942, 389.775999999998], "BlockAlign": "Before", "BorderColor": [0, 0, 0], "BorderStyle": "Solid", "BorderThickness": 0.25, "ColIndex": 2, "Height": 32.125, "InlineAlign": "Start", "RowIndex": 1, "Width": 68.125}}, {"Bounds": [420.3800048828125, 373.89320373535156, 434.86000061035156, 383.3482360839844], "ClipBounds": [420.3800048828125, 373.89320373535156, 434.86000061035156, 383.3482360839844], "Font": {"alt_family_name": "Arial", "embedded": true, "encoding": "WinAnsiEncoding", "family_name": "Arial MT", "font_type": "TrueType", "italic": false, "monospaced": false, "name": "RHSJMV+ArialMT", "subset": true, "weight": 400}, "HasClip": true, "Lang": "en", "Page": 0, "Path": "//Document/Sect/Table[2]/TR[2]/TD[3]/P", "Text": "55 ", "TextSize": 10.080001831054688, "attributes": {"LineHeight": 12.125}}, {"Bounds": [487.00999450683594, 373.89320373535156, 517.7280731201172, 383.3482360839844], "ClipBounds": [487.00999450683594, 373.89320373535156, 517.7280731201172, 383.3482360839844], "Page": 0, "Path": "//Document/Sect/Table[2]/TR[2]/TD[4]", "attributes": {"BBox": [481.41999999999825, 357.61799999998766, 541.417999999976, 389.775999999998], "BlockAlign": "Before", "BorderColor": [0, 0, 0], "BorderStyle": "Solid", "BorderThickness": [0.25, 0.25, 0.25, 0.5], "ColIndex": 3, "Height": 32.125, "InlineAlign": "Start", "RowIndex": 1, "Width": 60}}, {"Bounds": [487.00999450683594, 373.89320373535156, 517.7280731201172, 383.3482360839844], "ClipBounds": [487.00999450683594, 373.89320373535156, 517.7280731201172, 383.3482360839844], "Font": {"alt_family_name": "Arial", "embedded": true, "encoding": "WinAnsiEncoding", "family_name": "Arial MT", "font_type": "TrueType", "italic": false, "monospaced": false, "name": "RHSJMV+ArialMT", "subset": true, "weight": 400}, "HasClip": true, "Lang": "en", "Page": 0, "Path": "//Document/Sect/Table[2]/TR[2]/TD[4]/P", "Text": "$3575 ", "TextSize": 10.080001831054688, "attributes": {"LineHeight": 12.125}}, {"Bounds": [77.447998046875, 340.38319396972656, 189.41664123535156, 349.83824157714844], "ClipBounds": [77.447998046875, 340.38319396972656, 189.41664123535156, 349.83824157714844], "Page": 0, "Path": "//Document/Sect/Table[2]/TR[3]/TD", "attributes": {"BBox": [71.5170999999973, 323.05899999999383, 358.0649999999878, 358.09799999999814], "BlockAlign": "Middle", "BorderColor": [0, 0, 0], "BorderStyle": "Solid", "BorderThickness": [0.25, 0.25, 0.5, 0.25], "ColIndex": 0, "Height": 35, "InlineAlign": "Start", "RowIndex": 2, "Width": 286.375}}, {"Bounds": [77.447998046875, 340.38319396972656, 189.41664123535156, 349.83824157714844], "ClipBounds": [77.447998046875, 340.38319396972656, 189.41664123535156, 349.83824157714844], "Font": {"alt_family_name": "Arial", "embedded": true, "encoding": "WinAnsiEncoding", "family_name": "Arial MT", "font_type": "TrueType", "italic": false, "monospaced": false, "name": "RHSJMV+ArialMT", "subset": true, "weight": 400}, "HasClip": true, "Lang": "en", "Page": 0, "Path": "//Document/Sect/Table[2]/TR[3]/TD/P", "Text": "Awesome Frozen Bacon ", "TextSize": 10.080001831054688, "attributes": {"LineHeight": 12.125}}, {"Bounds": [363.82000732421875, 340.38319396972656, 383.3751983642578, 349.83824157714844], "ClipBounds": [363.82000732421875, 340.38319396972656, 383.3751983642578, 349.83824157714844], "Page": 0, "Path": "//Document/Sect/Table[2]/TR[3]/TD[2]", "attributes": {"BBox": [357.58499999999185, 323.05899999999383, 414.22299999999814, 358.09799999999814], "BlockAlign": "Middle", "BorderColor": [0, 0, 0], "BorderStyle": "Solid", "BorderThickness": 0.25, "ColIndex": 1, "Height": 35, "InlineAlign": "Start", "RowIndex": 2, "Width": 56.625}}, {"Bounds": [363.82000732421875, 340.38319396972656, 383.3751983642578, 349.83824157714844], "ClipBounds": [363.82000732421875, 340.38319396972656, 383.3751983642578, 349.83824157714844], "Font": {"alt_family_name": "Arial", "embedded": true, "encoding": "WinAnsiEncoding", "family_name": "Arial MT", "font_type": "TrueType", "italic": false, "monospaced": false, "name": "RHSJMV+ArialMT", "subset": true, "weight": 400}, "HasClip": true, "Lang": "en", "Page": 0, "Path": "//Document/Sect/Table[2]/TR[3]/TD[2]/P", "Text": "126 ", "TextSize": 10.080001831054688, "attributes": {"LineHeight": 12.125}}, {"Bounds": [420.3800048828125, 340.38319396972656, 434.86000061035156, 349.83824157714844], "ClipBounds": [420.3800048828125, 340.38319396972656, 434.86000061035156, 349.83824157714844], "Page": 0, "Path": "//Document/Sect/Table[2]/TR[3]/TD[3]", "attributes": {"BBox": [413.74299999998766, 323.05899999999383, 481.8999999999942, 358.09799999999814], "BlockAlign": "Middle", "BorderColor": [0, 0, 0], "BorderStyle": "Solid", "BorderThickness": 0.25, "ColIndex": 2, "Height": 35, "InlineAlign": "Start", "RowIndex": 2, "Width": 68.125}}, {"Bounds": [420.3800048828125, 340.38319396972656, 434.86000061035156, 349.83824157714844], "ClipBounds": [420.3800048828125, 340.38319396972656, 434.86000061035156, 349.83824157714844], "Font": {"alt_family_name": "Arial", "embedded": true, "encoding": "WinAnsiEncoding", "family_name": "Arial MT", "font_type": "TrueType", "italic": false, "monospaced": false, "name": "RHSJMV+ArialMT", "subset": true, "weight": 400}, "HasClip": true, "Lang": "en", "Page": 0, "Path": "//Document/Sect/Table[2]/TR[3]/TD[3]/P", "Text": "46 ", "TextSize": 10.080001831054688, "attributes": {"LineHeight": 12.125}}, {"Bounds": [487.00999450683594, 340.38319396972656, 517.7280731201172, 349.83824157714844], "ClipBounds": [487.00999450683594, 340.38319396972656, 517.7280731201172, 349.83824157714844], "Page": 0, "Path": "//Document/Sect/Table[2]/TR[3]/TD[4]", "attributes": {"BBox": [481.41999999999825, 323.05899999999383, 541.417999999976, 358.09799999999814], "BlockAlign": "Middle", "BorderColor": [0, 0, 0], "BorderStyle": "Solid", "BorderThickness": [0.25, 0.25, 0.25, 0.5], "ColIndex": 3, "Height": 35, "InlineAlign": "Start", "RowIndex": 2, "Width": 60}}, {"Bounds": [487.00999450683594, 340.38319396972656, 517.7280731201172, 349.83824157714844], "ClipBounds": [487.00999450683594, 340.38319396972656, 517.7280731201172, 349.83824157714844], "Font": {"alt_family_name": "Arial", "embedded": true, "encoding": "WinAnsiEncoding", "family_name": "Arial MT", "font_type": "TrueType", "italic": false, "monospaced": false, "name": "RHSJMV+ArialMT", "subset": true, "weight": 400}, "HasClip": true, "Lang": "en", "Page": 0, "Path": "//Document/Sect/Table[2]/TR[3]/TD[4]/P", "Text": "$5796 ", "TextSize": 10.080001831054688, "attributes": {"LineHeight": 12.125}}, {"Bounds": [77.447998046875, 306.9031982421875, 185.8180694580078, 316.3582458496094], "ClipBounds": [77.447998046875, 306.9031982421875, 185.8180694580078, 316.3582458496094], "Page": 0, "Path": "//Document/Sect/Table[2]/TR[4]/TD", "attributes": {"BBox": [71.5170999999973, 289.9399999999878, 358.0649999999878, 323.53899999998976], "BlockAlign": "Before", "BorderColor": [0, 0, 0], "BorderStyle": "Solid", "BorderThickness": [0.25, 0.25, 0.5, 0.25], "ColIndex": 0, "Height": 33.625, "InlineAlign": "Start", "RowIndex": 3, "Width": 286.375}}, {"Bounds": [77.447998046875, 306.9031982421875, 185.8180694580078, 316.3582458496094], "ClipBounds": [77.447998046875, 306.9031982421875, 185.8180694580078, 316.3582458496094], "Font": {"alt_family_name": "Arial", "embedded": true, "encoding": "WinAnsiEncoding", "family_name": "Arial MT", "font_type": "TrueType", "italic": false, "monospaced": false, "name": "RHSJMV+ArialMT", "subset": true, "weight": 400}, "HasClip": true, "Lang": "en", "Page": 0, "Path": "//Document/Sect/Table[2]/TR[4]/TD/P", "Text": "Ergonomic Soft Cheese ", "TextSize": 10.080001831054688, "attributes": {"LineHeight": 12.125}}, {"Bounds": [363.82000732421875, 306.9031982421875, 378.3000030517578, 316.3582458496094], "ClipBounds": [363.82000732421875, 306.9031982421875, 378.3000030517578, 316.3582458496094], "Page": 0, "Path": "//Document/Sect/Table[2]/TR[4]/TD[2]", "attributes": {"BBox": [357.58499999999185, 289.9399999999878, 414.22299999999814, 323.53899999998976], "BlockAlign": "Before", "BorderColor": [0, 0, 0], "BorderStyle": "Solid", "BorderThickness": 0.25, "ColIndex": 1, "Height": 33.625, "InlineAlign": "Start", "RowIndex": 3, "Width": 56.625}}, {"Bounds": [363.82000732421875, 306.9031982421875, 378.3000030517578, 316.3582458496094], "ClipBounds": [363.82000732421875, 306.9031982421875, 378.3000030517578, 316.3582458496094], "Font": {"alt_family_name": "Arial", "embedded": true, "encoding": "WinAnsiEncoding", "family_name": "Arial MT", "font_type": "TrueType", "italic": false, "monospaced": false, "name": "RHSJMV+ArialMT", "subset": true, "weight": 400}, "HasClip": true, "Lang": "en", "Page": 0, "Path": "//Document/Sect/Table[2]/TR[4]/TD[2]/P", "Text": "98 ", "TextSize": 10.080001831054688, "attributes": {"LineHeight": 12.125}}, {"Bounds": [420.3800048828125, 306.9031982421875, 434.86000061035156, 316.3582458496094], "ClipBounds": [420.3800048828125, 306.9031982421875, 434.86000061035156, 316.3582458496094], "Page": 0, "Path": "//Document/Sect/Table[2]/TR[4]/TD[3]", "attributes": {"BBox": [413.74299999998766, 289.9399999999878, 481.8999999999942, 323.53899999998976], "BlockAlign": "Before", "BorderColor": [0, 0, 0], "BorderStyle": "Solid", "BorderThickness": 0.25, "ColIndex": 2, "Height": 33.625, "InlineAlign": "Start", "RowIndex": 3, "Width": 68.125}}, {"Bounds": [420.3800048828125, 306.9031982421875, 434.86000061035156, 316.3582458496094], "ClipBounds": [420.3800048828125, 306.9031982421875, 434.86000061035156, 316.3582458496094], "Font": {"alt_family_name": "Arial", "embedded": true, "encoding": "WinAnsiEncoding", "family_name": "Arial MT", "font_type": "TrueType", "italic": false, "monospaced": false, "name": "RHSJMV+ArialMT", "subset": true, "weight": 400}, "HasClip": true, "Lang": "en", "Page": 0, "Path": "//Document/Sect/Table[2]/TR[4]/TD[3]/P", "Text": "71 ", "TextSize": 10.080001831054688, "attributes": {"LineHeight": 12.125}}, {"Bounds": [487.00999450683594, 306.9031982421875, 517.7280731201172, 316.3582458496094], "ClipBounds": [487.00999450683594, 306.9031982421875, 517.7280731201172, 316.3582458496094], "Page": 0, "Path": "//Document/Sect/Table[2]/TR[4]/TD[4]", "attributes": {"BBox": [481.41999999999825, 289.9399999999878, 541.417999999976, 323.53899999998976], "BlockAlign": "Before", "BorderColor": [0, 0, 0], "BorderStyle": "Solid", "BorderThickness": [0.25, 0.25, 0.25, 0.5], "ColIndex": 3, "Height": 33.625, "InlineAlign": "Start", "RowIndex": 3, "Width": 60}}, {"Bounds": [487.00999450683594, 306.9031982421875, 517.7280731201172, 316.3582458496094], "ClipBounds": [487.00999450683594, 306.9031982421875, 517.7280731201172, 316.3582458496094], "Font": {"alt_family_name": "Arial", "embedded": true, "encoding": "WinAnsiEncoding", "family_name": "Arial MT", "font_type": "TrueType", "italic": false, "monospaced": false, "name": "RHSJMV+ArialMT", "subset": true, "weight": 400}, "HasClip": true, "Lang": "en", "Page": 0, "Path": "//Document/Sect/Table[2]/TR[4]/TD[4]/P", "Text": "$6958 ", "TextSize": 10.080001831054688, "attributes": {"LineHeight": 12.125}}, {"Bounds": [77.447998046875, 273.4031982421875, 168.44015502929688, 282.8582458496094], "ClipBounds": [77.447998046875, 273.4031982421875, 168.44015502929688, 282.8582458496094], "Page": 0, "Path": "//Document/Sect/Table[2]/TR[5]/TD", "attributes": {"BBox": [71.5170999999973, 256.82199999998556, 358.0649999999878, 290.41999999999825], "BlockAlign": "Before", "BorderColor": [0, 0, 0], "BorderStyle": "Solid", "BorderThickness": [0.25, 0.25, 0.5, 0.25], "ColIndex": 0, "Height": 33.625, "InlineAlign": "Start", "RowIndex": 4, "Width": 286.375}}, {"Bounds": [77.447998046875, 273.4031982421875, 168.44015502929688, 282.8582458496094], "ClipBounds": [77.447998046875, 273.4031982421875, 168.44015502929688, 282.8582458496094], "Font": {"alt_family_name": "Arial", "embedded": true, "encoding": "WinAnsiEncoding", "family_name": "Arial MT", "font_type": "TrueType", "italic": false, "monospaced": false, "name": "RHSJMV+ArialMT", "subset": true, "weight": 400}, "HasClip": true, "Lang": "en", "Page": 0, "Path": "//Document/Sect/Table[2]/TR[5]/TD/P", "Text": "Licensed Fresh Ball ", "TextSize": 10.080001831054688, "attributes": {"LineHeight": 12.125}}, {"Bounds": [363.82000732421875, 273.4031982421875, 383.3751983642578, 282.8582458496094], "ClipBounds": [363.82000732421875, 273.4031982421875, 383.3751983642578, 282.8582458496094], "Page": 0, "Path": "//Document/Sect/Table[2]/TR[5]/TD[2]", "attributes": {"BBox": [357.58499999999185, 256.82199999998556, 414.22299999999814, 290.41999999999825], "BlockAlign": "Before", "BorderColor": [0, 0, 0], "BorderStyle": "Solid", "BorderThickness": 0.25, "ColIndex": 1, "Height": 33.625, "InlineAlign": "Start", "RowIndex": 4, "Width": 56.625}}, {"Bounds": [363.82000732421875, 273.4031982421875, 383.3751983642578, 282.8582458496094], "ClipBounds": [363.82000732421875, 273.4031982421875, 383.3751983642578, 282.8582458496094], "Font": {"alt_family_name": "Arial", "embedded": true, "encoding": "WinAnsiEncoding", "family_name": "Arial MT", "font_type": "TrueType", "italic": false, "monospaced": false, "name": "RHSJMV+ArialMT", "subset": true, "weight": 400}, "HasClip": true, "Lang": "en", "Page": 0, "Path": "//Document/Sect/Table[2]/TR[5]/TD[2]/P", "Text": "130 ", "TextSize": 10.080001831054688, "attributes": {"LineHeight": 12.125}}, {"Bounds": [420.3800048828125, 273.4031982421875, 434.86000061035156, 282.8582458496094], "ClipBounds": [420.3800048828125, 273.4031982421875, 434.86000061035156, 282.8582458496094], "Page": 0, "Path": "//Document/Sect/Table[2]/TR[5]/TD[3]", "attributes": {"BBox": [413.74299999998766, 256.82199999998556, 481.8999999999942, 290.41999999999825], "BlockAlign": "Before", "BorderColor": [0, 0, 0], "BorderStyle": "Solid", "BorderThickness": 0.25, "ColIndex": 2, "Height": 33.625, "InlineAlign": "Start", "RowIndex": 4, "Width": 68.125}}, {"Bounds": [420.3800048828125, 273.4031982421875, 434.86000061035156, 282.8582458496094], "ClipBounds": [420.3800048828125, 273.4031982421875, 434.86000061035156, 282.8582458496094], "Font": {"alt_family_name": "Arial", "embedded": true, "encoding": "WinAnsiEncoding", "family_name": "Arial MT", "font_type": "TrueType", "italic": false, "monospaced": false, "name": "RHSJMV+ArialMT", "subset": true, "weight": 400}, "HasClip": true, "Lang": "en", "Page": 0, "Path": "//Document/Sect/Table[2]/TR[5]/TD[3]/P", "Text": "57 ", "TextSize": 10.080001831054688, "attributes": {"LineHeight": 12.125}}, {"Bounds": [487.00999450683594, 273.4031982421875, 517.7280731201172, 282.8582458496094], "ClipBounds": [487.00999450683594, 273.4031982421875, 517.7280731201172, 282.8582458496094], "Page": 0, "Path": "//Document/Sect/Table[2]/TR[5]/TD[4]", "attributes": {"BBox": [481.41999999999825, 256.82199999998556, 541.417999999976, 290.41999999999825], "BlockAlign": "Before", "BorderColor": [0, 0, 0], "BorderStyle": "Solid", "BorderThickness": [0.25, 0.25, 0.25, 0.5], "ColIndex": 3, "Height": 33.625, "InlineAlign": "Start", "RowIndex": 4, "Width": 60}}, {"Bounds": [487.00999450683594, 273.4031982421875, 517.7280731201172, 282.8582458496094], "ClipBounds": [487.00999450683594, 273.4031982421875, 517.7280731201172, 282.8582458496094], "Font": {"alt_family_name": "Arial", "embedded": true, "encoding": "WinAnsiEncoding", "family_name": "Arial MT", "font_type": "TrueType", "italic": false, "monospaced": false, "name": "RHSJMV+ArialMT", "subset": true, "weight": 400}, "HasClip": true, "Lang": "en", "Page": 0, "Path": "//Document/Sect/Table[2]/TR[5]/TD[4]/P", "Text": "$7410 ", "TextSize": 10.080001831054688, "attributes": {"LineHeight": 12.125}}, {"Bounds": [77.447998046875, 239.9031982421875, 174.296630859375, 249.35824584960938], "ClipBounds": [77.447998046875, 239.9031982421875, 174.296630859375, 249.35824584960938], "Page": 0, "Path": "//Document/Sect/Table[2]/TR[6]/TD", "attributes": {"BBox": [71.5170999999973, 222.262999999999, 358.0649999999878, 257.30199999999604], "BlockAlign": "Before", "BorderColor": [0, 0, 0], "BorderStyle": "Solid", "BorderThickness": [0.25, 0.25, 0.5, 0.25], "ColIndex": 0, "Height": 35, "InlineAlign": "Start", "RowIndex": 5, "Width": 286.375}}, {"Bounds": [77.447998046875, 239.9031982421875, 174.296630859375, 249.35824584960938], "ClipBounds": [77.447998046875, 239.9031982421875, 174.296630859375, 249.35824584960938], "Font": {"alt_family_name": "Arial", "embedded": true, "encoding": "WinAnsiEncoding", "family_name": "Arial MT", "font_type": "TrueType", "italic": false, "monospaced": false, "name": "RHSJMV+ArialMT", "subset": true, "weight": 400}, "HasClip": true, "Lang": "en", "Page": 0, "Path": "//Document/Sect/Table[2]/TR[6]/TD/P", "Text": "Incredible Fresh Bike ", "TextSize": 10.080001831054688, "attributes": {"LineHeight": 12.125}}, {"Bounds": [363.82000732421875, 239.9031982421875, 378.3000030517578, 249.35824584960938], "ClipBounds": [363.82000732421875, 239.9031982421875, 378.3000030517578, 249.35824584960938], "Page": 0, "Path": "//Document/Sect/Table[2]/TR[6]/TD[2]", "attributes": {"BBox": [357.58499999999185, 222.262999999999, 414.22299999999814, 257.30199999999604], "BlockAlign": "Before", "BorderColor": [0, 0, 0], "BorderStyle": "Solid", "BorderThickness": 0.25, "ColIndex": 1, "Height": 35, "InlineAlign": "Start", "RowIndex": 5, "Width": 56.625}}, {"Bounds": [363.82000732421875, 239.9031982421875, 378.3000030517578, 249.35824584960938], "ClipBounds": [363.82000732421875, 239.9031982421875, 378.3000030517578, 249.35824584960938], "Font": {"alt_family_name": "Arial", "embedded": true, "encoding": "WinAnsiEncoding", "family_name": "Arial MT", "font_type": "TrueType", "italic": false, "monospaced": false, "name": "RHSJMV+ArialMT", "subset": true, "weight": 400}, "HasClip": true, "Lang": "en", "Page": 0, "Path": "//Document/Sect/Table[2]/TR[6]/TD[2]/P", "Text": "47 ", "TextSize": 10.080001831054688, "attributes": {"LineHeight": 12.125}}, {"Bounds": [420.3800048828125, 239.9031982421875, 434.86000061035156, 249.35824584960938], "ClipBounds": [420.3800048828125, 239.9031982421875, 434.86000061035156, 249.35824584960938], "Page": 0, "Path": "//Document/Sect/Table[2]/TR[6]/TD[3]", "attributes": {"BBox": [413.74299999998766, 222.262999999999, 481.8999999999942, 257.30199999999604], "BlockAlign": "Before", "BorderColor": [0, 0, 0], "BorderStyle": "Solid", "BorderThickness": 0.25, "ColIndex": 2, "Height": 35, "InlineAlign": "Start", "RowIndex": 5, "Width": 68.125}}, {"Bounds": [420.3800048828125, 239.9031982421875, 434.86000061035156, 249.35824584960938], "ClipBounds": [420.3800048828125, 239.9031982421875, 434.86000061035156, 249.35824584960938], "Font": {"alt_family_name": "Arial", "embedded": true, "encoding": "WinAnsiEncoding", "family_name": "Arial MT", "font_type": "TrueType", "italic": false, "monospaced": false, "name": "RHSJMV+ArialMT", "subset": true, "weight": 400}, "HasClip": true, "Lang": "en", "Page": 0, "Path": "//Document/Sect/Table[2]/TR[6]/TD[3]/P", "Text": "77 ", "TextSize": 10.080001831054688, "attributes": {"LineHeight": 12.125}}, {"Bounds": [487.00999450683594, 239.9031982421875, 517.7280731201172, 249.35824584960938], "ClipBounds": [487.00999450683594, 239.9031982421875, 517.7280731201172, 249.35824584960938], "Page": 0, "Path": "//Document/Sect/Table[2]/TR[6]/TD[4]", "attributes": {"BBox": [481.41999999999825, 222.262999999999, 541.417999999976, 257.30199999999604], "BlockAlign": "Before", "BorderColor": [0, 0, 0], "BorderStyle": "Solid", "BorderThickness": [0.25, 0.25, 0.25, 0.5], "ColIndex": 3, "Height": 35, "InlineAlign": "Start", "RowIndex": 5, "Width": 60}}, {"Bounds": [487.00999450683594, 239.9031982421875, 517.7280731201172, 249.35824584960938], "ClipBounds": [487.00999450683594, 239.9031982421875, 517.7280731201172, 249.35824584960938], "Font": {"alt_family_name": "Arial", "embedded": true, "encoding": "WinAnsiEncoding", "family_name": "Arial MT", "font_type": "TrueType", "italic": false, "monospaced": false, "name": "RHSJMV+ArialMT", "subset": true, "weight": 400}, "HasClip": true, "Lang": "en", "Page": 0, "Path": "//Document/Sect/Table[2]/TR[6]/TD[4]/P", "Text": "$3619 ", "TextSize": 10.080001831054688, "attributes": {"LineHeight": 12.125}}, {"Bounds": [77.447998046875, 206.42320251464844, 173.38943481445312, 215.87823486328125], "ClipBounds": [77.447998046875, 206.42320251464844, 173.38943481445312, 215.87823486328125], "Page": 0, "Path": "//Document/Sect/Table[2]/TR[7]/TD", "attributes": {"BBox": [71.5170999999973, 188.6649999999936, 358.0649999999878, 222.74299999999494], "BlockAlign": "Before", "BorderColor": [0, 0, 0], "BorderStyle": "Solid", "BorderThickness": [0.25, 0.625, 0.5, 0.25], "ColIndex": 0, "Height": 34.125, "InlineAlign": "Start", "RowIndex": 6, "Width": 286.375}}, {"Bounds": [77.447998046875, 206.42320251464844, 173.38943481445312, 215.87823486328125], "ClipBounds": [77.447998046875, 206.42320251464844, 173.38943481445312, 215.87823486328125], "Font": {"alt_family_name": "Arial", "embedded": true, "encoding": "WinAnsiEncoding", "family_name": "Arial MT", "font_type": "TrueType", "italic": false, "monospaced": false, "name": "RHSJMV+ArialMT", "subset": true, "weight": 400}, "HasClip": true, "Lang": "en", "Page": 0, "Path": "//Document/Sect/Table[2]/TR[7]/TD/P", "Text": "Tasty Frozen Towels ", "TextSize": 10.080001831054688, "attributes": {"LineHeight": 12.125}}, {"Bounds": [363.82000732421875, 206.42320251464844, 378.3000030517578, 215.87823486328125], "ClipBounds": [363.82000732421875, 206.42320251464844, 378.3000030517578, 215.87823486328125], "Page": 0, "Path": "//Document/Sect/Table[2]/TR[7]/TD[2]", "attributes": {"BBox": [357.58499999999185, 188.6649999999936, 414.22299999999814, 222.74299999999494], "BlockAlign": "Before", "BorderColor": [0, 0, 0], "BorderStyle": "Solid", "BorderThickness": [0.25, 0.625, 0.25, 0.25], "ColIndex": 1, "Height": 34.125, "InlineAlign": "Start", "RowIndex": 6, "Width": 56.625}}, {"Bounds": [363.82000732421875, 206.42320251464844, 378.3000030517578, 215.87823486328125], "ClipBounds": [363.82000732421875, 206.42320251464844, 378.3000030517578, 215.87823486328125], "Font": {"alt_family_name": "Arial", "embedded": true, "encoding": "WinAnsiEncoding", "family_name": "Arial MT", "font_type": "TrueType", "italic": false, "monospaced": false, "name": "RHSJMV+ArialMT", "subset": true, "weight": 400}, "HasClip": true, "Lang": "en", "Page": 0, "Path": "//Document/Sect/Table[2]/TR[7]/TD[2]/P", "Text": "18 ", "TextSize": 10.080001831054688, "attributes": {"LineHeight": 12.125}}, {"Bounds": [420.3800048828125, 206.42320251464844, 434.86000061035156, 215.87823486328125], "ClipBounds": [420.3800048828125, 206.42320251464844, 434.86000061035156, 215.87823486328125], "Page": 0, "Path": "//Document/Sect/Table[2]/TR[7]/TD[3]", "attributes": {"BBox": [413.74299999998766, 188.6649999999936, 481.8999999999942, 222.74299999999494], "BlockAlign": "Before", "BorderColor": [0, 0, 0], "BorderStyle": "Solid", "BorderThickness": [0.25, 0.625, 0.25, 0.25], "ColIndex": 2, "Height": 34.125, "InlineAlign": "Start", "RowIndex": 6, "Width": 68.125}}, {"Bounds": [420.3800048828125, 206.42320251464844, 434.86000061035156, 215.87823486328125], "ClipBounds": [420.3800048828125, 206.42320251464844, 434.86000061035156, 215.87823486328125], "Font": {"alt_family_name": "Arial", "embedded": true, "encoding": "WinAnsiEncoding", "family_name": "Arial MT", "font_type": "TrueType", "italic": false, "monospaced": false, "name": "RHSJMV+ArialMT", "subset": true, "weight": 400}, "HasClip": true, "Lang": "en", "Page": 0, "Path": "//Document/Sect/Table[2]/TR[7]/TD[3]/P", "Text": "19 ", "TextSize": 10.080001831054688, "attributes": {"LineHeight": 12.125}}, {"Bounds": [487.00999450683594, 206.42320251464844, 512.3251953125, 215.87823486328125], "ClipBounds": [487.00999450683594, 206.42320251464844, 512.3251953125, 215.87823486328125], "Page": 0, "Path": "//Document/Sect/Table[2]/TR[7]/TD[4]", "attributes": {"BBox": [481.41999999999825, 188.6649999999936, 541.417999999976, 222.74299999999494], "BlockAlign": "Before", "BorderColor": [0, 0, 0], "BorderStyle": "Solid", "BorderThickness": [0.25, 0.625, 0.25, 0.5], "ColIndex": 3, "Height": 34.125, "InlineAlign": "Start", "RowIndex": 6, "Width": 60}}, {"Bounds": [487.00999450683594, 206.42320251464844, 512.3251953125, 215.87823486328125], "ClipBounds": [487.00999450683594, 206.42320251464844, 512.3251953125, 215.87823486328125], "Font": {"alt_family_name": "Arial", "embedded": true, "encoding": "WinAnsiEncoding", "family_name": "Arial MT", "font_type": "TrueType", "italic": false, "monospaced": false, "name": "RHSJMV+ArialMT", "subset": true, "weight": 400}, "HasClip": true, "Lang": "en", "Page": 0, "Path": "//Document/Sect/Table[2]/TR[7]/TD[4]/P", "Text": "$342 ", "TextSize": 10.080001831054688, "attributes": {"LineHeight": 12.125}}, {"Bounds": [77.447998046875, 92.94720458984375, 522.3792724609375, 135.90823364257812], "ClipBounds": [77.447998046875, 92.94720458984375, 522.3792724609375, 135.90823364257812], "Page": 0, "Path": "//Document/Sect/Table[3]", "attributes": {"BBox": [77.03689999999915, 95.06839999999647, 519.8189999999886, 134.18699999999808], "NumCol": 2, "NumRow": 2, "Placement": "Block", "SpaceAfter": 18}}, {"Bounds": [77.447998046875, 126.45320129394531, 120.4593505859375, 135.90823364257812], "ClipBounds": [77.447998046875, 126.45320129394531, 120.4593505859375, 135.90823364257812], "Page": 0, "Path": "//Document/Sect/Table[3]/TR/TD", "attributes": {"BBox": [77.03689999999915, 109.46799999999712, 358.54499999999825, 134.18699999999808], "BlockAlign": "Before", "ColIndex": 0, "Height": 24.75, "InlineAlign": "Start", "RowIndex": 0, "Width": 281.5}}, {"Bounds": [77.447998046875, 126.45320129394531, 120.4593505859375, 135.90823364257812], "ClipBounds": [77.447998046875, 126.45320129394531, 120.4593505859375, 135.90823364257812], "Font": {"alt_family_name": "Arial", "embedded": true, "encoding": "WinAnsiEncoding", "family_name": "Arial", "font_type": "TrueType", "italic": false, "monospaced": false, "name": "FHVUAT+Arial-BoldMT", "subset": true, "weight": 700}, "HasClip": true, "Lang": "en", "Page": 0, "Path": "//Document/Sect/Table[3]/TR/TD/P", "Text": "Subtotal ", "TextSize": 10.080001831054688, "attributes": {"LineHeight": 12.125}}, {"Bounds": [485.92999267578125, 126.45320129394531, 522.3792724609375, 135.90823364257812], "ClipBounds": [485.92999267578125, 126.45320129394531, 522.3792724609375, 135.90823364257812], "Page": 0, "Path": "//Document/Sect/Table[3]/TR/TD[2]", "attributes": {"BBox": [358.54499999999825, 109.46799999999712, 519.8189999999886, 134.18699999999808], "BlockAlign": "Before", "ColIndex": 1, "Height": 24.75, "InlineAlign": "End", "RowIndex": 0, "Width": 161.25}}, {"Bounds": [485.92999267578125, 126.45320129394531, 522.3792724609375, 135.90823364257812], "ClipBounds": [485.92999267578125, 126.45320129394531, 522.3792724609375, 135.90823364257812], "Font": {"alt_family_name": "Arial", "embedded": true, "encoding": "WinAnsiEncoding", "family_name": "Arial MT", "font_type": "TrueType", "italic": false, "monospaced": false, "name": "RHSJMV+ArialMT", "subset": true, "weight": 400}, "HasClip": true, "Lang": "en", "Page": 0, "Path": "//Document/Sect/Table[3]/TR/TD[2]/P", "Text": "$30040 ", "TextSize": 10.080001831054688, "attributes": {"LineHeight": 12.125}}, {"Bounds": [77.447998046875, 92.94720458984375, 109.73143005371094, 102.40223693847656], "ClipBounds": [77.447998046875, 92.94720458984375, 109.73143005371094, 102.40223693847656], "Page": 0, "Path": "//Document/Sect/Table[3]/TR[2]/TD", "attributes": {"BBox": [77.03689999999915, 95.06839999999647, 358.54499999999825, 109.46799999999712], "BlockAlign": "After", "ColIndex": 0, "Height": 14.375, "InlineAlign": "Start", "RowIndex": 1, "Width": 281.5}}, {"Bounds": [77.447998046875, 92.94720458984375, 109.73143005371094, 102.40223693847656], "ClipBounds": [77.447998046875, 92.94720458984375, 109.73143005371094, 102.40223693847656], "Font": {"alt_family_name": "Arial", "embedded": true, "encoding": "WinAnsiEncoding", "family_name": "Arial", "font_type": "TrueType", "italic": false, "monospaced": false, "name": "FHVUAT+Arial-BoldMT", "subset": true, "weight": 700}, "HasClip": true, "Lang": "en", "Page": 0, "Path": "//Document/Sect/Table[3]/TR[2]/TD/P", "Text": "Tax % ", "TextSize": 10.080001831054688, "attributes": {"LineHeight": 12.125}}, {"Bounds": [485.92999267578125, 92.94720458984375, 500.4100036621094, 102.40223693847656], "ClipBounds": [485.92999267578125, 92.94720458984375, 500.4100036621094, 102.40223693847656], "Page": 0, "Path": "//Document/Sect/Table[3]/TR[2]/TD[2]", "attributes": {"BBox": [358.54499999999825, 95.06839999999647, 519.8189999999886, 109.46799999999712], "BlockAlign": "After", "ColIndex": 1, "Height": 14.375, "InlineAlign": "End", "RowIndex": 1, "Width": 161.25}}, {"Bounds": [485.92999267578125, 92.94720458984375, 500.4100036621094, 102.40223693847656], "ClipBounds": [485.92999267578125, 92.94720458984375, 500.4100036621094, 102.40223693847656], "Font": {"alt_family_name": "Arial", "embedded": true, "encoding": "WinAnsiEncoding", "family_name": "Arial MT", "font_type": "TrueType", "italic": false, "monospaced": false, "name": "RHSJMV+ArialMT", "subset": true, "weight": 400}, "HasClip": true, "Lang": "en", "Page": 0, "Path": "//Document/Sect/Table[3]/TR[2]/TD[2]/P", "Text": "10 ", "TextSize": 10.080001831054688, "attributes": {"LineHeight": 12.125}}, {"Bounds": [77.447998046875, 639.3332061767578, 126.14447021484375, 648.7882385253906], "ClipBounds": [77.447998046875, 639.3332061767578, 126.14447021484375, 648.7882385253906], "Font": {"alt_family_name": "Arial", "embedded": true, "encoding": "WinAnsiEncoding", "family_name": "Arial", "font_type": "TrueType", "italic": false, "monospaced": false, "name": "FHVUAT+Arial-BoldMT", "subset": true, "weight": 700}, "HasClip": true, "Lang": "en", "Page": 1, "Path": "//Document/Sect/P[9]", "Text": "Total Due ", "TextSize": 10.080001831054688}, {"Bounds": [485.92999267578125, 637.3999938964844, 518.7078704833984, 645.8419952392578], "ClipBounds": [485.92999267578125, 637.3999938964844, 518.7078704833984, 645.8419952392578], "Font": {"alt_family_name": "Arial", "embedded": true, "encoding": "WinAnsiEncoding", "family_name": "Arial MT", "font_type": "TrueType", "italic": false, "monospaced": false, "name": "RHSJMV+ArialMT", "subset": true, "weight": 400}, "HasClip": true, "Lang": "en", "Page": 1, "Path": "//Document/Sect/P[10]", "Text": "$33044 ", "TextSize": 9.0, "attributes": {"LineHeight": 10.75, "TextAlign": "End"}}], "pages": [{"boxes": {"CropBox": [0.0, 0.0, 612.0, 792.0], "MediaBox": [0.0, 0.0, 612.0, 792.0]}, "height": 792.0, "is_scanned": false, "page_number": 0, "rotation": 0, "width": 612.0}, {"boxes": {"CropBox": [0.0, 0.0, 612.0, 792.0], "MediaBox": [0.0, 0.0, 612.0, 792.0]}, "height": 792.0, "is_scanned": false, "page_number": 1, "rotation": 0, "width": 612.0}]}