{"version":{"json_export":"187","page_segmentation":"5","schema":"1.1.0","structure":"1.1036.0","table_structure":"5"},"extended_metadata":{"ID_instance":"43 53 E4 38 3B B7 B2 11 0A 00 67 45 8B 6B C6 23 ","ID_permanent":"33 36 20 39 39 20 45 30 20 33 38 20 33 42 20 42 37 20 42 32 20 31 31 20 30 41 20 30 30 20 36 37 20 34 35 20 38 42 20 36 42 20 43 36 20 32 33 20 ","pdf_version":"1.6","pdfa_compliance_level":"","is_encrypted":false,"has_acroform":false,"is_digitally_signed":false,"pdfua_compliance_level":"","page_count":2,"has_embedded_files":false,"is_certified":false,"is_XFA":false,"language":"en-US"},"elements":[{"Bounds":[76.72799682617188,734.4232025146484,171.43968200683594,743.8782348632812],"ClipBounds":[76.72799682617188,734.4232025146484,171.43968200683594,743.8782348632812],"Font":{"alt_family_name":"Arial","embedded":true,"encoding":"WinAnsiEncoding","family_name":"Arial","font_type":"TrueType","italic":false,"monospaced":false,"name":"SSQYLD+Arial-BoldMT","subset":true,"weight":700},"HasClip":true,"Lang":"en","Page":0,"Path":"//Document/Sect/P","Text":"NearBy Electronics ","TextSize":10.080001831054688,"elementId":1},{"Bounds":[76.72799682617188,721.1031951904297,214.52447509765625,730.5582427978516],"ClipBounds":[76.72799682617188,721.1031951904297,214.52447509765625,730.5582427978516],"Font":{"alt_family_name":"Arial","embedded":true,"encoding":"WinAnsiEncoding","family_name":"Arial MT","font_type":"TrueType","italic":false,"monospaced":false,"name":"CPOGVJ+ArialMT","subset":true,"weight":400},"HasClip":true,"Page":0,"Path":"//Document/Sect/P[2]/Sub","Text":"3741 Glory Road, Jamestown, ","TextSize":10.080001831054688,"attributes":{"Placement":"Block"},"elementId":2},{"Bounds":[76.72799682617188,708.1132049560547,155.30166625976562,717.5682373046875],"ClipBounds":[76.72799682617188,708.1132049560547,155.30166625976562,717.5682373046875],"Font":{"alt_family_name":"Arial","embedded":true,"encoding":"WinAnsiEncoding","family_name":"Arial MT","font_type":"TrueType","italic":false,"monospaced":false,"name":"CPOGVJ+ArialMT","subset":true,"weight":400},"HasClip":true,"Page":0,"Path":"//Document/Sect/P[2]/Sub[2]","Text":"Tennessee, USA ","TextSize":10.080001831054688,"attributes":{"Placement":"Block"},"elementId":3},{"Bounds":[76.72799682617188,694.7931976318359,107.43167114257812,704.2482452392578],"ClipBounds":[76.72799682617188,694.7931976318359,107.43167114257812,704.2482452392578],"Font":{"alt_family_name":"Arial","embedded":true,"encoding":"WinAnsiEncoding","family_name":"Arial MT","font_type":"TrueType","italic":false,"monospaced":false,"name":"CPOGVJ+ArialMT","subset":true,"weight":400},"HasClip":true,"Page":0,"Path":"//Document/Sect/P[2]/Sub[3]","Text":"38556 ","TextSize":10.080001831054688,"attributes":{"Placement":"Block"},"elementId":4},{"Bounds":[340.05999755859375,694.7931976318359,543.3080749511719,730.5582427978516],"ClipBounds":[340.05999755859375,694.7931976318359,543.3080749511719,730.5582427978516],"Font":{"alt_family_name":"Arial","embedded":true,"encoding":"WinAnsiEncoding","family_name":"Arial MT","font_type":"TrueType","italic":false,"monospaced":false,"name":"CPOGVJ+ArialMT","subset":true,"weight":400},"HasClip":true,"Lang":"en","Page":0,"Path":"//Document/Sect/P[3]","Text":"Invoice# PL78471652155541337034579773 Issue date 12-05-2023 ","TextSize":10.080001831054688,"attributes":{"LineHeight":13.125,"TextAlign":"End"},"elementId":5},{"Bounds":[76.72799682617188,649.9085540771484,295.7052459716797,673.2309875488281],"ClipBounds":[76.72799682617188,649.9085540771484,295.7052459716797,673.2309875488281],"Font":{"alt_family_name":"Arial","embedded":true,"encoding":"WinAnsiEncoding","family_name":"Arial MT","font_type":"TrueType","italic":false,"monospaced":false,"name":"CPOGVJ+ArialMT","subset":true,"weight":400},"HasClip":true,"Lang":"en","Page":0,"Path":"//Document/Sect/Title","Text":"NearBy Electronics ","TextSize":24.863998413085938,"attributes":{"LineHeight":29.875},"elementId":6},{"Bounds":[76.72799682617188,633.9331970214844,460.8868713378906,643.3882446289062],"ClipBounds":[76.72799682617188,633.9331970214844,460.8868713378906,643.3882446289062],"Font":{"alt_family_name":"Arial","embedded":true,"encoding":"WinAnsiEncoding","family_name":"Arial MT","font_type":"TrueType","italic":false,"monospaced":false,"name":"CPOGVJ+ArialMT","subset":true,"weight":400},"HasClip":true,"Lang":"en","Page":0,"Path":"//Document/Sect/P[4]","Text":"We are here to serve you better. Reach out to us in case of any concern or feedbacks. ","TextSize":10.080001831054688,"attributes":{"SpaceAfter":18},"elementId":7},{"Bounds":[81.04800415039062,580.9832000732422,122.99087524414062,590.438232421875],"ClipBounds":[81.04800415039062,580.9832000732422,122.99087524414062,590.438232421875],"Font":{"alt_family_name":"Arial","embedded":true,"encoding":"WinAnsiEncoding","family_name":"Arial","font_type":"TrueType","italic":false,"monospaced":false,"name":"SSQYLD+Arial-BoldMT","subset":true,"weight":700},"HasClip":true,"Lang":"en","Page":0,"Path":"//Document/Sect/P[5]","Text":"BILL TO ","TextSize":10.080001831054688,"elementId":8},{"Bounds":[81.04800415039062,567.6631927490234,162.4339141845703,577.1182403564453],"ClipBounds":[81.04800415039062,567.6631927490234,162.4339141845703,577.1182403564453],"Font":{"alt_family_name":"Arial","embedded":true,"encoding":"WinAnsiEncoding","family_name":"Arial MT","font_type":"TrueType","italic":false,"monospaced":false,"name":"CPOGVJ+ArialMT","subset":true,"weight":400},"HasClip":true,"Page":0,"Path":"//Document/Sect/P[6]/Sub","Text":"Candace Gerhold ","TextSize":10.080001831054688,"attributes":{"Placement":"Block"},"elementId":9},{"Bounds":[81.04800415039062,554.6831970214844,188.62168884277344,564.1382446289062],"ClipBounds":[81.04800415039062,554.6831970214844,188.62168884277344,564.1382446289062],"Font":{"alt_family_name":"Arial","embedded":true,"encoding":"WinAnsiEncoding","family_name":"Arial MT","font_type":"TrueType","italic":false,"monospaced":false,"name":"CPOGVJ+ArialMT","subset":true,"weight":400},"HasClip":true,"Page":0,"Path":"//Document/Sect/P[6]/Sub[2]","Text":"Candace3@yahoo.com ","TextSize":10.080001831054688,"attributes":{"Placement":"Block"},"elementId":10},{"Bounds":[81.04800415039062,541.3632049560547,146.34808349609375,550.8182373046875],"ClipBounds":[81.04800415039062,541.3632049560547,146.34808349609375,550.8182373046875],"Font":{"alt_family_name":"Arial","embedded":true,"encoding":"WinAnsiEncoding","family_name":"Arial MT","font_type":"TrueType","italic":false,"monospaced":false,"name":"CPOGVJ+ArialMT","subset":true,"weight":400},"HasClip":true,"Page":0,"Path":"//Document/Sect/P[6]/Sub[3]","Text":"633-008-6596 ","TextSize":10.080001831054688,"attributes":{"Placement":"Block"},"elementId":11},{"Bounds":[81.04800415039062,528.0431976318359,149.1484832763672,537.4982452392578],"ClipBounds":[81.04800415039062,528.0431976318359,149.1484832763672,537.4982452392578],"Font":{"alt_family_name":"Arial","embedded":true,"encoding":"WinAnsiEncoding","family_name":"Arial MT","font_type":"TrueType","italic":false,"monospaced":false,"name":"CPOGVJ+ArialMT","subset":true,"weight":400},"HasClip":true,"Page":0,"Path":"//Document/Sect/P[6]/Sub[4]","Text":"533 Hintz Pine ","TextSize":10.080001831054688,"attributes":{"Placement":"Block"},"elementId":12},{"Bounds":[81.04800415039062,514.7232055664062,149.50128173828125,524.1782379150391],"ClipBounds":[81.04800415039062,514.7232055664062,149.50128173828125,524.1782379150391],"Font":{"alt_family_name":"Arial","embedded":true,"encoding":"WinAnsiEncoding","family_name":"Arial MT","font_type":"TrueType","italic":false,"monospaced":false,"name":"CPOGVJ+ArialMT","subset":true,"weight":400},"HasClip":true,"Page":0,"Path":"//Document/Sect/P[6]/Sub[5]","Text":"Cotton Ground ","TextSize":10.080001831054688,"attributes":{"Placement":"Block"},"elementId":13},{"Bounds":[240.25999450683594,514.7232055664062,371.5216827392578,590.438232421875],"ClipBounds":[240.25999450683594,514.7232055664062,371.5216827392578,590.438232421875],"Page":0,"Path":"//Document/Sect/Table","attributes":{"BBox":[240.22999999999593,516.8509999999951,368.74499999999534,588.9679999999935],"NumRow":5,"Placement":"Block","SpaceAfter":18},"filePaths":["tables/fileoutpart0.xlsx","tables/fileoutpart1.png"],"elementId":14},{"Bounds":[240.25999450683594,580.9832000732422,286.1240692138672,590.438232421875],"ClipBounds":[240.25999450683594,580.9832000732422,286.1240692138672,590.438232421875],"Page":0,"Path":"//Document/Sect/Table/TR/TH","attributes":{"BBox":[240.22999999999593,580.3289999999979,368.74499999999534,588.9679999999935],"BlockAlign":"Before","ColIndex":0,"Height":8.625,"InlineAlign":"Start","RowIndex":0,"Width":128.5},"elementId":15},{"Bounds":[240.25999450683594,580.9832000732422,286.1240692138672,590.438232421875],"ClipBounds":[240.25999450683594,580.9832000732422,286.1240692138672,590.438232421875],"Font":{"alt_family_name":"Arial","embedded":true,"encoding":"WinAnsiEncoding","family_name":"Arial","font_type":"TrueType","italic":false,"monospaced":false,"name":"SSQYLD+Arial-BoldMT","subset":true,"weight":700},"HasClip":true,"Lang":"en","Page":0,"Path":"//Document/Sect/Table/TR/TH/P","Text":"DETAILS ","TextSize":10.080001831054688,"attributes":{"LineHeight":12.125},"elementId":16},{"Bounds":[240.25999450683594,567.6631927490234,355.4239959716797,577.1182403564453],"ClipBounds":[240.25999450683594,567.6631927490234,355.4239959716797,577.1182403564453],"Page":0,"Path":"//Document/Sect/Table/TR[2]/TD","attributes":{"BBox":[240.22999999999593,566.6489999999758,368.74499999999534,580.3289999999979],"BlockAlign":"Middle","ColIndex":0,"Height":13.625,"InlineAlign":"Start","RowIndex":1,"Width":128.5},"elementId":17},{"Bounds":[240.25999450683594,567.6631927490234,355.4239959716797,577.1182403564453],"ClipBounds":[240.25999450683594,567.6631927490234,355.4239959716797,577.1182403564453],"Font":{"alt_family_name":"Arial","embedded":true,"encoding":"WinAnsiEncoding","family_name":"Arial MT","font_type":"TrueType","italic":false,"monospaced":false,"name":"CPOGVJ+ArialMT","subset":true,"weight":400},"HasClip":true,"Lang":"en","Page":0,"Path":"//Document/Sect/Table/TR[2]/TD/P","Text":"nostrud ea et exercitation ","TextSize":10.080001831054688,"attributes":{"LineHeight":12.125},"elementId":18},{"Bounds":[240.25999450683594,554.6831970214844,371.5216827392578,564.1382446289062],"ClipBounds":[240.25999450683594,554.6831970214844,371.5216827392578,564.1382446289062],"Page":0,"Path":"//Document/Sect/Table/TR[3]/TD","attributes":{"BBox":[240.22999999999593,552.9699999999721,368.74499999999534,566.6489999999758],"BlockAlign":"Middle","ColIndex":0,"Height":13.625,"InlineAlign":"Start","RowIndex":2,"Width":128.5},"elementId":19},{"Bounds":[240.25999450683594,554.6831970214844,371.5216827392578,564.1382446289062],"ClipBounds":[240.25999450683594,554.6831970214844,371.5216827392578,564.1382446289062],"Font":{"alt_family_name":"Arial","embedded":true,"encoding":"WinAnsiEncoding","family_name":"Arial MT","font_type":"TrueType","italic":false,"monospaced":false,"name":"CPOGVJ+ArialMT","subset":true,"weight":400},"HasClip":true,"Lang":"en","Page":0,"Path":"//Document/Sect/Table/TR[3]/TD/P","Text":"eiusmod veniam velit veniam ","TextSize":10.080001831054688,"attributes":{"LineHeight":12.125},"elementId":20},{"Bounds":[240.25999450683594,541.3632049560547,357.6214294433594,550.8182373046875],"ClipBounds":[240.25999450683594,541.3632049560547,357.6214294433594,550.8182373046875],"Page":0,"Path":"//Document/Sect/Table/TR[4]/TD","attributes":{"BBox":[240.22999999999593,538.5699999999779,368.74499999999534,552.9699999999721],"BlockAlign":"Middle","ColIndex":0,"Height":14.375,"InlineAlign":"Start","RowIndex":3,"Width":128.5},"elementId":21},{"Bounds":[240.25999450683594,541.3632049560547,357.6214294433594,550.8182373046875],"ClipBounds":[240.25999450683594,541.3632049560547,357.6214294433594,550.8182373046875],"Font":{"alt_family_name":"Arial","embedded":true,"encoding":"WinAnsiEncoding","family_name":"Arial MT","font_type":"TrueType","italic":false,"monospaced":false,"name":"CPOGVJ+ArialMT","subset":true,"weight":400},"HasClip":true,"Lang":"en","Page":0,"Path":"//Document/Sect/Table/TR[4]/TD/P","Text":"tempor velit culpa nostrud ","TextSize":10.080001831054688,"attributes":{"LineHeight":12.125},"elementId":22},{"Bounds":[240.25999450683594,514.7232055664062,360.02040100097656,537.4982452392578],"ClipBounds":[240.25999450683594,514.7232055664062,360.02040100097656,537.4982452392578],"Page":0,"Path":"//Document/Sect/Table/TR[5]/TD","attributes":{"BBox":[240.22999999999593,516.8509999999951,368.74499999999534,538.5699999999779],"BlockAlign":"After","ColIndex":0,"Height":21.75,"InlineAlign":"Start","RowIndex":4,"Width":128.5},"elementId":23},{"Bounds":[240.25999450683594,514.7232055664062,360.02040100097656,537.4982452392578],"ClipBounds":[240.25999450683594,514.7232055664062,360.02040100097656,537.4982452392578],"Font":{"alt_family_name":"Arial","embedded":true,"encoding":"WinAnsiEncoding","family_name":"Arial MT","font_type":"TrueType","italic":false,"monospaced":false,"name":"CPOGVJ+ArialMT","subset":true,"weight":400},"HasClip":true,"Lang":"pt","Page":0,"Path":"//Document/Sect/Table/TR[5]/TD/P","Text":"consectetur sint excepteur sunt esse do ","TextSize":10.080001831054688,"attributes":{"LineHeight":13.375},"elementId":24},{"Bounds":[412.8000030517578,580.9832000732422,464.58103942871094,590.438232421875],"ClipBounds":[412.8000030517578,580.9832000732422,464.58103942871094,590.438232421875],"Font":{"alt_family_name":"Arial","embedded":true,"encoding":"WinAnsiEncoding","family_name":"Arial","font_type":"TrueType","italic":false,"monospaced":false,"name":"SSQYLD+Arial-BoldMT","subset":true,"weight":700},"HasClip":true,"Lang":"en","Page":0,"Path":"//Document/Sect/P[7]","Text":"PAYMENT ","TextSize":10.080001831054688,"elementId":25},{"Bounds":[412.8000030517578,567.6631927490234,513.0480804443359,577.1182403564453],"ClipBounds":[412.8000030517578,567.6631927490234,513.0480804443359,577.1182403564453],"Font":{"alt_family_name":"Arial","embedded":true,"encoding":"WinAnsiEncoding","family_name":"Arial MT","font_type":"TrueType","italic":false,"monospaced":false,"name":"CPOGVJ+ArialMT","subset":true,"weight":400},"HasClip":true,"Lang":"en","Page":0,"Path":"//Document/Sect/P[8]","Text":"Due date: 26-06-2023 ","TextSize":10.080001831054688,"attributes":{"SpaceAfter":18},"elementId":26},{"Bounds":[410.63999938964844,535.3764038085938,459.87107849121094,545.844482421875],"ClipBounds":[410.63999938964844,535.3764038085938,459.87107849121094,545.844482421875],"Font":{"alt_family_name":"Arial","embedded":true,"encoding":"WinAnsiEncoding","family_name":"Arial","font_type":"TrueType","italic":false,"monospaced":false,"name":"SSQYLD+Arial-BoldMT","subset":true,"weight":700},"HasClip":true,"Lang":"en","Page":0,"Path":"//Document/Sect/Aside/P","Text":"$33992.2 ","TextSize":11.160003662109375,"attributes":{"SpaceAfter":18},"elementId":27},{"Bounds":[77.447998046875,430.0731964111328,530.1510314941406,439.5282440185547],"ClipBounds":[77.447998046875,430.0731964111328,530.1510314941406,439.5282440185547],"Page":0,"Path":"//Document/Sect/Table[2]","attributes":{"BBox":[71.5170999999973,414.73499999998603,540.9379999999946,447.73399999999674],"NumCol":4,"Placement":"Block","SpaceAfter":18},"filePaths":["tables/fileoutpart2.xlsx","tables/fileoutpart3.png"],"elementId":28},{"Bounds":[77.447998046875,430.0731964111328,104.47239685058594,439.5282440185547],"ClipBounds":[77.447998046875,430.0731964111328,104.47239685058594,439.5282440185547],"Page":0,"Path":"//Document/Sect/Table[2]/TR/TD","attributes":{"BBox":[71.5170999999973,413.8949999999895,358.78499999998894,447.73399999999674],"BlockAlign":"Middle","BorderColor":[[0,0,0],[0.6235349999999755,0.6235349999999755,0.6235349999999755],[0,0,0],[0,0,0]],"BorderStyle":"Solid","BorderThickness":[0.625,0.875,0.5,0.25],"ColIndex":0,"Height":33.875,"InlineAlign":"Start","RowIndex":0,"Width":287.25},"elementId":29},{"Bounds":[77.447998046875,430.0731964111328,104.47239685058594,439.5282440185547],"ClipBounds":[77.447998046875,430.0731964111328,104.47239685058594,439.5282440185547],"Font":{"alt_family_name":"Arial","embedded":true,"encoding":"WinAnsiEncoding","family_name":"Arial","font_type":"TrueType","italic":false,"monospaced":false,"name":"SSQYLD+Arial-BoldMT","subset":true,"weight":700},"HasClip":true,"Lang":"en","Page":0,"Path":"//Document/Sect/Table[2]/TR/TD/P","Text":"ITEM ","TextSize":10.080001831054688,"attributes":{"LineHeight":12.125},"elementId":30},{"Bounds":[363.1000061035156,430.0731964111328,386.6570281982422,439.5282440185547],"ClipBounds":[363.1000061035156,430.0731964111328,386.6570281982422,439.5282440185547],"Page":0,"Path":"//Document/Sect/Table[2]/TR/TD[2]","attributes":{"BBox":[358.304999999993,413.8949999999895,415.6629999999859,447.73399999999674],"BlockAlign":"Middle","BorderColor":[[0,0,0],[0.6235349999999755,0.6235349999999755,0.6235349999999755],[0,0,0],[0,0,0]],"BorderStyle":"Solid","BorderThickness":[0.625,0.875,0.25,0.25],"ColIndex":1,"Height":33.875,"InlineAlign":"Start","RowIndex":0,"Width":57.375},"elementId":31},{"Bounds":[363.1000061035156,430.0731964111328,386.6570281982422,439.5282440185547],"ClipBounds":[363.1000061035156,430.0731964111328,386.6570281982422,439.5282440185547],"Font":{"alt_family_name":"Arial","embedded":true,"encoding":"WinAnsiEncoding","family_name":"Arial","font_type":"TrueType","italic":false,"monospaced":false,"name":"SSQYLD+Arial-BoldMT","subset":true,"weight":700},"HasClip":true,"Lang":"en","Page":0,"Path":"//Document/Sect/Table[2]/TR/TD[2]/P","Text":"QTY ","TextSize":10.080001831054688,"attributes":{"LineHeight":12.125},"elementId":32},{"Bounds":[420.3800048828125,430.0731964111328,450.7712707519531,439.5282440185547],"ClipBounds":[420.3800048828125,430.0731964111328,450.7712707519531,439.5282440185547],"Page":0,"Path":"//Document/Sect/Table[2]/TR/TD[3]","attributes":{"BBox":[415.18299999999,413.8949999999895,481.8999999999942,447.73399999999674],"BlockAlign":"Middle","BorderColor":[[0,0,0],[0.6235349999999755,0.6235349999999755,0.6235349999999755],[0,0,0],[0,0,0]],"BorderStyle":"Solid","BorderThickness":[0.625,0.875,0.25,0.25],"ColIndex":2,"Height":33.875,"InlineAlign":"Start","RowIndex":0,"Width":66.75},"elementId":33},{"Bounds":[420.3800048828125,430.0731964111328,450.7712707519531,439.5282440185547],"ClipBounds":[420.3800048828125,430.0731964111328,450.7712707519531,439.5282440185547],"Font":{"alt_family_name":"Arial","embedded":true,"encoding":"WinAnsiEncoding","family_name":"Arial","font_type":"TrueType","italic":false,"monospaced":false,"name":"SSQYLD+Arial-BoldMT","subset":true,"weight":700},"HasClip":true,"Lang":"en","Page":0,"Path":"//Document/Sect/Table[2]/TR/TD[3]/P","Text":"RATE ","TextSize":10.080001831054688,"attributes":{"LineHeight":12.125},"elementId":34},{"Bounds":[483.4100036621094,430.0731964111328,530.1510314941406,439.5282440185547],"ClipBounds":[483.4100036621094,430.0731964111328,530.1510314941406,439.5282440185547],"Page":0,"Path":"//Document/Sect/Table[2]/TR/TD[4]","attributes":{"BBox":[481.41999999999825,413.8949999999895,541.417999999976,447.73399999999674],"BlockAlign":"Middle","BorderColor":[[0,0,0],[0.6235349999999755,0.6235349999999755,0.6235349999999755],[0,0,0],[0,0,0]],"BorderStyle":"Solid","BorderThickness":[0.625,0.875,0.25,0.5],"ColIndex":3,"Height":33.875,"InlineAlign":"Start","RowIndex":0,"Width":60},"elementId":35},{"Bounds":[483.4100036621094,430.0731964111328,530.1510314941406,439.5282440185547],"ClipBounds":[483.4100036621094,430.0731964111328,530.1510314941406,439.5282440185547],"Font":{"alt_family_name":"Arial","embedded":true,"encoding":"WinAnsiEncoding","family_name":"Arial","font_type":"TrueType","italic":false,"monospaced":false,"name":"SSQYLD+Arial-BoldMT","subset":true,"weight":700},"HasClip":true,"Lang":"en","Page":0,"Path":"//Document/Sect/Table[2]/TR/TD[4]/P","Text":"AMOUNT ","TextSize":10.080001831054688,"attributes":{"LineHeight":12.125},"elementId":36},{"Bounds":[77.447998046875,193.0731964111328,523.4736785888672,403.50823974609375],"ClipBounds":[77.447998046875,193.0731964111328,523.4736785888672,403.50823974609375],"Page":0,"Path":"//Document/Sect/Table[3]","attributes":{"BBox":[71.5170999999973,175.70499999999447,540.9379999999946,411.97499999999127],"NumCol":4,"NumRow":7,"Placement":"Block","SpaceAfter":18},"filePaths":["tables/fileoutpart4.xlsx","tables/fileoutpart5.png"],"elementId":37},{"Bounds":[77.447998046875,394.05320739746094,177.55247497558594,403.50823974609375],"ClipBounds":[77.447998046875,394.05320739746094,177.55247497558594,403.50823974609375],"Page":0,"Path":"//Document/Sect/Table[3]/TR/TD","attributes":{"BBox":[71.5170999999973,376.33699999999953,358.0649999999878,411.97499999999127],"BlockAlign":"Before","BorderColor":[0,0,0],"BorderStyle":"Solid","BorderThickness":[0.625,0.25,0.5,0.25],"ColIndex":0,"Height":35.625,"InlineAlign":"Start","RowIndex":0,"Width":286.375},"elementId":38},{"Bounds":[77.447998046875,394.05320739746094,177.55247497558594,403.50823974609375],"ClipBounds":[77.447998046875,394.05320739746094,177.55247497558594,403.50823974609375],"Font":{"alt_family_name":"Arial","embedded":true,"encoding":"WinAnsiEncoding","family_name":"Arial MT","font_type":"TrueType","italic":false,"monospaced":false,"name":"CPOGVJ+ArialMT","subset":true,"weight":400},"HasClip":true,"Lang":"en","Page":0,"Path":"//Document/Sect/Table[3]/TR/TD/P","Text":"Licensed Rubber Fish ","TextSize":10.080001831054688,"attributes":{"LineHeight":12.125},"elementId":39},{"Bounds":[363.82000732421875,394.05320739746094,378.3000030517578,403.50823974609375],"ClipBounds":[363.82000732421875,394.05320739746094,378.3000030517578,403.50823974609375],"Page":0,"Path":"//Document/Sect/Table[3]/TR/TD[2]","attributes":{"BBox":[357.58499999999185,376.33699999999953,414.22299999999814,411.97499999999127],"BlockAlign":"Before","BorderColor":[0,0,0],"BorderStyle":"Solid","BorderThickness":[0.625,0.25,0.25,0.25],"ColIndex":1,"Height":35.625,"InlineAlign":"Start","RowIndex":0,"Width":56.625},"elementId":40},{"Bounds":[363.82000732421875,394.05320739746094,378.3000030517578,403.50823974609375],"ClipBounds":[363.82000732421875,394.05320739746094,378.3000030517578,403.50823974609375],"Font":{"alt_family_name":"Arial","embedded":true,"encoding":"WinAnsiEncoding","family_name":"Arial MT","font_type":"TrueType","italic":false,"monospaced":false,"name":"CPOGVJ+ArialMT","subset":true,"weight":400},"HasClip":true,"Lang":"en","Page":0,"Path":"//Document/Sect/Table[3]/TR/TD[2]/P","Text":"74 ","TextSize":10.080001831054688,"attributes":{"LineHeight":12.125},"elementId":41},{"Bounds":[420.3800048828125,394.05320739746094,434.86000061035156,403.50823974609375],"ClipBounds":[420.3800048828125,394.05320739746094,434.86000061035156,403.50823974609375],"Page":0,"Path":"//Document/Sect/Table[3]/TR/TD[3]","attributes":{"BBox":[413.74299999998766,376.33699999999953,481.8999999999942,411.97499999999127],"BlockAlign":"Before","BorderColor":[0,0,0],"BorderStyle":"Solid","BorderThickness":[0.625,0.25,0.25,0.25],"ColIndex":2,"Height":35.625,"InlineAlign":"Start","RowIndex":0,"Width":68.125},"elementId":42},{"Bounds":[420.3800048828125,394.05320739746094,434.86000061035156,403.50823974609375],"ClipBounds":[420.3800048828125,394.05320739746094,434.86000061035156,403.50823974609375],"Font":{"alt_family_name":"Arial","embedded":true,"encoding":"WinAnsiEncoding","family_name":"Arial MT","font_type":"TrueType","italic":false,"monospaced":false,"name":"CPOGVJ+ArialMT","subset":true,"weight":400},"HasClip":true,"Lang":"en","Page":0,"Path":"//Document/Sect/Table[3]/TR/TD[3]/P","Text":"76 ","TextSize":10.080001831054688,"attributes":{"LineHeight":12.125},"elementId":43},{"Bounds":[487.00999450683594,394.05320739746094,517.7280731201172,403.50823974609375],"ClipBounds":[487.00999450683594,394.05320739746094,517.7280731201172,403.50823974609375],"Page":0,"Path":"//Document/Sect/Table[3]/TR/TD[4]","attributes":{"BBox":[481.41999999999825,376.33699999999953,541.417999999976,411.97499999999127],"BlockAlign":"Before","BorderColor":[0,0,0],"BorderStyle":"Solid","BorderThickness":[0.625,0.25,0.25,0.5],"ColIndex":3,"Height":35.625,"InlineAlign":"Start","RowIndex":0,"Width":60},"elementId":44},{"Bounds":[487.00999450683594,394.05320739746094,517.7280731201172,403.50823974609375],"ClipBounds":[487.00999450683594,394.05320739746094,517.7280731201172,403.50823974609375],"Font":{"alt_family_name":"Arial","embedded":true,"encoding":"WinAnsiEncoding","family_name":"Arial MT","font_type":"TrueType","italic":false,"monospaced":false,"name":"CPOGVJ+ArialMT","subset":true,"weight":400},"HasClip":true,"Lang":"en","Page":0,"Path":"//Document/Sect/Table[3]/TR/TD[4]/P","Text":"$5624 ","TextSize":10.080001831054688,"attributes":{"LineHeight":12.125},"elementId":45},{"Bounds":[77.447998046875,360.5731964111328,175.53648376464844,370.0282440185547],"ClipBounds":[77.447998046875,360.5731964111328,175.53648376464844,370.0282440185547],"Page":0,"Path":"//Document/Sect/Table[3]/TR[2]/TD","attributes":{"BBox":[71.5170999999973,343.2179999999935,358.0649999999878,376.81699999999546],"BlockAlign":"Before","BorderColor":[0,0,0],"BorderStyle":"Solid","BorderThickness":[0.25,0.25,0.5,0.25],"ColIndex":0,"Height":33.625,"InlineAlign":"Start","RowIndex":1,"Width":286.375},"elementId":46},{"Bounds":[77.447998046875,360.5731964111328,175.53648376464844,370.0282440185547],"ClipBounds":[77.447998046875,360.5731964111328,175.53648376464844,370.0282440185547],"Font":{"alt_family_name":"Arial","embedded":true,"encoding":"WinAnsiEncoding","family_name":"Arial MT","font_type":"TrueType","italic":false,"monospaced":false,"name":"CPOGVJ+ArialMT","subset":true,"weight":400},"HasClip":true,"Lang":"en","Page":0,"Path":"//Document/Sect/Table[3]/TR[2]/TD/P","Text":"Practical Steel Shoes ","TextSize":10.080001831054688,"attributes":{"LineHeight":12.125},"elementId":47},{"Bounds":[363.82000732421875,360.5731964111328,378.3000030517578,370.0282440185547],"ClipBounds":[363.82000732421875,360.5731964111328,378.3000030517578,370.0282440185547],"Page":0,"Path":"//Document/Sect/Table[3]/TR[2]/TD[2]","attributes":{"BBox":[357.58499999999185,343.2179999999935,414.22299999999814,376.81699999999546],"BlockAlign":"Before","BorderColor":[0,0,0],"BorderStyle":"Solid","BorderThickness":0.25,"ColIndex":1,"Height":33.625,"InlineAlign":"Start","RowIndex":1,"Width":56.625},"elementId":48},{"Bounds":[363.82000732421875,360.5731964111328,378.3000030517578,370.0282440185547],"ClipBounds":[363.82000732421875,360.5731964111328,378.3000030517578,370.0282440185547],"Font":{"alt_family_name":"Arial","embedded":true,"encoding":"WinAnsiEncoding","family_name":"Arial MT","font_type":"TrueType","italic":false,"monospaced":false,"name":"CPOGVJ+ArialMT","subset":true,"weight":400},"HasClip":true,"Lang":"en","Page":0,"Path":"//Document/Sect/Table[3]/TR[2]/TD[2]/P","Text":"63 ","TextSize":10.080001831054688,"attributes":{"LineHeight":12.125},"elementId":49},{"Bounds":[420.3800048828125,360.5731964111328,434.86000061035156,370.0282440185547],"ClipBounds":[420.3800048828125,360.5731964111328,434.86000061035156,370.0282440185547],"Page":0,"Path":"//Document/Sect/Table[3]/TR[2]/TD[3]","attributes":{"BBox":[413.74299999998766,343.2179999999935,481.8999999999942,376.81699999999546],"BlockAlign":"Before","BorderColor":[0,0,0],"BorderStyle":"Solid","BorderThickness":0.25,"ColIndex":2,"Height":33.625,"InlineAlign":"Start","RowIndex":1,"Width":68.125},"elementId":50},{"Bounds":[420.3800048828125,360.5731964111328,434.86000061035156,370.0282440185547],"ClipBounds":[420.3800048828125,360.5731964111328,434.86000061035156,370.0282440185547],"Font":{"alt_family_name":"Arial","embedded":true,"encoding":"WinAnsiEncoding","family_name":"Arial MT","font_type":"TrueType","italic":false,"monospaced":false,"name":"CPOGVJ+ArialMT","subset":true,"weight":400},"HasClip":true,"Lang":"en","Page":0,"Path":"//Document/Sect/Table[3]/TR[2]/TD[3]/P","Text":"40 ","TextSize":10.080001831054688,"attributes":{"LineHeight":12.125},"elementId":51},{"Bounds":[487.00999450683594,360.5731964111328,517.7280731201172,370.0282440185547],"ClipBounds":[487.00999450683594,360.5731964111328,517.7280731201172,370.0282440185547],"Page":0,"Path":"//Document/Sect/Table[3]/TR[2]/TD[4]","attributes":{"BBox":[481.41999999999825,343.2179999999935,541.417999999976,376.81699999999546],"BlockAlign":"Before","BorderColor":[0,0,0],"BorderStyle":"Solid","BorderThickness":[0.25,0.25,0.25,0.5],"ColIndex":3,"Height":33.625,"InlineAlign":"Start","RowIndex":1,"Width":60},"elementId":52},{"Bounds":[487.00999450683594,360.5731964111328,517.7280731201172,370.0282440185547],"ClipBounds":[487.00999450683594,360.5731964111328,517.7280731201172,370.0282440185547],"Font":{"alt_family_name":"Arial","embedded":true,"encoding":"WinAnsiEncoding","family_name":"Arial MT","font_type":"TrueType","italic":false,"monospaced":false,"name":"CPOGVJ+ArialMT","subset":true,"weight":400},"HasClip":true,"Lang":"en","Page":0,"Path":"//Document/Sect/Table[3]/TR[2]/TD[4]/P","Text":"$2520 ","TextSize":10.080001831054688,"attributes":{"LineHeight":12.125},"elementId":53},{"Bounds":[77.447998046875,327.0632019042969,194.09375,336.5182342529297],"ClipBounds":[77.447998046875,327.0632019042969,194.09375,336.5182342529297],"Page":0,"Path":"//Document/Sect/Table[3]/TR[3]/TD","attributes":{"BBox":[71.5170999999973,310.09999999999127,358.0649999999878,343.6979999999894],"BlockAlign":"Before","BorderColor":[0,0,0],"BorderStyle":"Solid","BorderThickness":[0.25,0.25,0.5,0.25],"ColIndex":0,"Height":33.625,"InlineAlign":"Start","RowIndex":2,"Width":286.375},"elementId":54},{"Bounds":[77.447998046875,327.0632019042969,194.09375,336.5182342529297],"ClipBounds":[77.447998046875,327.0632019042969,194.09375,336.5182342529297],"Font":{"alt_family_name":"Arial","embedded":true,"encoding":"WinAnsiEncoding","family_name":"Arial MT","font_type":"TrueType","italic":false,"monospaced":false,"name":"CPOGVJ+ArialMT","subset":true,"weight":400},"HasClip":true,"Lang":"en","Page":0,"Path":"//Document/Sect/Table[3]/TR[3]/TD/P","Text":"Incredible Concrete Pizza ","TextSize":10.080001831054688,"attributes":{"LineHeight":12.125},"elementId":55},{"Bounds":[363.82000732421875,327.0632019042969,372.2267150878906,336.5182342529297],"ClipBounds":[363.82000732421875,327.0632019042969,372.2267150878906,336.5182342529297],"Page":0,"Path":"//Document/Sect/Table[3]/TR[3]/TD[2]","attributes":{"BBox":[357.58499999999185,310.09999999999127,414.22299999999814,343.6979999999894],"BlockAlign":"Before","BorderColor":[0,0,0],"BorderStyle":"Solid","BorderThickness":0.25,"ColIndex":1,"Height":33.625,"InlineAlign":"Start","RowIndex":2,"Width":56.625},"elementId":56},{"Bounds":[363.82000732421875,327.0632019042969,372.2267150878906,336.5182342529297],"ClipBounds":[363.82000732421875,327.0632019042969,372.2267150878906,336.5182342529297],"Font":{"alt_family_name":"Arial","embedded":true,"encoding":"WinAnsiEncoding","family_name":"Arial MT","font_type":"TrueType","italic":false,"monospaced":false,"name":"CPOGVJ+ArialMT","subset":true,"weight":400},"HasClip":true,"Lang":"en","Page":0,"Path":"//Document/Sect/Table[3]/TR[3]/TD[2]/P","Text":"7 ","TextSize":10.080001831054688,"attributes":{"LineHeight":12.125},"elementId":57},{"Bounds":[420.3800048828125,327.0632019042969,434.86000061035156,336.5182342529297],"ClipBounds":[420.3800048828125,327.0632019042969,434.86000061035156,336.5182342529297],"Page":0,"Path":"//Document/Sect/Table[3]/TR[3]/TD[3]","attributes":{"BBox":[413.74299999998766,310.09999999999127,481.8999999999942,343.6979999999894],"BlockAlign":"Before","BorderColor":[0,0,0],"BorderStyle":"Solid","BorderThickness":0.25,"ColIndex":2,"Height":33.625,"InlineAlign":"Start","RowIndex":2,"Width":68.125},"elementId":58},{"Bounds":[420.3800048828125,327.0632019042969,434.86000061035156,336.5182342529297],"ClipBounds":[420.3800048828125,327.0632019042969,434.86000061035156,336.5182342529297],"Font":{"alt_family_name":"Arial","embedded":true,"encoding":"WinAnsiEncoding","family_name":"Arial MT","font_type":"TrueType","italic":false,"monospaced":false,"name":"CPOGVJ+ArialMT","subset":true,"weight":400},"HasClip":true,"Lang":"en","Page":0,"Path":"//Document/Sect/Table[3]/TR[3]/TD[3]/P","Text":"58 ","TextSize":10.080001831054688,"attributes":{"LineHeight":12.125},"elementId":59},{"Bounds":[487.00999450683594,327.0632019042969,512.3251953125,336.5182342529297],"ClipBounds":[487.00999450683594,327.0632019042969,512.3251953125,336.5182342529297],"Page":0,"Path":"//Document/Sect/Table[3]/TR[3]/TD[4]","attributes":{"BBox":[481.41999999999825,310.09999999999127,541.417999999976,343.6979999999894],"BlockAlign":"Before","BorderColor":[0,0,0],"BorderStyle":"Solid","BorderThickness":[0.25,0.25,0.25,0.5],"ColIndex":3,"Height":33.625,"InlineAlign":"Start","RowIndex":2,"Width":60},"elementId":60},{"Bounds":[487.00999450683594,327.0632019042969,512.3251953125,336.5182342529297],"ClipBounds":[487.00999450683594,327.0632019042969,512.3251953125,336.5182342529297],"Font":{"alt_family_name":"Arial","embedded":true,"encoding":"WinAnsiEncoding","family_name":"Arial MT","font_type":"TrueType","italic":false,"monospaced":false,"name":"CPOGVJ+ArialMT","subset":true,"weight":400},"HasClip":true,"Lang":"en","Page":0,"Path":"//Document/Sect/Table[3]/TR[3]/TD[4]/P","Text":"$406 ","TextSize":10.080001831054688,"attributes":{"LineHeight":12.125},"elementId":61},{"Bounds":[77.447998046875,293.5632019042969,159.21694946289062,303.0182342529297],"ClipBounds":[77.447998046875,293.5632019042969,159.21694946289062,303.0182342529297],"Page":0,"Path":"//Document/Sect/Table[3]/TR[4]/TD","attributes":{"BBox":[71.5170999999973,276.2609999999986,358.0649999999878,310.5799999999872],"BlockAlign":"Before","BorderColor":[0,0,0],"BorderStyle":"Solid","BorderThickness":[0.25,0.25,0.5,0.25],"ColIndex":0,"Height":34.375,"InlineAlign":"Start","RowIndex":3,"Width":286.375},"elementId":62},{"Bounds":[77.447998046875,293.5632019042969,159.21694946289062,303.0182342529297],"ClipBounds":[77.447998046875,293.5632019042969,159.21694946289062,303.0182342529297],"Font":{"alt_family_name":"Arial","embedded":true,"encoding":"WinAnsiEncoding","family_name":"Arial MT","font_type":"TrueType","italic":false,"monospaced":false,"name":"CPOGVJ+ArialMT","subset":true,"weight":400},"HasClip":true,"Lang":"en","Page":0,"Path":"//Document/Sect/Table[3]/TR[4]/TD/P","Text":"Small Steel Salad ","TextSize":10.080001831054688,"attributes":{"LineHeight":12.125},"elementId":63},{"Bounds":[363.82000732421875,293.5632019042969,378.3000030517578,303.0182342529297],"ClipBounds":[363.82000732421875,293.5632019042969,378.3000030517578,303.0182342529297],"Page":0,"Path":"//Document/Sect/Table[3]/TR[4]/TD[2]","attributes":{"BBox":[357.58499999999185,276.2609999999986,414.22299999999814,310.5799999999872],"BlockAlign":"Before","BorderColor":[0,0,0],"BorderStyle":"Solid","BorderThickness":0.25,"ColIndex":1,"Height":34.375,"InlineAlign":"Start","RowIndex":3,"Width":56.625},"elementId":64},{"Bounds":[363.82000732421875,293.5632019042969,378.3000030517578,303.0182342529297],"ClipBounds":[363.82000732421875,293.5632019042969,378.3000030517578,303.0182342529297],"Font":{"alt_family_name":"Arial","embedded":true,"encoding":"WinAnsiEncoding","family_name":"Arial MT","font_type":"TrueType","italic":false,"monospaced":false,"name":"CPOGVJ+ArialMT","subset":true,"weight":400},"HasClip":true,"Lang":"en","Page":0,"Path":"//Document/Sect/Table[3]/TR[4]/TD[2]/P","Text":"80 ","TextSize":10.080001831054688,"attributes":{"LineHeight":12.125},"elementId":65},{"Bounds":[420.3800048828125,293.5632019042969,434.86000061035156,303.0182342529297],"ClipBounds":[420.3800048828125,293.5632019042969,434.86000061035156,303.0182342529297],"Page":0,"Path":"//Document/Sect/Table[3]/TR[4]/TD[3]","attributes":{"BBox":[413.74299999998766,276.2609999999986,481.8999999999942,310.5799999999872],"BlockAlign":"Before","BorderColor":[0,0,0],"BorderStyle":"Solid","BorderThickness":0.25,"ColIndex":2,"Height":34.375,"InlineAlign":"Start","RowIndex":3,"Width":68.125},"elementId":66},{"Bounds":[420.3800048828125,293.5632019042969,434.86000061035156,303.0182342529297],"ClipBounds":[420.3800048828125,293.5632019042969,434.86000061035156,303.0182342529297],"Font":{"alt_family_name":"Arial","embedded":true,"encoding":"WinAnsiEncoding","family_name":"Arial MT","font_type":"TrueType","italic":false,"monospaced":false,"name":"CPOGVJ+ArialMT","subset":true,"weight":400},"HasClip":true,"Lang":"en","Page":0,"Path":"//Document/Sect/Table[3]/TR[4]/TD[3]/P","Text":"21 ","TextSize":10.080001831054688,"attributes":{"LineHeight":12.125},"elementId":67},{"Bounds":[487.00999450683594,293.5632019042969,517.7280731201172,303.0182342529297],"ClipBounds":[487.00999450683594,293.5632019042969,517.7280731201172,303.0182342529297],"Page":0,"Path":"//Document/Sect/Table[3]/TR[4]/TD[4]","attributes":{"BBox":[481.41999999999825,276.2609999999986,541.417999999976,310.5799999999872],"BlockAlign":"Before","BorderColor":[0,0,0],"BorderStyle":"Solid","BorderThickness":[0.25,0.25,0.25,0.5],"ColIndex":3,"Height":34.375,"InlineAlign":"Start","RowIndex":3,"Width":60},"elementId":68},{"Bounds":[487.00999450683594,293.5632019042969,517.7280731201172,303.0182342529297],"ClipBounds":[487.00999450683594,293.5632019042969,517.7280731201172,303.0182342529297],"Font":{"alt_family_name":"Arial","embedded":true,"encoding":"WinAnsiEncoding","family_name":"Arial MT","font_type":"TrueType","italic":false,"monospaced":false,"name":"CPOGVJ+ArialMT","subset":true,"weight":400},"HasClip":true,"Lang":"en","Page":0,"Path":"//Document/Sect/Table[3]/TR[4]/TD[4]/P","Text":"$1680 ","TextSize":10.080001831054688,"attributes":{"LineHeight":12.125},"elementId":69},{"Bounds":[77.447998046875,260.0832061767578,160.51727294921875,269.5382385253906],"ClipBounds":[77.447998046875,260.0832061767578,160.51727294921875,269.5382385253906],"Page":0,"Path":"//Document/Sect/Table[3]/TR[5]/TD","attributes":{"BBox":[71.5170999999973,243.14199999999983,358.0649999999878,276.74099999999453],"BlockAlign":"Before","BorderColor":[0,0,0],"BorderStyle":"Solid","BorderThickness":[0.25,0.25,0.5,0.25],"ColIndex":0,"Height":33.625,"InlineAlign":"Start","RowIndex":4,"Width":286.375},"elementId":70},{"Bounds":[77.447998046875,260.0832061767578,160.51727294921875,269.5382385253906],"ClipBounds":[77.447998046875,260.0832061767578,160.51727294921875,269.5382385253906],"Font":{"alt_family_name":"Arial","embedded":true,"encoding":"WinAnsiEncoding","family_name":"Arial MT","font_type":"TrueType","italic":false,"monospaced":false,"name":"CPOGVJ+ArialMT","subset":true,"weight":400},"HasClip":true,"Lang":"en","Page":0,"Path":"//Document/Sect/Table[3]/TR[5]/TD/P","Text":"Licensed Soft Ball ","TextSize":10.080001831054688,"attributes":{"LineHeight":12.125},"elementId":71},{"Bounds":[363.82000732421875,260.0832061767578,383.3751983642578,269.5382385253906],"ClipBounds":[363.82000732421875,260.0832061767578,383.3751983642578,269.5382385253906],"Page":0,"Path":"//Document/Sect/Table[3]/TR[5]/TD[2]","attributes":{"BBox":[357.58499999999185,243.14199999999983,414.22299999999814,276.74099999999453],"BlockAlign":"Before","BorderColor":[0,0,0],"BorderStyle":"Solid","BorderThickness":0.25,"ColIndex":1,"Height":33.625,"InlineAlign":"Start","RowIndex":4,"Width":56.625},"elementId":72},{"Bounds":[363.82000732421875,260.0832061767578,383.3751983642578,269.5382385253906],"ClipBounds":[363.82000732421875,260.0832061767578,383.3751983642578,269.5382385253906],"Font":{"alt_family_name":"Arial","embedded":true,"encoding":"WinAnsiEncoding","family_name":"Arial MT","font_type":"TrueType","italic":false,"monospaced":false,"name":"CPOGVJ+ArialMT","subset":true,"weight":400},"HasClip":true,"Lang":"en","Page":0,"Path":"//Document/Sect/Table[3]/TR[5]/TD[2]/P","Text":"108 ","TextSize":10.080001831054688,"attributes":{"LineHeight":12.125},"elementId":73},{"Bounds":[420.3800048828125,260.0832061767578,434.86000061035156,269.5382385253906],"ClipBounds":[420.3800048828125,260.0832061767578,434.86000061035156,269.5382385253906],"Page":0,"Path":"//Document/Sect/Table[3]/TR[5]/TD[3]","attributes":{"BBox":[413.74299999998766,243.14199999999983,481.8999999999942,276.74099999999453],"BlockAlign":"Before","BorderColor":[0,0,0],"BorderStyle":"Solid","BorderThickness":0.25,"ColIndex":2,"Height":33.625,"InlineAlign":"Start","RowIndex":4,"Width":68.125},"elementId":74},{"Bounds":[420.3800048828125,260.0832061767578,434.86000061035156,269.5382385253906],"ClipBounds":[420.3800048828125,260.0832061767578,434.86000061035156,269.5382385253906],"Font":{"alt_family_name":"Arial","embedded":true,"encoding":"WinAnsiEncoding","family_name":"Arial MT","font_type":"TrueType","italic":false,"monospaced":false,"name":"CPOGVJ+ArialMT","subset":true,"weight":400},"HasClip":true,"Lang":"en","Page":0,"Path":"//Document/Sect/Table[3]/TR[5]/TD[3]/P","Text":"55 ","TextSize":10.080001831054688,"attributes":{"LineHeight":12.125},"elementId":75},{"Bounds":[487.00999450683594,260.0832061767578,517.7280731201172,269.5382385253906],"ClipBounds":[487.00999450683594,260.0832061767578,517.7280731201172,269.5382385253906],"Page":0,"Path":"//Document/Sect/Table[3]/TR[5]/TD[4]","attributes":{"BBox":[481.41999999999825,243.14199999999983,541.417999999976,276.74099999999453],"BlockAlign":"Before","BorderColor":[0,0,0],"BorderStyle":"Solid","BorderThickness":[0.25,0.25,0.25,0.5],"ColIndex":3,"Height":33.625,"InlineAlign":"Start","RowIndex":4,"Width":60},"elementId":76},{"Bounds":[487.00999450683594,260.0832061767578,517.7280731201172,269.5382385253906],"ClipBounds":[487.00999450683594,260.0832061767578,517.7280731201172,269.5382385253906],"Font":{"alt_family_name":"Arial","embedded":true,"encoding":"WinAnsiEncoding","family_name":"Arial MT","font_type":"TrueType","italic":false,"monospaced":false,"name":"CPOGVJ+ArialMT","subset":true,"weight":400},"HasClip":true,"Lang":"en","Page":0,"Path":"//Document/Sect/Table[3]/TR[5]/TD[4]/P","Text":"$5940 ","TextSize":10.080001831054688,"attributes":{"LineHeight":12.125},"elementId":77},{"Bounds":[77.447998046875,226.5832061767578,197.1177520751953,236.03823852539062],"ClipBounds":[77.447998046875,226.5832061767578,197.1177520751953,236.03823852539062],"Page":0,"Path":"//Document/Sect/Table[3]/TR[6]/TD","attributes":{"BBox":[71.5170999999973,210.0239999999976,358.0649999999878,243.62199999999575],"BlockAlign":"Before","BorderColor":[0,0,0],"BorderStyle":"Solid","BorderThickness":[0.25,0.25,0.5,0.25],"ColIndex":0,"Height":33.625,"InlineAlign":"Start","RowIndex":5,"Width":286.375},"elementId":78},{"Bounds":[77.447998046875,226.5832061767578,197.1177520751953,236.03823852539062],"ClipBounds":[77.447998046875,226.5832061767578,197.1177520751953,236.03823852539062],"Font":{"alt_family_name":"Arial","embedded":true,"encoding":"WinAnsiEncoding","family_name":"Arial MT","font_type":"TrueType","italic":false,"monospaced":false,"name":"CPOGVJ+ArialMT","subset":true,"weight":400},"HasClip":true,"Lang":"en","Page":0,"Path":"//Document/Sect/Table[3]/TR[6]/TD/P","Text":"Awesome Steel Sausages ","TextSize":10.080001831054688,"attributes":{"LineHeight":12.125},"elementId":79},{"Bounds":[363.82000732421875,226.5832061767578,383.3751983642578,236.03823852539062],"ClipBounds":[363.82000732421875,226.5832061767578,383.3751983642578,236.03823852539062],"Page":0,"Path":"//Document/Sect/Table[3]/TR[6]/TD[2]","attributes":{"BBox":[357.58499999999185,210.0239999999976,414.22299999999814,243.62199999999575],"BlockAlign":"Before","BorderColor":[0,0,0],"BorderStyle":"Solid","BorderThickness":0.25,"ColIndex":1,"Height":33.625,"InlineAlign":"Start","RowIndex":5,"Width":56.625},"elementId":80},{"Bounds":[363.82000732421875,226.5832061767578,383.3751983642578,236.03823852539062],"ClipBounds":[363.82000732421875,226.5832061767578,383.3751983642578,236.03823852539062],"Font":{"alt_family_name":"Arial","embedded":true,"encoding":"WinAnsiEncoding","family_name":"Arial MT","font_type":"TrueType","italic":false,"monospaced":false,"name":"CPOGVJ+ArialMT","subset":true,"weight":400},"HasClip":true,"Lang":"en","Page":0,"Path":"//Document/Sect/Table[3]/TR[6]/TD[2]/P","Text":"115 ","TextSize":10.080001831054688,"attributes":{"LineHeight":12.125},"elementId":81},{"Bounds":[420.3800048828125,226.5832061767578,434.86000061035156,236.03823852539062],"ClipBounds":[420.3800048828125,226.5832061767578,434.86000061035156,236.03823852539062],"Page":0,"Path":"//Document/Sect/Table[3]/TR[6]/TD[3]","attributes":{"BBox":[413.74299999998766,210.0239999999976,481.8999999999942,243.62199999999575],"BlockAlign":"Before","BorderColor":[0,0,0],"BorderStyle":"Solid","BorderThickness":0.25,"ColIndex":2,"Height":33.625,"InlineAlign":"Start","RowIndex":5,"Width":68.125},"elementId":82},{"Bounds":[420.3800048828125,226.5832061767578,434.86000061035156,236.03823852539062],"ClipBounds":[420.3800048828125,226.5832061767578,434.86000061035156,236.03823852539062],"Font":{"alt_family_name":"Arial","embedded":true,"encoding":"WinAnsiEncoding","family_name":"Arial MT","font_type":"TrueType","italic":false,"monospaced":false,"name":"CPOGVJ+ArialMT","subset":true,"weight":400},"HasClip":true,"Lang":"en","Page":0,"Path":"//Document/Sect/Table[3]/TR[6]/TD[3]/P","Text":"35 ","TextSize":10.080001831054688,"attributes":{"LineHeight":12.125},"elementId":83},{"Bounds":[487.00999450683594,226.5832061767578,517.7280731201172,236.03823852539062],"ClipBounds":[487.00999450683594,226.5832061767578,517.7280731201172,236.03823852539062],"Page":0,"Path":"//Document/Sect/Table[3]/TR[6]/TD[4]","attributes":{"BBox":[481.41999999999825,210.0239999999976,541.417999999976,243.62199999999575],"BlockAlign":"Before","BorderColor":[0,0,0],"BorderStyle":"Solid","BorderThickness":[0.25,0.25,0.25,0.5],"ColIndex":3,"Height":33.625,"InlineAlign":"Start","RowIndex":5,"Width":60},"elementId":84},{"Bounds":[487.00999450683594,226.5832061767578,517.7280731201172,236.03823852539062],"ClipBounds":[487.00999450683594,226.5832061767578,517.7280731201172,236.03823852539062],"Font":{"alt_family_name":"Arial","embedded":true,"encoding":"WinAnsiEncoding","family_name":"Arial MT","font_type":"TrueType","italic":false,"monospaced":false,"name":"CPOGVJ+ArialMT","subset":true,"weight":400},"HasClip":true,"Lang":"en","Page":0,"Path":"//Document/Sect/Table[3]/TR[6]/TD[4]/P","Text":"$4025 ","TextSize":10.080001831054688,"attributes":{"LineHeight":12.125},"elementId":85},{"Bounds":[77.447998046875,193.0731964111328,174.68975830078125,202.5282440185547],"ClipBounds":[77.447998046875,193.0731964111328,174.68975830078125,202.5282440185547],"Page":0,"Path":"//Document/Sect/Table[3]/TR[7]/TD","attributes":{"BBox":[71.5170999999973,175.10499999999593,358.0649999999878,210.50399999999354],"BlockAlign":"Before","BorderColor":[0,0,0],"BorderStyle":"Solid","BorderThickness":[0.25,0.625,0.5,0.25],"ColIndex":0,"Height":35.375,"InlineAlign":"Start","RowIndex":6,"Width":286.375},"elementId":86},{"Bounds":[77.447998046875,193.0731964111328,174.68975830078125,202.5282440185547],"ClipBounds":[77.447998046875,193.0731964111328,174.68975830078125,202.5282440185547],"Font":{"alt_family_name":"Arial","embedded":true,"encoding":"WinAnsiEncoding","family_name":"Arial MT","font_type":"TrueType","italic":false,"monospaced":false,"name":"CPOGVJ+ArialMT","subset":true,"weight":400},"HasClip":true,"Lang":"en","Page":0,"Path":"//Document/Sect/Table[3]/TR[7]/TD/P","Text":"Sleek Plastic Cheese ","TextSize":10.080001831054688,"attributes":{"LineHeight":12.125},"elementId":87},{"Bounds":[363.82000732421875,193.0731964111328,383.3751983642578,202.5282440185547],"ClipBounds":[363.82000732421875,193.0731964111328,383.3751983642578,202.5282440185547],"Page":0,"Path":"//Document/Sect/Table[3]/TR[7]/TD[2]","attributes":{"BBox":[357.58499999999185,175.10499999999593,414.22299999999814,210.50399999999354],"BlockAlign":"Before","BorderColor":[0,0,0],"BorderStyle":"Solid","BorderThickness":[0.25,0.625,0.25,0.25],"ColIndex":1,"Height":35.375,"InlineAlign":"Start","RowIndex":6,"Width":56.625},"elementId":88},{"Bounds":[363.82000732421875,193.0731964111328,383.3751983642578,202.5282440185547],"ClipBounds":[363.82000732421875,193.0731964111328,383.3751983642578,202.5282440185547],"Font":{"alt_family_name":"Arial","embedded":true,"encoding":"WinAnsiEncoding","family_name":"Arial MT","font_type":"TrueType","italic":false,"monospaced":false,"name":"CPOGVJ+ArialMT","subset":true,"weight":400},"HasClip":true,"Lang":"en","Page":0,"Path":"//Document/Sect/Table[3]/TR[7]/TD[2]/P","Text":"129 ","TextSize":10.080001831054688,"attributes":{"LineHeight":12.125},"elementId":89},{"Bounds":[420.3800048828125,193.0731964111328,434.86000061035156,202.5282440185547],"ClipBounds":[420.3800048828125,193.0731964111328,434.86000061035156,202.5282440185547],"Page":0,"Path":"//Document/Sect/Table[3]/TR[7]/TD[3]","attributes":{"BBox":[413.74299999998766,175.10499999999593,481.8999999999942,210.50399999999354],"BlockAlign":"Before","BorderColor":[0,0,0],"BorderStyle":"Solid","BorderThickness":[0.25,0.625,0.25,0.25],"ColIndex":2,"Height":35.375,"InlineAlign":"Start","RowIndex":6,"Width":68.125},"elementId":90},{"Bounds":[420.3800048828125,193.0731964111328,434.86000061035156,202.5282440185547],"ClipBounds":[420.3800048828125,193.0731964111328,434.86000061035156,202.5282440185547],"Font":{"alt_family_name":"Arial","embedded":true,"encoding":"WinAnsiEncoding","family_name":"Arial MT","font_type":"TrueType","italic":false,"monospaced":false,"name":"CPOGVJ+ArialMT","subset":true,"weight":400},"HasClip":true,"Lang":"en","Page":0,"Path":"//Document/Sect/Table[3]/TR[7]/TD[3]/P","Text":"83 ","TextSize":10.080001831054688,"attributes":{"LineHeight":12.125},"elementId":91},{"Bounds":[487.00999450683594,193.0731964111328,523.4736785888672,202.5282440185547],"ClipBounds":[487.00999450683594,193.0731964111328,523.4736785888672,202.5282440185547],"Page":0,"Path":"//Document/Sect/Table[3]/TR[7]/TD[4]","attributes":{"BBox":[481.41999999999825,175.10499999999593,541.417999999976,210.50399999999354],"BlockAlign":"Before","BorderColor":[0,0,0],"BorderStyle":"Solid","BorderThickness":[0.25,0.625,0.25,0.5],"ColIndex":3,"Height":35.375,"InlineAlign":"Start","RowIndex":6,"Width":60},"elementId":92},{"Bounds":[487.00999450683594,193.0731964111328,523.4736785888672,202.5282440185547],"ClipBounds":[487.00999450683594,193.0731964111328,523.4736785888672,202.5282440185547],"Font":{"alt_family_name":"Arial","embedded":true,"encoding":"WinAnsiEncoding","family_name":"Arial MT","font_type":"TrueType","italic":false,"monospaced":false,"name":"CPOGVJ+ArialMT","subset":true,"weight":400},"HasClip":true,"Lang":"en","Page":0,"Path":"//Document/Sect/Table[3]/TR[7]/TD[4]/P","Text":"$10707 ","TextSize":10.080001831054688,"attributes":{"LineHeight":12.125},"elementId":93},{"Bounds":[77.447998046875,113.13319396972656,120.4593505859375,122.58824157714844],"ClipBounds":[77.447998046875,113.13319396972656,120.4593505859375,122.58824157714844],"Font":{"alt_family_name":"Arial","embedded":true,"encoding":"WinAnsiEncoding","family_name":"Arial","font_type":"TrueType","italic":false,"monospaced":false,"name":"SSQYLD+Arial-BoldMT","subset":true,"weight":700},"HasClip":true,"Lang":"en","Page":0,"Path":"//Document/Sect/P[9]","Text":"Subtotal ","TextSize":10.080001831054688,"attributes":{"SpaceAfter":18},"elementId":94},{"Bounds":[485.92999267578125,113.13319396972656,522.3792724609375,122.58824157714844],"ClipBounds":[485.92999267578125,113.13319396972656,522.3792724609375,122.58824157714844],"Font":{"alt_family_name":"Arial","embedded":true,"encoding":"WinAnsiEncoding","family_name":"Arial MT","font_type":"TrueType","italic":false,"monospaced":false,"name":"CPOGVJ+ArialMT","subset":true,"weight":400},"HasClip":true,"Lang":"en","Page":0,"Path":"//Document/Sect/P[10]","Text":"$30902 ","TextSize":10.080001831054688,"elementId":95},{"Bounds":[77.447998046875,702.3531951904297,109.73143005371094,711.8082427978516],"ClipBounds":[77.447998046875,702.3531951904297,109.73143005371094,711.8082427978516],"Font":{"alt_family_name":"Arial","embedded":true,"encoding":"WinAnsiEncoding","family_name":"Arial","font_type":"TrueType","italic":false,"monospaced":false,"name":"SSQYLD+Arial-BoldMT","subset":true,"weight":700},"HasClip":true,"Lang":"en","Page":1,"Path":"//Document/Sect/P[11]","Text":"Tax % ","TextSize":10.080001831054688,"elementId":96},{"Bounds":[485.92999267578125,702.3531951904297,500.4100036621094,711.8082427978516],"ClipBounds":[485.92999267578125,702.3531951904297,500.4100036621094,711.8082427978516],"Font":{"alt_family_name":"Arial","embedded":true,"encoding":"WinAnsiEncoding","family_name":"Arial MT","font_type":"TrueType","italic":false,"monospaced":false,"name":"CPOGVJ+ArialMT","subset":true,"weight":400},"HasClip":true,"Lang":"en","Page":1,"Path":"//Document/Sect/P[12]","Text":"10 ","TextSize":10.080001831054688,"elementId":97},{"Bounds":[77.447998046875,605.1031951904297,126.14447021484375,614.5582427978516],"ClipBounds":[77.447998046875,605.1031951904297,126.14447021484375,614.5582427978516],"Font":{"alt_family_name":"Arial","embedded":true,"encoding":"WinAnsiEncoding","family_name":"Arial","font_type":"TrueType","italic":false,"monospaced":false,"name":"SSQYLD+Arial-BoldMT","subset":true,"weight":700},"HasClip":true,"Lang":"en","Page":1,"Path":"//Document/Sect/P[13]","Text":"Total Due ","TextSize":10.080001831054688,"elementId":98},{"Bounds":[485.92999267578125,602.8099975585938,526.1329956054688,611.2519989013672],"ClipBounds":[485.92999267578125,602.8099975585938,526.1329956054688,611.2519989013672],"Font":{"alt_family_name":"Arial","embedded":true,"encoding":"WinAnsiEncoding","family_name":"Arial MT","font_type":"TrueType","italic":false,"monospaced":false,"name":"CPOGVJ+ArialMT","subset":true,"weight":400},"HasClip":true,"Lang":"en","Page":1,"Path":"//Document/Sect/P[14]","Text":"$33992.2 ","TextSize":9,"attributes":{"LineHeight":10.75,"TextAlign":"End"},"elementId":99}],"pages":[{"boxes":{"CropBox":[0,0,612,792],"MediaBox":[0,0,612,792]},"height":792,"is_scanned":false,"page_number":0,"rotation":0,"width":612},{"boxes":{"CropBox":[0,0,612,792],"MediaBox":[0,0,612,792]},"height":792,"is_scanned":false,"page_number":1,"rotation":0,"width":612}]}