{"version":{"json_export":"187","page_segmentation":"5","schema":"1.1.0","structure":"1.1036.0","table_structure":"5"},"extended_metadata":{"ID_instance":"8C 67 79 3B 3B B7 B2 11 0A 00 67 45 8B 6B C6 23 ","ID_permanent":"45 45 20 31 33 20 37 36 20 33 42 20 33 42 20 42 37 20 42 32 20 31 31 20 30 41 20 30 30 20 36 37 20 34 35 20 38 42 20 36 42 20 43 36 20 32 33 20 ","pdf_version":"1.6","pdfa_compliance_level":"","is_encrypted":false,"has_acroform":false,"is_digitally_signed":false,"pdfua_compliance_level":"","page_count":2,"has_embedded_files":false,"is_certified":false,"is_XFA":false,"language":"en-US"},"elements":[{"Bounds":[76.72799682617188,734.4232025146484,171.43968200683594,743.8782348632812],"ClipBounds":[76.72799682617188,734.4232025146484,171.43968200683594,743.8782348632812],"Font":{"alt_family_name":"Arial","embedded":true,"encoding":"WinAnsiEncoding","family_name":"Arial","font_type":"TrueType","italic":false,"monospaced":false,"name":"TFKSIW+Arial-BoldMT","subset":true,"weight":700},"HasClip":true,"Lang":"en","Page":0,"Path":"//Document/Sect/P","Text":"NearBy Electronics ","TextSize":10.080001831054688,"elementId":1},{"Bounds":[76.72799682617188,721.1031951904297,214.52447509765625,730.5582427978516],"ClipBounds":[76.72799682617188,721.1031951904297,214.52447509765625,730.5582427978516],"Font":{"alt_family_name":"Arial","embedded":true,"encoding":"WinAnsiEncoding","family_name":"Arial MT","font_type":"TrueType","italic":false,"monospaced":false,"name":"BZJJQG+ArialMT","subset":true,"weight":400},"HasClip":true,"Page":0,"Path":"//Document/Sect/P[2]/Sub","Text":"3741 Glory Road, Jamestown, ","TextSize":10.080001831054688,"attributes":{"Placement":"Block"},"elementId":2},{"Bounds":[76.72799682617188,708.1132049560547,155.30166625976562,717.5682373046875],"ClipBounds":[76.72799682617188,708.1132049560547,155.30166625976562,717.5682373046875],"Font":{"alt_family_name":"Arial","embedded":true,"encoding":"WinAnsiEncoding","family_name":"Arial MT","font_type":"TrueType","italic":false,"monospaced":false,"name":"BZJJQG+ArialMT","subset":true,"weight":400},"HasClip":true,"Page":0,"Path":"//Document/Sect/P[2]/Sub[2]","Text":"Tennessee, USA ","TextSize":10.080001831054688,"attributes":{"Placement":"Block"},"elementId":3},{"Bounds":[76.72799682617188,694.7931976318359,107.43167114257812,704.2482452392578],"ClipBounds":[76.72799682617188,694.7931976318359,107.43167114257812,704.2482452392578],"Font":{"alt_family_name":"Arial","embedded":true,"encoding":"WinAnsiEncoding","family_name":"Arial MT","font_type":"TrueType","italic":false,"monospaced":false,"name":"BZJJQG+ArialMT","subset":true,"weight":400},"HasClip":true,"Page":0,"Path":"//Document/Sect/P[2]/Sub[3]","Text":"38556 ","TextSize":10.080001831054688,"attributes":{"Placement":"Block"},"elementId":4},{"Bounds":[388.67999267578125,721.1031951904297,543.1932830810547,730.5582427978516],"ClipBounds":[388.67999267578125,721.1031951904297,543.1932830810547,730.5582427978516],"Font":{"alt_family_name":"Arial","embedded":true,"encoding":"WinAnsiEncoding","family_name":"Arial","font_type":"TrueType","italic":false,"monospaced":false,"name":"TFKSIW+Arial-BoldMT","subset":true,"weight":700},"HasClip":true,"Page":0,"Path":"//Document/Sect/P[3]/Sub","Text":"Invoice# NL21QPRB2424672182 ","TextSize":10.080001831054688,"attributes":{"Placement":"Block"},"elementId":5},{"Bounds":[491.3300018310547,708.1132049560547,543.2117614746094,717.5682373046875],"ClipBounds":[491.3300018310547,708.1132049560547,543.2117614746094,717.5682373046875],"Font":{"alt_family_name":"Arial","embedded":true,"encoding":"WinAnsiEncoding","family_name":"Arial","font_type":"TrueType","italic":false,"monospaced":false,"name":"TFKSIW+Arial-BoldMT","subset":true,"weight":700},"HasClip":true,"Page":0,"Path":"//Document/Sect/P[3]/Sub[2]","Text":"Issue date ","TextSize":10.080001831054688,"attributes":{"Placement":"Block"},"elementId":6},{"Bounds":[489.1699981689453,694.7931976318359,543.3080749511719,704.2482452392578],"ClipBounds":[489.1699981689453,694.7931976318359,543.3080749511719,704.2482452392578],"Font":{"alt_family_name":"Arial","embedded":true,"encoding":"WinAnsiEncoding","family_name":"Arial MT","font_type":"TrueType","italic":false,"monospaced":false,"name":"BZJJQG+ArialMT","subset":true,"weight":400},"HasClip":true,"Page":0,"Path":"//Document/Sect/P[3]/Sub[3]","Text":"12-05-2023 ","TextSize":10.080001831054688,"attributes":{"Placement":"Block"},"elementId":7},{"Bounds":[76.72799682617188,649.9085540771484,295.7052459716797,673.2309875488281],"ClipBounds":[76.72799682617188,649.9085540771484,295.7052459716797,673.2309875488281],"Font":{"alt_family_name":"Arial","embedded":true,"encoding":"WinAnsiEncoding","family_name":"Arial MT","font_type":"TrueType","italic":false,"monospaced":false,"name":"BZJJQG+ArialMT","subset":true,"weight":400},"HasClip":true,"Lang":"en","Page":0,"Path":"//Document/Sect/Title","Text":"NearBy Electronics ","TextSize":24.863998413085938,"attributes":{"LineHeight":29.875},"elementId":8},{"Bounds":[76.72799682617188,633.9331970214844,460.8868713378906,643.3882446289062],"ClipBounds":[76.72799682617188,633.9331970214844,460.8868713378906,643.3882446289062],"Font":{"alt_family_name":"Arial","embedded":true,"encoding":"WinAnsiEncoding","family_name":"Arial MT","font_type":"TrueType","italic":false,"monospaced":false,"name":"BZJJQG+ArialMT","subset":true,"weight":400},"HasClip":true,"Lang":"en","Page":0,"Path":"//Document/Sect/P[4]","Text":"We are here to serve you better. Reach out to us in case of any concern or feedbacks. ","TextSize":10.080001831054688,"attributes":{"SpaceAfter":18},"elementId":9},{"Bounds":[81.04800415039062,514.7232055664062,513.0480804443359,590.438232421875],"ClipBounds":[81.04800415039062,514.7232055664062,513.0480804443359,590.438232421875],"Page":0,"Path":"//Document/Sect/Table","attributes":{"BBox":[80.99669999999969,516.8509999999951,558.2169999999751,588.9679999999935],"NumCol":3,"NumRow":2,"Placement":"Block","SpaceAfter":18},"filePaths":["tables/fileoutpart0.xlsx","tables/fileoutpart1.png"],"elementId":10},{"Bounds":[81.04800415039062,580.9832000732422,122.99087524414062,590.438232421875],"ClipBounds":[81.04800415039062,580.9832000732422,122.99087524414062,590.438232421875],"Page":0,"Path":"//Document/Sect/Table/TR/TH","attributes":{"BBox":[80.99669999999969,580.3289999999979,216.7109999999957,588.9679999999935],"BlockAlign":"Before","ColIndex":0,"Height":8.625,"InlineAlign":"Start","RowIndex":0,"Width":135.75},"elementId":11},{"Bounds":[81.04800415039062,580.9832000732422,122.99087524414062,590.438232421875],"ClipBounds":[81.04800415039062,580.9832000732422,122.99087524414062,590.438232421875],"Font":{"alt_family_name":"Arial","embedded":true,"encoding":"WinAnsiEncoding","family_name":"Arial","font_type":"TrueType","italic":false,"monospaced":false,"name":"TFKSIW+Arial-BoldMT","subset":true,"weight":700},"HasClip":true,"Lang":"en","Page":0,"Path":"//Document/Sect/Table/TR/TH/P","Text":"BILL TO ","TextSize":10.080001831054688,"attributes":{"LineHeight":12.125},"elementId":12},{"Bounds":[240.25999450683594,580.9832000732422,286.1240692138672,590.438232421875],"ClipBounds":[240.25999450683594,580.9832000732422,286.1240692138672,590.438232421875],"Page":0,"Path":"//Document/Sect/Table/TR/TH[2]","attributes":{"BBox":[216.7109999999957,580.3289999999979,403.903999999995,588.9679999999935],"BlockAlign":"Before","ColIndex":1,"Height":8.625,"InlineAlign":"Start","RowIndex":0,"Width":187.25},"elementId":13},{"Bounds":[240.25999450683594,580.9832000732422,286.1240692138672,590.438232421875],"ClipBounds":[240.25999450683594,580.9832000732422,286.1240692138672,590.438232421875],"Font":{"alt_family_name":"Arial","embedded":true,"encoding":"WinAnsiEncoding","family_name":"Arial","font_type":"TrueType","italic":false,"monospaced":false,"name":"TFKSIW+Arial-BoldMT","subset":true,"weight":700},"HasClip":true,"Lang":"en","Page":0,"Path":"//Document/Sect/Table/TR/TH[2]/P","Text":"DETAILS ","TextSize":10.080001831054688,"attributes":{"LineHeight":12.125},"elementId":14},{"Bounds":[412.8000030517578,580.9832000732422,464.58103942871094,590.438232421875],"ClipBounds":[412.8000030517578,580.9832000732422,464.58103942871094,590.438232421875],"Page":0,"Path":"//Document/Sect/Table/TR/TH[3]","attributes":{"BBox":[403.903999999995,580.3289999999979,558.2169999999751,588.9679999999935],"BlockAlign":"Before","ColIndex":2,"Height":8.625,"InlineAlign":"Start","RowIndex":0,"Width":154.375},"elementId":15},{"Bounds":[412.8000030517578,580.9832000732422,464.58103942871094,590.438232421875],"ClipBounds":[412.8000030517578,580.9832000732422,464.58103942871094,590.438232421875],"Font":{"alt_family_name":"Arial","embedded":true,"encoding":"WinAnsiEncoding","family_name":"Arial","font_type":"TrueType","italic":false,"monospaced":false,"name":"TFKSIW+Arial-BoldMT","subset":true,"weight":700},"HasClip":true,"Lang":"en","Page":0,"Path":"//Document/Sect/Table/TR/TH[3]/P","Text":"PAYMENT ","TextSize":10.080001831054688,"attributes":{"LineHeight":12.125},"elementId":16},{"Bounds":[81.04800415039062,514.7232055664062,195.8188018798828,577.1182403564453],"ClipBounds":[81.04800415039062,514.7232055664062,195.8188018798828,577.1182403564453],"Page":0,"Path":"//Document/Sect/Table/TR[2]/TD","attributes":{"BBox":[80.99669999999969,516.8509999999951,216.7109999999957,580.3289999999979],"BlockAlign":"After","ColIndex":0,"Height":63.5,"InlineAlign":"Start","RowIndex":1,"Width":135.75},"elementId":17},{"Bounds":[81.04800415039062,567.6631927490234,136.81048583984375,577.1182403564453],"ClipBounds":[81.04800415039062,567.6631927490234,136.81048583984375,577.1182403564453],"Font":{"alt_family_name":"Arial","embedded":true,"encoding":"WinAnsiEncoding","family_name":"Arial MT","font_type":"TrueType","italic":false,"monospaced":false,"name":"BZJJQG+ArialMT","subset":true,"weight":400},"HasClip":true,"Page":0,"Path":"//Document/Sect/Table/TR[2]/TD/P/Sub","Text":"Terri Ernser ","TextSize":10.080001831054688,"attributes":{"Placement":"Block"},"elementId":18},{"Bounds":[81.04800415039062,554.6831970214844,195.8188018798828,564.1382446289062],"ClipBounds":[81.04800415039062,554.6831970214844,195.8188018798828,564.1382446289062],"Font":{"alt_family_name":"Arial","embedded":true,"encoding":"WinAnsiEncoding","family_name":"Arial MT","font_type":"TrueType","italic":false,"monospaced":false,"name":"BZJJQG+ArialMT","subset":true,"weight":400},"HasClip":true,"Page":0,"Path":"//Document/Sect/Table/TR[2]/TD/P/Sub[2]","Text":"Terri.Ernser@yahoo.com ","TextSize":10.080001831054688,"attributes":{"Placement":"Block"},"elementId":19},{"Bounds":[81.04800415039062,541.3632049560547,146.34808349609375,550.8182373046875],"ClipBounds":[81.04800415039062,541.3632049560547,146.34808349609375,550.8182373046875],"Font":{"alt_family_name":"Arial","embedded":true,"encoding":"WinAnsiEncoding","family_name":"Arial MT","font_type":"TrueType","italic":false,"monospaced":false,"name":"BZJJQG+ArialMT","subset":true,"weight":400},"HasClip":true,"Page":0,"Path":"//Document/Sect/Table/TR[2]/TD/P/Sub[3]","Text":"415-897-1517 ","TextSize":10.080001831054688,"attributes":{"Placement":"Block"},"elementId":20},{"Bounds":[81.04800415039062,528.0431976318359,159.7123260498047,537.4982452392578],"ClipBounds":[81.04800415039062,528.0431976318359,159.7123260498047,537.4982452392578],"Font":{"alt_family_name":"Arial","embedded":true,"encoding":"WinAnsiEncoding","family_name":"Arial MT","font_type":"TrueType","italic":false,"monospaced":false,"name":"BZJJQG+ArialMT","subset":true,"weight":400},"HasClip":true,"Page":0,"Path":"//Document/Sect/Table/TR[2]/TD/P/Sub[4]","Text":"231 Jayne Fields ","TextSize":10.080001831054688,"attributes":{"Placement":"Block"},"elementId":21},{"Bounds":[81.04800415039062,514.7232055664062,121.09584045410156,524.1782379150391],"ClipBounds":[81.04800415039062,514.7232055664062,121.09584045410156,524.1782379150391],"Font":{"alt_family_name":"Arial","embedded":true,"encoding":"WinAnsiEncoding","family_name":"Arial MT","font_type":"TrueType","italic":false,"monospaced":false,"name":"BZJJQG+ArialMT","subset":true,"weight":400},"HasClip":true,"Page":0,"Path":"//Document/Sect/Table/TR[2]/TD/P/Sub[5]","Text":"Mwanza ","TextSize":10.080001831054688,"attributes":{"Placement":"Block"},"elementId":22},{"Bounds":[240.25999450683594,554.6831970214844,367.73167419433594,577.1182403564453],"ClipBounds":[240.25999450683594,554.6831970214844,367.73167419433594,577.1182403564453],"Page":0,"Path":"//Document/Sect/Table/TR[2]/TD[2]","attributes":{"BBox":[216.7109999999957,516.8509999999951,403.903999999995,580.3289999999979],"BlockAlign":"Before","ColIndex":1,"Height":63.5,"InlineAlign":"Start","RowIndex":1,"Width":187.25},"elementId":23},{"Bounds":[240.25999450683594,554.6831970214844,367.73167419433594,577.1182403564453],"ClipBounds":[240.25999450683594,554.6831970214844,367.73167419433594,577.1182403564453],"Font":{"alt_family_name":"Arial","embedded":true,"encoding":"WinAnsiEncoding","family_name":"Arial MT","font_type":"TrueType","italic":false,"monospaced":false,"name":"BZJJQG+ArialMT","subset":true,"weight":400},"HasClip":true,"Lang":"en","Page":0,"Path":"//Document/Sect/Table/TR[2]/TD[2]/P","Text":"culpa nulla adipisicing reprehenderit proident mollit ","TextSize":10.080001831054688,"attributes":{"LineHeight":13},"elementId":24},{"Bounds":[410.63999938964844,535.3764038085938,513.0480804443359,577.1182403564453],"ClipBounds":[410.63999938964844,535.3764038085938,513.0480804443359,577.1182403564453],"Page":0,"Path":"//Document/Sect/Table/TR[2]/TD[3]","attributes":{"BBox":[403.903999999995,516.8509999999951,558.2169999999751,580.3289999999979],"BlockAlign":"Before","ColIndex":2,"Height":63.5,"InlineAlign":"Start","RowIndex":1,"Width":154.375},"elementId":25},{"Bounds":[412.8000030517578,567.6631927490234,513.0480804443359,577.1182403564453],"ClipBounds":[412.8000030517578,567.6631927490234,513.0480804443359,577.1182403564453],"Font":{"alt_family_name":"Arial","embedded":true,"encoding":"WinAnsiEncoding","family_name":"Arial MT","font_type":"TrueType","italic":false,"monospaced":false,"name":"BZJJQG+ArialMT","subset":true,"weight":400},"HasClip":true,"Lang":"en","Page":0,"Path":"//Document/Sect/Table/TR[2]/TD[3]/P","Text":"Due date: 20-06-2023 ","TextSize":10.080001831054688,"attributes":{"LineHeight":12.125},"elementId":26},{"Bounds":[410.63999938964844,535.3764038085938,459.87107849121094,545.844482421875],"ClipBounds":[410.63999938964844,535.3764038085938,459.87107849121094,545.844482421875],"Font":{"alt_family_name":"Arial","embedded":true,"encoding":"WinAnsiEncoding","family_name":"Arial","font_type":"TrueType","italic":false,"monospaced":false,"name":"TFKSIW+Arial-BoldMT","subset":true,"weight":700},"HasClip":true,"Lang":"en","Page":0,"Path":"//Document/Sect/Table/TR[2]/TD[3]/P[2]","Text":"$20212.5 ","TextSize":11.160003662109375,"attributes":{"LineHeight":13.375},"elementId":27},{"Bounds":[77.447998046875,443.033203125,530.1510314941406,452.4882354736328],"ClipBounds":[77.447998046875,443.033203125,530.1510314941406,452.4882354736328],"Page":0,"Path":"//Document/Sect/Table[2]","attributes":{"BBox":[71.5170999999973,428.17499999998836,540.9379999999946,460.93299999999],"NumCol":4,"Placement":"Block","SpaceAfter":18},"filePaths":["tables/fileoutpart2.xlsx","tables/fileoutpart3.png"],"elementId":28},{"Bounds":[77.447998046875,443.033203125,104.47239685058594,452.4882354736328],"ClipBounds":[77.447998046875,443.033203125,104.47239685058594,452.4882354736328],"Page":0,"Path":"//Document/Sect/Table[2]/TR/TD","attributes":{"BBox":[71.5170999999973,427.33499999999185,358.78499999998894,460.93299999999],"BlockAlign":"Middle","BorderColor":[[0,0,0],[0.6235349999999755,0.6235349999999755,0.6235349999999755],[0,0,0],[0,0,0]],"BorderStyle":"Solid","BorderThickness":[0.625,0.875,0.5,0.25],"ColIndex":0,"Height":33.625,"InlineAlign":"Start","RowIndex":0,"Width":287.25},"elementId":29},{"Bounds":[77.447998046875,443.033203125,104.47239685058594,452.4882354736328],"ClipBounds":[77.447998046875,443.033203125,104.47239685058594,452.4882354736328],"Font":{"alt_family_name":"Arial","embedded":true,"encoding":"WinAnsiEncoding","family_name":"Arial","font_type":"TrueType","italic":false,"monospaced":false,"name":"TFKSIW+Arial-BoldMT","subset":true,"weight":700},"HasClip":true,"Lang":"en","Page":0,"Path":"//Document/Sect/Table[2]/TR/TD/P","Text":"ITEM ","TextSize":10.080001831054688,"attributes":{"LineHeight":12.125},"elementId":30},{"Bounds":[363.1000061035156,443.033203125,386.6570281982422,452.4882354736328],"ClipBounds":[363.1000061035156,443.033203125,386.6570281982422,452.4882354736328],"Page":0,"Path":"//Document/Sect/Table[2]/TR/TD[2]","attributes":{"BBox":[358.304999999993,427.33499999999185,415.6629999999859,460.93299999999],"BlockAlign":"Middle","BorderColor":[[0,0,0],[0.6235349999999755,0.6235349999999755,0.6235349999999755],[0,0,0],[0,0,0]],"BorderStyle":"Solid","BorderThickness":[0.625,0.875,0.25,0.25],"ColIndex":1,"Height":33.625,"InlineAlign":"Start","RowIndex":0,"Width":57.375},"elementId":31},{"Bounds":[363.1000061035156,443.033203125,386.6570281982422,452.4882354736328],"ClipBounds":[363.1000061035156,443.033203125,386.6570281982422,452.4882354736328],"Font":{"alt_family_name":"Arial","embedded":true,"encoding":"WinAnsiEncoding","family_name":"Arial","font_type":"TrueType","italic":false,"monospaced":false,"name":"TFKSIW+Arial-BoldMT","subset":true,"weight":700},"HasClip":true,"Lang":"en","Page":0,"Path":"//Document/Sect/Table[2]/TR/TD[2]/P","Text":"QTY ","TextSize":10.080001831054688,"attributes":{"LineHeight":12.125},"elementId":32},{"Bounds":[420.3800048828125,443.033203125,450.7712707519531,452.4882354736328],"ClipBounds":[420.3800048828125,443.033203125,450.7712707519531,452.4882354736328],"Page":0,"Path":"//Document/Sect/Table[2]/TR/TD[3]","attributes":{"BBox":[415.18299999999,427.33499999999185,481.8999999999942,460.93299999999],"BlockAlign":"Middle","BorderColor":[[0,0,0],[0.6235349999999755,0.6235349999999755,0.6235349999999755],[0,0,0],[0,0,0]],"BorderStyle":"Solid","BorderThickness":[0.625,0.875,0.25,0.25],"ColIndex":2,"Height":33.625,"InlineAlign":"Start","RowIndex":0,"Width":66.75},"elementId":33},{"Bounds":[420.3800048828125,443.033203125,450.7712707519531,452.4882354736328],"ClipBounds":[420.3800048828125,443.033203125,450.7712707519531,452.4882354736328],"Font":{"alt_family_name":"Arial","embedded":true,"encoding":"WinAnsiEncoding","family_name":"Arial","font_type":"TrueType","italic":false,"monospaced":false,"name":"TFKSIW+Arial-BoldMT","subset":true,"weight":700},"HasClip":true,"Lang":"en","Page":0,"Path":"//Document/Sect/Table[2]/TR/TD[3]/P","Text":"RATE ","TextSize":10.080001831054688,"attributes":{"LineHeight":12.125},"elementId":34},{"Bounds":[483.4100036621094,443.033203125,530.1510314941406,452.4882354736328],"ClipBounds":[483.4100036621094,443.033203125,530.1510314941406,452.4882354736328],"Page":0,"Path":"//Document/Sect/Table[2]/TR/TD[4]","attributes":{"BBox":[481.41999999999825,427.33499999999185,541.417999999976,460.93299999999],"BlockAlign":"Middle","BorderColor":[[0,0,0],[0.6235349999999755,0.6235349999999755,0.6235349999999755],[0,0,0],[0,0,0]],"BorderStyle":"Solid","BorderThickness":[0.625,0.875,0.25,0.5],"ColIndex":3,"Height":33.625,"InlineAlign":"Start","RowIndex":0,"Width":60},"elementId":35},{"Bounds":[483.4100036621094,443.033203125,530.1510314941406,452.4882354736328],"ClipBounds":[483.4100036621094,443.033203125,530.1510314941406,452.4882354736328],"Font":{"alt_family_name":"Arial","embedded":true,"encoding":"WinAnsiEncoding","family_name":"Arial","font_type":"TrueType","italic":false,"monospaced":false,"name":"TFKSIW+Arial-BoldMT","subset":true,"weight":700},"HasClip":true,"Lang":"en","Page":0,"Path":"//Document/Sect/Table[2]/TR/TD[4]/P","Text":"AMOUNT ","TextSize":10.080001831054688,"attributes":{"LineHeight":12.125},"elementId":36},{"Bounds":[77.447998046875,239.9031982421875,517.7280731201172,416.8482360839844],"ClipBounds":[77.447998046875,239.9031982421875,517.7280731201172,416.8482360839844],"Page":0,"Path":"//Document/Sect/Table[3]","attributes":{"BBox":[71.5170999999973,222.50299999999697,540.9379999999946,424.9349999999977],"NumCol":4,"NumRow":6,"Placement":"Block","SpaceAfter":18},"filePaths":["tables/fileoutpart4.xlsx","tables/fileoutpart5.png"],"elementId":37},{"Bounds":[77.447998046875,407.39320373535156,168.7123260498047,416.8482360839844],"ClipBounds":[77.447998046875,407.39320373535156,168.7123260498047,416.8482360839844],"Page":0,"Path":"//Document/Sect/Table[3]/TR/TD","attributes":{"BBox":[71.5170999999973,389.29599999998754,358.0649999999878,424.9349999999977],"BlockAlign":"Before","BorderColor":[0,0,0],"BorderStyle":"Solid","BorderThickness":[0.625,0.25,0.5,0.25],"ColIndex":0,"Height":35.625,"InlineAlign":"Start","RowIndex":0,"Width":286.375},"elementId":38},{"Bounds":[77.447998046875,407.39320373535156,168.7123260498047,416.8482360839844],"ClipBounds":[77.447998046875,407.39320373535156,168.7123260498047,416.8482360839844],"Font":{"alt_family_name":"Arial","embedded":true,"encoding":"WinAnsiEncoding","family_name":"Arial MT","font_type":"TrueType","italic":false,"monospaced":false,"name":"BZJJQG+ArialMT","subset":true,"weight":400},"HasClip":true,"Lang":"en","Page":0,"Path":"//Document/Sect/Table[3]/TR/TD/P","Text":"Refined Steel Chips ","TextSize":10.080001831054688,"attributes":{"LineHeight":12.125},"elementId":39},{"Bounds":[363.82000732421875,407.39320373535156,378.3000030517578,416.8482360839844],"ClipBounds":[363.82000732421875,407.39320373535156,378.3000030517578,416.8482360839844],"Page":0,"Path":"//Document/Sect/Table[3]/TR/TD[2]","attributes":{"BBox":[357.58499999999185,389.29599999998754,414.22299999999814,424.9349999999977],"BlockAlign":"Before","BorderColor":[0,0,0],"BorderStyle":"Solid","BorderThickness":[0.625,0.25,0.25,0.25],"ColIndex":1,"Height":35.625,"InlineAlign":"Start","RowIndex":0,"Width":56.625},"elementId":40},{"Bounds":[363.82000732421875,407.39320373535156,378.3000030517578,416.8482360839844],"ClipBounds":[363.82000732421875,407.39320373535156,378.3000030517578,416.8482360839844],"Font":{"alt_family_name":"Arial","embedded":true,"encoding":"WinAnsiEncoding","family_name":"Arial MT","font_type":"TrueType","italic":false,"monospaced":false,"name":"BZJJQG+ArialMT","subset":true,"weight":400},"HasClip":true,"Lang":"en","Page":0,"Path":"//Document/Sect/Table[3]/TR/TD[2]/P","Text":"80 ","TextSize":10.080001831054688,"attributes":{"LineHeight":12.125},"elementId":41},{"Bounds":[420.3800048828125,407.39320373535156,434.86000061035156,416.8482360839844],"ClipBounds":[420.3800048828125,407.39320373535156,434.86000061035156,416.8482360839844],"Page":0,"Path":"//Document/Sect/Table[3]/TR/TD[3]","attributes":{"BBox":[413.74299999998766,389.29599999998754,481.8999999999942,424.9349999999977],"BlockAlign":"Before","BorderColor":[0,0,0],"BorderStyle":"Solid","BorderThickness":[0.625,0.25,0.25,0.25],"ColIndex":2,"Height":35.625,"InlineAlign":"Start","RowIndex":0,"Width":68.125},"elementId":42},{"Bounds":[420.3800048828125,407.39320373535156,434.86000061035156,416.8482360839844],"ClipBounds":[420.3800048828125,407.39320373535156,434.86000061035156,416.8482360839844],"Font":{"alt_family_name":"Arial","embedded":true,"encoding":"WinAnsiEncoding","family_name":"Arial MT","font_type":"TrueType","italic":false,"monospaced":false,"name":"BZJJQG+ArialMT","subset":true,"weight":400},"HasClip":true,"Lang":"en","Page":0,"Path":"//Document/Sect/Table[3]/TR/TD[3]/P","Text":"40 ","TextSize":10.080001831054688,"attributes":{"LineHeight":12.125},"elementId":43},{"Bounds":[487.00999450683594,407.39320373535156,517.7280731201172,416.8482360839844],"ClipBounds":[487.00999450683594,407.39320373535156,517.7280731201172,416.8482360839844],"Page":0,"Path":"//Document/Sect/Table[3]/TR/TD[4]","attributes":{"BBox":[481.41999999999825,389.29599999998754,541.417999999976,424.9349999999977],"BlockAlign":"Before","BorderColor":[0,0,0],"BorderStyle":"Solid","BorderThickness":[0.625,0.25,0.25,0.5],"ColIndex":3,"Height":35.625,"InlineAlign":"Start","RowIndex":0,"Width":60},"elementId":44},{"Bounds":[487.00999450683594,407.39320373535156,517.7280731201172,416.8482360839844],"ClipBounds":[487.00999450683594,407.39320373535156,517.7280731201172,416.8482360839844],"Font":{"alt_family_name":"Arial","embedded":true,"encoding":"WinAnsiEncoding","family_name":"Arial MT","font_type":"TrueType","italic":false,"monospaced":false,"name":"BZJJQG+ArialMT","subset":true,"weight":400},"HasClip":true,"Lang":"en","Page":0,"Path":"//Document/Sect/Table[3]/TR/TD[4]/P","Text":"$3200 ","TextSize":10.080001831054688,"attributes":{"LineHeight":12.125},"elementId":45},{"Bounds":[77.447998046875,373.89320373535156,215.32223510742188,383.3482360839844],"ClipBounds":[77.447998046875,373.89320373535156,215.32223510742188,383.3482360839844],"Page":0,"Path":"//Document/Sect/Table[3]/TR[2]/TD","attributes":{"BBox":[71.5170999999973,357.61799999998766,358.0649999999878,389.775999999998],"BlockAlign":"Before","BorderColor":[0,0,0],"BorderStyle":"Solid","BorderThickness":[0.25,0.25,0.5,0.25],"ColIndex":0,"Height":32.125,"InlineAlign":"Start","RowIndex":1,"Width":286.375},"elementId":46},{"Bounds":[77.447998046875,373.89320373535156,215.32223510742188,383.3482360839844],"ClipBounds":[77.447998046875,373.89320373535156,215.32223510742188,383.3482360839844],"Font":{"alt_family_name":"Arial","embedded":true,"encoding":"WinAnsiEncoding","family_name":"Arial MT","font_type":"TrueType","italic":false,"monospaced":false,"name":"BZJJQG+ArialMT","subset":true,"weight":400},"HasClip":true,"Lang":"en","Page":0,"Path":"//Document/Sect/Table[3]/TR[2]/TD/P","Text":"Handcrafted Concrete Cheese ","TextSize":10.080001831054688,"attributes":{"LineHeight":12.125},"elementId":47},{"Bounds":[363.82000732421875,373.89320373535156,378.3000030517578,383.3482360839844],"ClipBounds":[363.82000732421875,373.89320373535156,378.3000030517578,383.3482360839844],"Page":0,"Path":"//Document/Sect/Table[3]/TR[2]/TD[2]","attributes":{"BBox":[357.58499999999185,357.61799999998766,414.22299999999814,389.775999999998],"BlockAlign":"Before","BorderColor":[0,0,0],"BorderStyle":"Solid","BorderThickness":0.25,"ColIndex":1,"Height":32.125,"InlineAlign":"Start","RowIndex":1,"Width":56.625},"elementId":48},{"Bounds":[363.82000732421875,373.89320373535156,378.3000030517578,383.3482360839844],"ClipBounds":[363.82000732421875,373.89320373535156,378.3000030517578,383.3482360839844],"Font":{"alt_family_name":"Arial","embedded":true,"encoding":"WinAnsiEncoding","family_name":"Arial MT","font_type":"TrueType","italic":false,"monospaced":false,"name":"BZJJQG+ArialMT","subset":true,"weight":400},"HasClip":true,"Lang":"en","Page":0,"Path":"//Document/Sect/Table[3]/TR[2]/TD[2]/P","Text":"36 ","TextSize":10.080001831054688,"attributes":{"LineHeight":12.125},"elementId":49},{"Bounds":[420.3800048828125,373.89320373535156,434.86000061035156,383.3482360839844],"ClipBounds":[420.3800048828125,373.89320373535156,434.86000061035156,383.3482360839844],"Page":0,"Path":"//Document/Sect/Table[3]/TR[2]/TD[3]","attributes":{"BBox":[413.74299999998766,357.61799999998766,481.8999999999942,389.775999999998],"BlockAlign":"Before","BorderColor":[0,0,0],"BorderStyle":"Solid","BorderThickness":0.25,"ColIndex":2,"Height":32.125,"InlineAlign":"Start","RowIndex":1,"Width":68.125},"elementId":50},{"Bounds":[420.3800048828125,373.89320373535156,434.86000061035156,383.3482360839844],"ClipBounds":[420.3800048828125,373.89320373535156,434.86000061035156,383.3482360839844],"Font":{"alt_family_name":"Arial","embedded":true,"encoding":"WinAnsiEncoding","family_name":"Arial MT","font_type":"TrueType","italic":false,"monospaced":false,"name":"BZJJQG+ArialMT","subset":true,"weight":400},"HasClip":true,"Lang":"en","Page":0,"Path":"//Document/Sect/Table[3]/TR[2]/TD[3]/P","Text":"87 ","TextSize":10.080001831054688,"attributes":{"LineHeight":12.125},"elementId":51},{"Bounds":[487.00999450683594,373.89320373535156,517.7280731201172,383.3482360839844],"ClipBounds":[487.00999450683594,373.89320373535156,517.7280731201172,383.3482360839844],"Page":0,"Path":"//Document/Sect/Table[3]/TR[2]/TD[4]","attributes":{"BBox":[481.41999999999825,357.61799999998766,541.417999999976,389.775999999998],"BlockAlign":"Before","BorderColor":[0,0,0],"BorderStyle":"Solid","BorderThickness":[0.25,0.25,0.25,0.5],"ColIndex":3,"Height":32.125,"InlineAlign":"Start","RowIndex":1,"Width":60},"elementId":52},{"Bounds":[487.00999450683594,373.89320373535156,517.7280731201172,383.3482360839844],"ClipBounds":[487.00999450683594,373.89320373535156,517.7280731201172,383.3482360839844],"Font":{"alt_family_name":"Arial","embedded":true,"encoding":"WinAnsiEncoding","family_name":"Arial MT","font_type":"TrueType","italic":false,"monospaced":false,"name":"BZJJQG+ArialMT","subset":true,"weight":400},"HasClip":true,"Lang":"en","Page":0,"Path":"//Document/Sect/Table[3]/TR[2]/TD[4]/P","Text":"$3132 ","TextSize":10.080001831054688,"attributes":{"LineHeight":12.125},"elementId":53},{"Bounds":[77.447998046875,340.38319396972656,179.7902374267578,349.83824157714844],"ClipBounds":[77.447998046875,340.38319396972656,179.7902374267578,349.83824157714844],"Page":0,"Path":"//Document/Sect/Table[3]/TR[3]/TD","attributes":{"BBox":[71.5170999999973,323.05899999999383,358.0649999999878,358.09799999999814],"BlockAlign":"Middle","BorderColor":[0,0,0],"BorderStyle":"Solid","BorderThickness":[0.25,0.25,0.5,0.25],"ColIndex":0,"Height":35,"InlineAlign":"Start","RowIndex":2,"Width":286.375},"elementId":54},{"Bounds":[77.447998046875,340.38319396972656,179.7902374267578,349.83824157714844],"ClipBounds":[77.447998046875,340.38319396972656,179.7902374267578,349.83824157714844],"Font":{"alt_family_name":"Arial","embedded":true,"encoding":"WinAnsiEncoding","family_name":"Arial MT","font_type":"TrueType","italic":false,"monospaced":false,"name":"BZJJQG+ArialMT","subset":true,"weight":400},"HasClip":true,"Lang":"en","Page":0,"Path":"//Document/Sect/Table[3]/TR[3]/TD/P","Text":"Handmade Cotton Hat ","TextSize":10.080001831054688,"attributes":{"LineHeight":12.125},"elementId":55},{"Bounds":[363.82000732421875,340.38319396972656,378.3000030517578,349.83824157714844],"ClipBounds":[363.82000732421875,340.38319396972656,378.3000030517578,349.83824157714844],"Page":0,"Path":"//Document/Sect/Table[3]/TR[3]/TD[2]","attributes":{"BBox":[357.58499999999185,323.05899999999383,414.22299999999814,358.09799999999814],"BlockAlign":"Middle","BorderColor":[0,0,0],"BorderStyle":"Solid","BorderThickness":0.25,"ColIndex":1,"Height":35,"InlineAlign":"Start","RowIndex":2,"Width":56.625},"elementId":56},{"Bounds":[363.82000732421875,340.38319396972656,378.3000030517578,349.83824157714844],"ClipBounds":[363.82000732421875,340.38319396972656,378.3000030517578,349.83824157714844],"Font":{"alt_family_name":"Arial","embedded":true,"encoding":"WinAnsiEncoding","family_name":"Arial MT","font_type":"TrueType","italic":false,"monospaced":false,"name":"BZJJQG+ArialMT","subset":true,"weight":400},"HasClip":true,"Lang":"en","Page":0,"Path":"//Document/Sect/Table[3]/TR[3]/TD[2]/P","Text":"24 ","TextSize":10.080001831054688,"attributes":{"LineHeight":12.125},"elementId":57},{"Bounds":[420.3800048828125,340.38319396972656,434.86000061035156,349.83824157714844],"ClipBounds":[420.3800048828125,340.38319396972656,434.86000061035156,349.83824157714844],"Page":0,"Path":"//Document/Sect/Table[3]/TR[3]/TD[3]","attributes":{"BBox":[413.74299999998766,323.05899999999383,481.8999999999942,358.09799999999814],"BlockAlign":"Middle","BorderColor":[0,0,0],"BorderStyle":"Solid","BorderThickness":0.25,"ColIndex":2,"Height":35,"InlineAlign":"Start","RowIndex":2,"Width":68.125},"elementId":58},{"Bounds":[420.3800048828125,340.38319396972656,434.86000061035156,349.83824157714844],"ClipBounds":[420.3800048828125,340.38319396972656,434.86000061035156,349.83824157714844],"Font":{"alt_family_name":"Arial","embedded":true,"encoding":"WinAnsiEncoding","family_name":"Arial MT","font_type":"TrueType","italic":false,"monospaced":false,"name":"BZJJQG+ArialMT","subset":true,"weight":400},"HasClip":true,"Lang":"en","Page":0,"Path":"//Document/Sect/Table[3]/TR[3]/TD[3]/P","Text":"39 ","TextSize":10.080001831054688,"attributes":{"LineHeight":12.125},"elementId":59},{"Bounds":[487.00999450683594,340.38319396972656,512.3251953125,349.83824157714844],"ClipBounds":[487.00999450683594,340.38319396972656,512.3251953125,349.83824157714844],"Page":0,"Path":"//Document/Sect/Table[3]/TR[3]/TD[4]","attributes":{"BBox":[481.41999999999825,323.05899999999383,541.417999999976,358.09799999999814],"BlockAlign":"Middle","BorderColor":[0,0,0],"BorderStyle":"Solid","BorderThickness":[0.25,0.25,0.25,0.5],"ColIndex":3,"Height":35,"InlineAlign":"Start","RowIndex":2,"Width":60},"elementId":60},{"Bounds":[487.00999450683594,340.38319396972656,512.3251953125,349.83824157714844],"ClipBounds":[487.00999450683594,340.38319396972656,512.3251953125,349.83824157714844],"Font":{"alt_family_name":"Arial","embedded":true,"encoding":"WinAnsiEncoding","family_name":"Arial MT","font_type":"TrueType","italic":false,"monospaced":false,"name":"BZJJQG+ArialMT","subset":true,"weight":400},"HasClip":true,"Lang":"en","Page":0,"Path":"//Document/Sect/Table[3]/TR[3]/TD[4]/P","Text":"$936 ","TextSize":10.080001831054688,"attributes":{"LineHeight":12.125},"elementId":61},{"Bounds":[77.447998046875,306.9031982421875,162.24095153808594,316.3582458496094],"ClipBounds":[77.447998046875,306.9031982421875,162.24095153808594,316.3582458496094],"Page":0,"Path":"//Document/Sect/Table[3]/TR[4]/TD","attributes":{"BBox":[71.5170999999973,289.9399999999878,358.0649999999878,323.53899999998976],"BlockAlign":"Before","BorderColor":[0,0,0],"BorderStyle":"Solid","BorderThickness":[0.25,0.25,0.5,0.25],"ColIndex":0,"Height":33.625,"InlineAlign":"Start","RowIndex":3,"Width":286.375},"elementId":62},{"Bounds":[77.447998046875,306.9031982421875,162.24095153808594,316.3582458496094],"ClipBounds":[77.447998046875,306.9031982421875,162.24095153808594,316.3582458496094],"Font":{"alt_family_name":"Arial","embedded":true,"encoding":"WinAnsiEncoding","family_name":"Arial MT","font_type":"TrueType","italic":false,"monospaced":false,"name":"BZJJQG+ArialMT","subset":true,"weight":400},"HasClip":true,"Lang":"en","Page":0,"Path":"//Document/Sect/Table[3]/TR[4]/TD/P","Text":"Rustic Steel Chips ","TextSize":10.080001831054688,"attributes":{"LineHeight":12.125},"elementId":63},{"Bounds":[363.82000732421875,306.9031982421875,378.3000030517578,316.3582458496094],"ClipBounds":[363.82000732421875,306.9031982421875,378.3000030517578,316.3582458496094],"Page":0,"Path":"//Document/Sect/Table[3]/TR[4]/TD[2]","attributes":{"BBox":[357.58499999999185,289.9399999999878,414.22299999999814,323.53899999998976],"BlockAlign":"Before","BorderColor":[0,0,0],"BorderStyle":"Solid","BorderThickness":0.25,"ColIndex":1,"Height":33.625,"InlineAlign":"Start","RowIndex":3,"Width":56.625},"elementId":64},{"Bounds":[363.82000732421875,306.9031982421875,378.3000030517578,316.3582458496094],"ClipBounds":[363.82000732421875,306.9031982421875,378.3000030517578,316.3582458496094],"Font":{"alt_family_name":"Arial","embedded":true,"encoding":"WinAnsiEncoding","family_name":"Arial MT","font_type":"TrueType","italic":false,"monospaced":false,"name":"BZJJQG+ArialMT","subset":true,"weight":400},"HasClip":true,"Lang":"en","Page":0,"Path":"//Document/Sect/Table[3]/TR[4]/TD[2]/P","Text":"76 ","TextSize":10.080001831054688,"attributes":{"LineHeight":12.125},"elementId":65},{"Bounds":[420.3800048828125,306.9031982421875,434.86000061035156,316.3582458496094],"ClipBounds":[420.3800048828125,306.9031982421875,434.86000061035156,316.3582458496094],"Page":0,"Path":"//Document/Sect/Table[3]/TR[4]/TD[3]","attributes":{"BBox":[413.74299999998766,289.9399999999878,481.8999999999942,323.53899999998976],"BlockAlign":"Before","BorderColor":[0,0,0],"BorderStyle":"Solid","BorderThickness":0.25,"ColIndex":2,"Height":33.625,"InlineAlign":"Start","RowIndex":3,"Width":68.125},"elementId":66},{"Bounds":[420.3800048828125,306.9031982421875,434.86000061035156,316.3582458496094],"ClipBounds":[420.3800048828125,306.9031982421875,434.86000061035156,316.3582458496094],"Font":{"alt_family_name":"Arial","embedded":true,"encoding":"WinAnsiEncoding","family_name":"Arial MT","font_type":"TrueType","italic":false,"monospaced":false,"name":"BZJJQG+ArialMT","subset":true,"weight":400},"HasClip":true,"Lang":"en","Page":0,"Path":"//Document/Sect/Table[3]/TR[4]/TD[3]/P","Text":"58 ","TextSize":10.080001831054688,"attributes":{"LineHeight":12.125},"elementId":67},{"Bounds":[487.00999450683594,306.9031982421875,517.7280731201172,316.3582458496094],"ClipBounds":[487.00999450683594,306.9031982421875,517.7280731201172,316.3582458496094],"Page":0,"Path":"//Document/Sect/Table[3]/TR[4]/TD[4]","attributes":{"BBox":[481.41999999999825,289.9399999999878,541.417999999976,323.53899999998976],"BlockAlign":"Before","BorderColor":[0,0,0],"BorderStyle":"Solid","BorderThickness":[0.25,0.25,0.25,0.5],"ColIndex":3,"Height":33.625,"InlineAlign":"Start","RowIndex":3,"Width":60},"elementId":68},{"Bounds":[487.00999450683594,306.9031982421875,517.7280731201172,316.3582458496094],"ClipBounds":[487.00999450683594,306.9031982421875,517.7280731201172,316.3582458496094],"Font":{"alt_family_name":"Arial","embedded":true,"encoding":"WinAnsiEncoding","family_name":"Arial MT","font_type":"TrueType","italic":false,"monospaced":false,"name":"BZJJQG+ArialMT","subset":true,"weight":400},"HasClip":true,"Lang":"en","Page":0,"Path":"//Document/Sect/Table[3]/TR[4]/TD[4]/P","Text":"$4408 ","TextSize":10.080001831054688,"attributes":{"LineHeight":12.125},"elementId":69},{"Bounds":[77.447998046875,273.4031982421875,169.2566375732422,282.8582458496094],"ClipBounds":[77.447998046875,273.4031982421875,169.2566375732422,282.8582458496094],"Page":0,"Path":"//Document/Sect/Table[3]/TR[5]/TD","attributes":{"BBox":[71.5170999999973,256.82199999998556,358.0649999999878,290.41999999999825],"BlockAlign":"Before","BorderColor":[0,0,0],"BorderStyle":"Solid","BorderThickness":[0.25,0.25,0.5,0.25],"ColIndex":0,"Height":33.625,"InlineAlign":"Start","RowIndex":4,"Width":286.375},"elementId":70},{"Bounds":[77.447998046875,273.4031982421875,169.2566375732422,282.8582458496094],"ClipBounds":[77.447998046875,273.4031982421875,169.2566375732422,282.8582458496094],"Font":{"alt_family_name":"Arial","embedded":true,"encoding":"WinAnsiEncoding","family_name":"Arial MT","font_type":"TrueType","italic":false,"monospaced":false,"name":"BZJJQG+ArialMT","subset":true,"weight":400},"HasClip":true,"Lang":"en","Page":0,"Path":"//Document/Sect/Table[3]/TR[5]/TD/P","Text":"Intelligent Soft Tuna ","TextSize":10.080001831054688,"attributes":{"LineHeight":12.125},"elementId":71},{"Bounds":[363.82000732421875,273.4031982421875,378.3000030517578,282.8582458496094],"ClipBounds":[363.82000732421875,273.4031982421875,378.3000030517578,282.8582458496094],"Page":0,"Path":"//Document/Sect/Table[3]/TR[5]/TD[2]","attributes":{"BBox":[357.58499999999185,256.82199999998556,414.22299999999814,290.41999999999825],"BlockAlign":"Before","BorderColor":[0,0,0],"BorderStyle":"Solid","BorderThickness":0.25,"ColIndex":1,"Height":33.625,"InlineAlign":"Start","RowIndex":4,"Width":56.625},"elementId":72},{"Bounds":[363.82000732421875,273.4031982421875,378.3000030517578,282.8582458496094],"ClipBounds":[363.82000732421875,273.4031982421875,378.3000030517578,282.8582458496094],"Font":{"alt_family_name":"Arial","embedded":true,"encoding":"WinAnsiEncoding","family_name":"Arial MT","font_type":"TrueType","italic":false,"monospaced":false,"name":"BZJJQG+ArialMT","subset":true,"weight":400},"HasClip":true,"Lang":"en","Page":0,"Path":"//Document/Sect/Table[3]/TR[5]/TD[2]/P","Text":"31 ","TextSize":10.080001831054688,"attributes":{"LineHeight":12.125},"elementId":73},{"Bounds":[420.3800048828125,273.4031982421875,434.86000061035156,282.8582458496094],"ClipBounds":[420.3800048828125,273.4031982421875,434.86000061035156,282.8582458496094],"Page":0,"Path":"//Document/Sect/Table[3]/TR[5]/TD[3]","attributes":{"BBox":[413.74299999998766,256.82199999998556,481.8999999999942,290.41999999999825],"BlockAlign":"Before","BorderColor":[0,0,0],"BorderStyle":"Solid","BorderThickness":0.25,"ColIndex":2,"Height":33.625,"InlineAlign":"Start","RowIndex":4,"Width":68.125},"elementId":74},{"Bounds":[420.3800048828125,273.4031982421875,434.86000061035156,282.8582458496094],"ClipBounds":[420.3800048828125,273.4031982421875,434.86000061035156,282.8582458496094],"Font":{"alt_family_name":"Arial","embedded":true,"encoding":"WinAnsiEncoding","family_name":"Arial MT","font_type":"TrueType","italic":false,"monospaced":false,"name":"BZJJQG+ArialMT","subset":true,"weight":400},"HasClip":true,"Lang":"en","Page":0,"Path":"//Document/Sect/Table[3]/TR[5]/TD[3]/P","Text":"21 ","TextSize":10.080001831054688,"attributes":{"LineHeight":12.125},"elementId":75},{"Bounds":[487.00999450683594,273.4031982421875,512.3251953125,282.8582458496094],"ClipBounds":[487.00999450683594,273.4031982421875,512.3251953125,282.8582458496094],"Page":0,"Path":"//Document/Sect/Table[3]/TR[5]/TD[4]","attributes":{"BBox":[481.41999999999825,256.82199999998556,541.417999999976,290.41999999999825],"BlockAlign":"Before","BorderColor":[0,0,0],"BorderStyle":"Solid","BorderThickness":[0.25,0.25,0.25,0.5],"ColIndex":3,"Height":33.625,"InlineAlign":"Start","RowIndex":4,"Width":60},"elementId":76},{"Bounds":[487.00999450683594,273.4031982421875,512.3251953125,282.8582458496094],"ClipBounds":[487.00999450683594,273.4031982421875,512.3251953125,282.8582458496094],"Font":{"alt_family_name":"Arial","embedded":true,"encoding":"WinAnsiEncoding","family_name":"Arial MT","font_type":"TrueType","italic":false,"monospaced":false,"name":"BZJJQG+ArialMT","subset":true,"weight":400},"HasClip":true,"Lang":"en","Page":0,"Path":"//Document/Sect/Table[3]/TR[5]/TD[4]/P","Text":"$651 ","TextSize":10.080001831054688,"attributes":{"LineHeight":12.125},"elementId":77},{"Bounds":[77.447998046875,239.9031982421875,182.72352600097656,249.35824584960938],"ClipBounds":[77.447998046875,239.9031982421875,182.72352600097656,249.35824584960938],"Page":0,"Path":"//Document/Sect/Table[3]/TR[6]/TD","attributes":{"BBox":[71.5170999999973,221.90299999999843,358.0649999999878,257.30199999999604],"BlockAlign":"Before","BorderColor":[0,0,0],"BorderStyle":"Solid","BorderThickness":[0.25,0.625,0.5,0.25],"ColIndex":0,"Height":35.375,"InlineAlign":"Start","RowIndex":5,"Width":286.375},"elementId":78},{"Bounds":[77.447998046875,239.9031982421875,182.72352600097656,249.35824584960938],"ClipBounds":[77.447998046875,239.9031982421875,182.72352600097656,249.35824584960938],"Font":{"alt_family_name":"Arial","embedded":true,"encoding":"WinAnsiEncoding","family_name":"Arial MT","font_type":"TrueType","italic":false,"monospaced":false,"name":"BZJJQG+ArialMT","subset":true,"weight":400},"HasClip":true,"Lang":"en","Page":0,"Path":"//Document/Sect/Table[3]/TR[6]/TD/P","Text":"Practical Rubber Chips ","TextSize":10.080001831054688,"attributes":{"LineHeight":12.125},"elementId":79},{"Bounds":[363.82000732421875,239.9031982421875,383.3751983642578,249.35824584960938],"ClipBounds":[363.82000732421875,239.9031982421875,383.3751983642578,249.35824584960938],"Page":0,"Path":"//Document/Sect/Table[3]/TR[6]/TD[2]","attributes":{"BBox":[357.58499999999185,221.90299999999843,414.22299999999814,257.30199999999604],"BlockAlign":"Before","BorderColor":[0,0,0],"BorderStyle":"Solid","BorderThickness":[0.25,0.625,0.25,0.25],"ColIndex":1,"Height":35.375,"InlineAlign":"Start","RowIndex":5,"Width":56.625},"elementId":80},{"Bounds":[363.82000732421875,239.9031982421875,383.3751983642578,249.35824584960938],"ClipBounds":[363.82000732421875,239.9031982421875,383.3751983642578,249.35824584960938],"Font":{"alt_family_name":"Arial","embedded":true,"encoding":"WinAnsiEncoding","family_name":"Arial MT","font_type":"TrueType","italic":false,"monospaced":false,"name":"BZJJQG+ArialMT","subset":true,"weight":400},"HasClip":true,"Lang":"en","Page":0,"Path":"//Document/Sect/Table[3]/TR[6]/TD[2]/P","Text":"126 ","TextSize":10.080001831054688,"attributes":{"LineHeight":12.125},"elementId":81},{"Bounds":[420.3800048828125,239.9031982421875,434.86000061035156,249.35824584960938],"ClipBounds":[420.3800048828125,239.9031982421875,434.86000061035156,249.35824584960938],"Page":0,"Path":"//Document/Sect/Table[3]/TR[6]/TD[3]","attributes":{"BBox":[413.74299999998766,221.90299999999843,481.8999999999942,257.30199999999604],"BlockAlign":"Before","BorderColor":[0,0,0],"BorderStyle":"Solid","BorderThickness":[0.25,0.625,0.25,0.25],"ColIndex":2,"Height":35.375,"InlineAlign":"Start","RowIndex":5,"Width":68.125},"elementId":82},{"Bounds":[420.3800048828125,239.9031982421875,434.86000061035156,249.35824584960938],"ClipBounds":[420.3800048828125,239.9031982421875,434.86000061035156,249.35824584960938],"Font":{"alt_family_name":"Arial","embedded":true,"encoding":"WinAnsiEncoding","family_name":"Arial MT","font_type":"TrueType","italic":false,"monospaced":false,"name":"BZJJQG+ArialMT","subset":true,"weight":400},"HasClip":true,"Lang":"en","Page":0,"Path":"//Document/Sect/Table[3]/TR[6]/TD[3]/P","Text":"48 ","TextSize":10.080001831054688,"attributes":{"LineHeight":12.125},"elementId":83},{"Bounds":[487.00999450683594,239.9031982421875,517.7280731201172,249.35824584960938],"ClipBounds":[487.00999450683594,239.9031982421875,517.7280731201172,249.35824584960938],"Page":0,"Path":"//Document/Sect/Table[3]/TR[6]/TD[4]","attributes":{"BBox":[481.41999999999825,221.90299999999843,541.417999999976,257.30199999999604],"BlockAlign":"Before","BorderColor":[0,0,0],"BorderStyle":"Solid","BorderThickness":[0.25,0.625,0.25,0.5],"ColIndex":3,"Height":35.375,"InlineAlign":"Start","RowIndex":5,"Width":60},"elementId":84},{"Bounds":[487.00999450683594,239.9031982421875,517.7280731201172,249.35824584960938],"ClipBounds":[487.00999450683594,239.9031982421875,517.7280731201172,249.35824584960938],"Font":{"alt_family_name":"Arial","embedded":true,"encoding":"WinAnsiEncoding","family_name":"Arial MT","font_type":"TrueType","italic":false,"monospaced":false,"name":"BZJJQG+ArialMT","subset":true,"weight":400},"HasClip":true,"Lang":"en","Page":0,"Path":"//Document/Sect/Table[3]/TR[6]/TD[4]/P","Text":"$6048 ","TextSize":10.080001831054688,"attributes":{"LineHeight":12.125},"elementId":85},{"Bounds":[77.447998046875,126.45320129394531,522.3792724609375,169.40823364257812],"ClipBounds":[77.447998046875,126.45320129394531,522.3792724609375,169.40823364257812],"Page":0,"Path":"//Document/Sect/Table[4]","attributes":{"BBox":[72.35709999999744,128.54699999999866,540.0979999999981,188.18499999999767],"NumCol":2,"NumRow":2,"Placement":"Block","SpaceAfter":18},"filePaths":["tables/fileoutpart6.xlsx","tables/fileoutpart7.png"],"elementId":86},{"Bounds":[77.447998046875,159.9532012939453,120.4593505859375,169.40823364257812],"ClipBounds":[77.447998046875,159.9532012939453,120.4593505859375,169.40823364257812],"Page":0,"Path":"//Document/Sect/Table[4]/TR/TD","attributes":{"BBox":[72.35709999999744,143.30599999999686,359.98499999998603,188.18499999999767],"BlockAlign":"Middle","BorderColor":[[0.6235349999999755,0.6235349999999755,0.6235349999999755],null,null,null],"BorderStyle":["Solid","None","None","None"],"BorderThickness":[0.875,0,0,0],"ColIndex":0,"Height":44.875,"InlineAlign":"Start","RowIndex":0,"Width":287.625},"elementId":87},{"Bounds":[77.447998046875,159.9532012939453,120.4593505859375,169.40823364257812],"ClipBounds":[77.447998046875,159.9532012939453,120.4593505859375,169.40823364257812],"Font":{"alt_family_name":"Arial","embedded":true,"encoding":"WinAnsiEncoding","family_name":"Arial","font_type":"TrueType","italic":false,"monospaced":false,"name":"TFKSIW+Arial-BoldMT","subset":true,"weight":700},"HasClip":true,"Lang":"en","Page":0,"Path":"//Document/Sect/Table[4]/TR/TD/P","Text":"Subtotal ","TextSize":10.080001831054688,"attributes":{"LineHeight":12.125},"elementId":88},{"Bounds":[485.92999267578125,159.9532012939453,522.3792724609375,169.40823364257812],"ClipBounds":[485.92999267578125,159.9532012939453,522.3792724609375,169.40823364257812],"Page":0,"Path":"//Document/Sect/Table[4]/TR/TD[2]","attributes":{"BBox":[359.98499999998603,143.30599999999686,540.0979999999981,188.18499999999767],"BlockAlign":"Middle","BorderColor":[[0.6235349999999755,0.6235349999999755,0.6235349999999755],null,null,null],"BorderStyle":["Solid","None","None","None"],"BorderThickness":[0.875,0,0,0],"ColIndex":1,"Height":44.875,"InlineAlign":"End","RowIndex":0,"Width":180.125},"elementId":89},{"Bounds":[485.92999267578125,159.9532012939453,522.3792724609375,169.40823364257812],"ClipBounds":[485.92999267578125,159.9532012939453,522.3792724609375,169.40823364257812],"Font":{"alt_family_name":"Arial","embedded":true,"encoding":"WinAnsiEncoding","family_name":"Arial MT","font_type":"TrueType","italic":false,"monospaced":false,"name":"BZJJQG+ArialMT","subset":true,"weight":400},"HasClip":true,"Lang":"en","Page":0,"Path":"//Document/Sect/Table[4]/TR/TD[2]/P","Text":"$18375 ","TextSize":10.080001831054688,"attributes":{"LineHeight":12.125},"elementId":90},{"Bounds":[77.447998046875,126.45320129394531,109.73143005371094,135.90823364257812],"ClipBounds":[77.447998046875,126.45320129394531,109.73143005371094,135.90823364257812],"Page":0,"Path":"//Document/Sect/Table[4]/TR[2]/TD","attributes":{"BBox":[72.35709999999744,128.54699999999866,359.98499999998603,143.30599999999686],"BlockAlign":"After","ColIndex":0,"Height":14.75,"InlineAlign":"Start","RowIndex":1,"Width":287.625},"elementId":91},{"Bounds":[77.447998046875,126.45320129394531,109.73143005371094,135.90823364257812],"ClipBounds":[77.447998046875,126.45320129394531,109.73143005371094,135.90823364257812],"Font":{"alt_family_name":"Arial","embedded":true,"encoding":"WinAnsiEncoding","family_name":"Arial","font_type":"TrueType","italic":false,"monospaced":false,"name":"TFKSIW+Arial-BoldMT","subset":true,"weight":700},"HasClip":true,"Lang":"en","Page":0,"Path":"//Document/Sect/Table[4]/TR[2]/TD/P","Text":"Tax % ","TextSize":10.080001831054688,"attributes":{"LineHeight":12.125},"elementId":92},{"Bounds":[485.92999267578125,126.45320129394531,500.4100036621094,135.90823364257812],"ClipBounds":[485.92999267578125,126.45320129394531,500.4100036621094,135.90823364257812],"Page":0,"Path":"//Document/Sect/Table[4]/TR[2]/TD[2]","attributes":{"BBox":[359.98499999998603,128.54699999999866,540.0979999999981,143.30599999999686],"BlockAlign":"After","ColIndex":1,"Height":14.75,"InlineAlign":"End","RowIndex":1,"Width":180.125},"elementId":93},{"Bounds":[485.92999267578125,126.45320129394531,500.4100036621094,135.90823364257812],"ClipBounds":[485.92999267578125,126.45320129394531,500.4100036621094,135.90823364257812],"Font":{"alt_family_name":"Arial","embedded":true,"encoding":"WinAnsiEncoding","family_name":"Arial MT","font_type":"TrueType","italic":false,"monospaced":false,"name":"BZJJQG+ArialMT","subset":true,"weight":400},"HasClip":true,"Lang":"en","Page":0,"Path":"//Document/Sect/Table[4]/TR[2]/TD[2]/P","Text":"10 ","TextSize":10.080001831054688,"attributes":{"LineHeight":12.125},"elementId":94},{"Bounds":[77.447998046875,650.8531951904297,126.14447021484375,660.3082427978516],"ClipBounds":[77.447998046875,650.8531951904297,126.14447021484375,660.3082427978516],"Font":{"alt_family_name":"Arial","embedded":true,"encoding":"WinAnsiEncoding","family_name":"Arial","font_type":"TrueType","italic":false,"monospaced":false,"name":"TFKSIW+Arial-BoldMT","subset":true,"weight":700},"HasClip":true,"Lang":"en","Page":1,"Path":"//Document/Sect/P[5]","Text":"Total Due ","TextSize":10.080001831054688,"elementId":95},{"Bounds":[485.92999267578125,648.9199981689453,526.1329956054688,657.3619995117188],"ClipBounds":[485.92999267578125,648.9199981689453,526.1329956054688,657.3619995117188],"Font":{"alt_family_name":"Arial","embedded":true,"encoding":"WinAnsiEncoding","family_name":"Arial MT","font_type":"TrueType","italic":false,"monospaced":false,"name":"BZJJQG+ArialMT","subset":true,"weight":400},"HasClip":true,"Lang":"en","Page":1,"Path":"//Document/Sect/P[6]","Text":"$20212.5 ","TextSize":9,"attributes":{"LineHeight":10.75,"TextAlign":"End"},"elementId":96}],"pages":[{"boxes":{"CropBox":[0,0,612,792],"MediaBox":[0,0,612,792]},"height":792,"is_scanned":false,"page_number":0,"rotation":0,"width":612},{"boxes":{"CropBox":[0,0,612,792],"MediaBox":[0,0,612,792]},"height":792,"is_scanned":false,"page_number":1,"rotation":0,"width":612}]}