{"version": {"json_export": "187", "page_segmentation": "5", "schema": "1.1.0", "structure": "1.1036.0", "table_structure": "5"}, "extended_metadata": {"ID_instance": "F2 99 68 54 3B B7 B2 11 0A 00 67 45 8B 6B C6 23 ", "ID_permanent": "31 35 20 46 32 20 36 34 20 35 34 20 33 42 20 42 37 20 42 32 20 31 31 20 30 41 20 30 30 20 36 37 20 34 35 20 38 42 20 36 42 20 43 36 20 32 33 20 ", "pdf_version": "1.6", "pdfa_compliance_level": "", "is_encrypted": false, "has_acroform": false, "is_digitally_signed": false, "pdfua_compliance_level": "", "page_count": 2, "has_embedded_files": false, "is_certified": false, "is_XFA": false, "language": "en-US"}, "elements": [{"Bounds": [76.72799682617188, 734.4232025146484, 171.43968200683594, 743.8782348632812], "ClipBounds": [76.72799682617188, 734.4232025146484, 171.43968200683594, 743.8782348632812], "Font": {"alt_family_name": "Arial", "embedded": true, "encoding": "WinAnsiEncoding", "family_name": "Arial", "font_type": "TrueType", "italic": false, "monospaced": false, "name": "YQQGBR+Arial-BoldMT", "subset": true, "weight": 700}, "HasClip": true, "Lang": "en", "Page": 0, "Path": "//Document/Sect/P", "Text": "NearBy Electronics ", "TextSize": 10.080001831054688, "attributes": {"LineHeight": 12.125}}, {"Bounds": [76.72799682617188, 721.1031951904297, 214.52447509765625, 730.5582427978516], "ClipBounds": [76.72799682617188, 721.1031951904297, 214.52447509765625, 730.5582427978516], "Font": {"alt_family_name": "Arial", "embedded": true, "encoding": "WinAnsiEncoding", "family_name": "Arial MT", "font_type": "TrueType", "italic": false, "monospaced": false, "name": "JRDPZV+ArialMT", "subset": true, "weight": 400}, "HasClip": true, "Page": 0, "Path": "//Document/Sect/P[2]/Sub", "Text": "3741 Glory Road, Jamestown, ", "TextSize": 10.080001831054688, "attributes": {"Placement": "Block"}}, {"Bounds": [76.72799682617188, 708.1132049560547, 155.30166625976562, 717.5682373046875], "ClipBounds": [76.72799682617188, 708.1132049560547, 155.30166625976562, 717.5682373046875], "Font": {"alt_family_name": "Arial", "embedded": true, "encoding": "WinAnsiEncoding", "family_name": "Arial MT", "font_type": "TrueType", "italic": false, "monospaced": false, "name": "JRDPZV+ArialMT", "subset": true, "weight": 400}, "HasClip": true, "Page": 0, "Path": "//Document/Sect/P[2]/Sub[2]", "Text": "Tennessee, USA ", "TextSize": 10.080001831054688, "attributes": {"Placement": "Block"}}, {"Bounds": [76.72799682617188, 694.7931976318359, 107.43167114257812, 704.2482452392578], "ClipBounds": [76.72799682617188, 694.7931976318359, 107.43167114257812, 704.2482452392578], "Font": {"alt_family_name": "Arial", "embedded": true, "encoding": "WinAnsiEncoding", "family_name": "Arial MT", "font_type": "TrueType", "italic": false, "monospaced": false, "name": "JRDPZV+ArialMT", "subset": true, "weight": 400}, "HasClip": true, "Page": 0, "Path": "//Document/Sect/P[2]/Sub[3]", "Text": "38556 ", "TextSize": 10.080001831054688, "attributes": {"Placement": "Block"}}, {"Bounds": [499.99000549316406, 734.4232025146484, 542.9308013916016, 743.8782348632812], "ClipBounds": [499.99000549316406, 734.4232025146484, 542.9308013916016, 743.8782348632812], "Font": {"alt_family_name": "Arial", "embedded": true, "encoding": "WinAnsiEncoding", "family_name": "Arial", "font_type": "TrueType", "italic": false, "monospaced": false, "name": "YQQGBR+Arial-BoldMT", "subset": true, "weight": 700}, "HasClip": true, "Lang": "en", "Page": 0, "Path": "//Document/Sect/P[3]", "Text": "Invoice# ", "TextSize": 10.080001831054688, "attributes": {"LineHeight": 12.125, "TextAlign": "End"}}, {"Bounds": [349.05999755859375, 694.7931976318359, 543.3080749511719, 730.5582427978516], "ClipBounds": [349.05999755859375, 694.7931976318359, 543.3080749511719, 730.5582427978516], "Font": {"alt_family_name": "Arial", "embedded": true, "encoding": "WinAnsiEncoding", "family_name": "Arial MT", "font_type": "TrueType", "italic": false, "monospaced": false, "name": "JRDPZV+ArialMT", "subset": true, "weight": 400}, "HasClip": true, "Lang": "en", "Page": 0, "Path": "//Document/Sect/P[4]", "Text": "JO41DLXC7278T0N8BGLP3E2N2E9QRA Issue date 12-05-2023 ", "TextSize": 10.080001831054688, "attributes": {"LineHeight": 13.125, "TextAlign": "End"}}, {"Bounds": [76.72799682617188, 636.5885620117188, 295.7052459716797, 659.9109954833984], "ClipBounds": [76.72799682617188, 636.5885620117188, 295.7052459716797, 659.9109954833984], "Font": {"alt_family_name": "Arial", "embedded": true, "encoding": "WinAnsiEncoding", "family_name": "Arial MT", "font_type": "TrueType", "italic": false, "monospaced": false, "name": "JRDPZV+ArialMT", "subset": true, "weight": 400}, "HasClip": true, "Lang": "en", "Page": 0, "Path": "//Document/Sect/Title", "Text": "NearBy Electronics ", "TextSize": 24.863998413085938, "attributes": {"LineHeight": 29.875, "SpaceAfter": 7}}, {"Bounds": [76.72799682617188, 620.6132049560547, 460.8868713378906, 630.0682373046875], "ClipBounds": [76.72799682617188, 620.6132049560547, 460.8868713378906, 630.0682373046875], "Font": {"alt_family_name": "Arial", "embedded": true, "encoding": "WinAnsiEncoding", "family_name": "Arial MT", "font_type": "TrueType", "italic": false, "monospaced": false, "name": "JRDPZV+ArialMT", "subset": true, "weight": 400}, "HasClip": true, "Lang": "en", "Page": 0, "Path": "//Document/Sect/P[5]", "Text": "We are here to serve you better. Reach out to us in case of any concern or feedbacks. ", "TextSize": 10.080001831054688, "attributes": {"LineHeight": 12.125, "SpaceAfter": 18}}, {"Bounds": [81.04800415039062, 488.42320251464844, 513.0480804443359, 577.1182403564453], "ClipBounds": [81.04800415039062, 488.42320251464844, 513.0480804443359, 577.1182403564453], "Page": 0, "Path": "//Document/Sect/Table", "attributes": {"BBox": [80.99669999999969, 488.1719999999914, 558.2169999999751, 575.4089999999851], "NumCol": 3, "NumRow": 2, "Placement": "Block", "SpaceAfter": 18}}, {"Bounds": [81.04800415039062, 567.6631927490234, 122.99087524414062, 577.1182403564453], "ClipBounds": [81.04800415039062, 567.6631927490234, 122.99087524414062, 577.1182403564453], "Page": 0, "Path": "//Document/Sect/Table/TR/TH", "attributes": {"BBox": [80.99669999999969, 566.6489999999758, 222.47099999999773, 575.4089999999851], "BlockAlign": "Before", "ColIndex": 0, "Height": 8.75, "InlineAlign": "Start", "RowIndex": 0, "Width": 141.5}}, {"Bounds": [81.04800415039062, 567.6631927490234, 122.99087524414062, 577.1182403564453], "ClipBounds": [81.04800415039062, 567.6631927490234, 122.99087524414062, 577.1182403564453], "Font": {"alt_family_name": "Arial", "embedded": true, "encoding": "WinAnsiEncoding", "family_name": "Arial", "font_type": "TrueType", "italic": false, "monospaced": false, "name": "YQQGBR+Arial-BoldMT", "subset": true, "weight": 700}, "HasClip": true, "Lang": "en", "Page": 0, "Path": "//Document/Sect/Table/TR/TH/P", "Text": "BILL TO ", "TextSize": 10.080001831054688, "attributes": {"LineHeight": 12.125}}, {"Bounds": [240.25999450683594, 567.6631927490234, 286.1240692138672, 577.1182403564453], "ClipBounds": [240.25999450683594, 567.6631927490234, 286.1240692138672, 577.1182403564453], "Page": 0, "Path": "//Document/Sect/Table/TR/TH[2]", "attributes": {"BBox": [222.47099999999773, 566.6489999999758, 403.903999999995, 575.4089999999851], "BlockAlign": "Before", "ColIndex": 1, "Height": 8.75, "InlineAlign": "Start", "RowIndex": 0, "Width": 181.375}}, {"Bounds": [240.25999450683594, 567.6631927490234, 286.1240692138672, 577.1182403564453], "ClipBounds": [240.25999450683594, 567.6631927490234, 286.1240692138672, 577.1182403564453], "Font": {"alt_family_name": "Arial", "embedded": true, "encoding": "WinAnsiEncoding", "family_name": "Arial", "font_type": "TrueType", "italic": false, "monospaced": false, "name": "YQQGBR+Arial-BoldMT", "subset": true, "weight": 700}, "HasClip": true, "Lang": "en", "Page": 0, "Path": "//Document/Sect/Table/TR/TH[2]/P", "Text": "DETAILS ", "TextSize": 10.080001831054688, "attributes": {"LineHeight": 12.125}}, {"Bounds": [412.8000030517578, 567.6631927490234, 464.58103942871094, 577.1182403564453], "ClipBounds": [412.8000030517578, 567.6631927490234, 464.58103942871094, 577.1182403564453], "Page": 0, "Path": "//Document/Sect/Table/TR/TH[3]", "attributes": {"BBox": [403.903999999995, 566.6489999999758, 558.2169999999751, 575.4089999999851], "BlockAlign": "Before", "ColIndex": 2, "Height": 8.75, "InlineAlign": "Start", "RowIndex": 0, "Width": 154.375}}, {"Bounds": [412.8000030517578, 567.6631927490234, 464.58103942871094, 577.1182403564453], "ClipBounds": [412.8000030517578, 567.6631927490234, 464.58103942871094, 577.1182403564453], "Font": {"alt_family_name": "Arial", "embedded": true, "encoding": "WinAnsiEncoding", "family_name": "Arial", "font_type": "TrueType", "italic": false, "monospaced": false, "name": "YQQGBR+Arial-BoldMT", "subset": true, "weight": 700}, "HasClip": true, "Lang": "en", "Page": 0, "Path": "//Document/Sect/Table/TR/TH[3]/P", "Text": "PAYMENT ", "TextSize": 10.080001831054688, "attributes": {"LineHeight": 12.125}}, {"Bounds": [81.04800415039062, 488.42320251464844, 207.05807495117188, 564.1382446289062], "ClipBounds": [81.04800415039062, 488.42320251464844, 207.05807495117188, 564.1382446289062], "Page": 0, "Path": "//Document/Sect/Table/TR[2]/TD", "attributes": {"BBox": [80.99669999999969, 488.1719999999914, 222.47099999999773, 566.6489999999758], "BlockAlign": "After", "ColIndex": 0, "Height": 78.5, "InlineAlign": "Start", "RowIndex": 1, "Width": 141.5}}, {"Bounds": [81.04800415039062, 488.42320251464844, 207.05807495117188, 564.1382446289062], "ClipBounds": [81.04800415039062, 488.42320251464844, 207.05807495117188, 564.1382446289062], "Font": {"alt_family_name": "Arial", "embedded": true, "encoding": "WinAnsiEncoding", "family_name": "Arial MT", "font_type": "TrueType", "italic": false, "monospaced": false, "name": "JRDPZV+ArialMT", "subset": true, "weight": 400}, "HasClip": true, "Lang": "en", "Page": 0, "Path": "//Document/Sect/Table/TR[2]/TD/P", "Text": "Garry Hegmann Garry_Hegmann59@hotma il.com 750-257-9345 9874 Bayer Road Le Hocq ", "TextSize": 10.080001831054688, "attributes": {"LineHeight": 13.25}}, {"Bounds": [240.25999450683594, 514.7232055664062, 369.03192138671875, 564.1382446289062], "ClipBounds": [240.25999450683594, 514.7232055664062, 369.03192138671875, 564.1382446289062], "Page": 0, "Path": "//Document/Sect/Table/TR[2]/TD[2]", "attributes": {"BBox": [222.47099999999773, 488.1719999999914, 403.903999999995, 566.6489999999758], "BlockAlign": "Before", "ColIndex": 1, "Height": 78.5, "InlineAlign": "Start", "RowIndex": 1, "Width": 181.375}}, {"Bounds": [240.25999450683594, 514.7232055664062, 369.03192138671875, 564.1382446289062], "ClipBounds": [240.25999450683594, 514.7232055664062, 369.03192138671875, 564.1382446289062], "Font": {"alt_family_name": "Arial", "embedded": true, "encoding": "WinAnsiEncoding", "family_name": "Arial MT", "font_type": "TrueType", "italic": false, "monospaced": false, "name": "JRDPZV+ArialMT", "subset": true, "weight": 400}, "HasClip": true, "Lang": "en", "Page": 0, "Path": "//Document/Sect/Table/TR[2]/TD[2]/P", "Text": "sit consequat amet laborum mollit do irure ex officia ipsum esse adipisicing tempor dolore ipsum veniam ", "TextSize": 10.080001831054688, "attributes": {"LineHeight": 13.375}}, {"Bounds": [410.63999938964844, 522.056396484375, 513.0480804443359, 564.1382446289062], "ClipBounds": [410.63999938964844, 522.056396484375, 513.0480804443359, 564.1382446289062], "Page": 0, "Path": "//Document/Sect/Table/TR[2]/TD[3]", "attributes": {"BBox": [403.903999999995, 488.1719999999914, 558.2169999999751, 566.6489999999758], "BlockAlign": "Before", "ColIndex": 2, "Height": 78.5, "InlineAlign": "Start", "RowIndex": 1, "Width": 154.375}}, {"Bounds": [412.8000030517578, 554.6831970214844, 513.0480804443359, 564.1382446289062], "ClipBounds": [412.8000030517578, 554.6831970214844, 513.0480804443359, 564.1382446289062], "Font": {"alt_family_name": "Arial", "embedded": true, "encoding": "WinAnsiEncoding", "family_name": "Arial MT", "font_type": "TrueType", "italic": false, "monospaced": false, "name": "JRDPZV+ArialMT", "subset": true, "weight": 400}, "HasClip": true, "Lang": "en", "Page": 0, "Path": "//Document/Sect/Table/TR[2]/TD[3]/P", "Text": "Due date: 26-06-2023 ", "TextSize": 10.080001831054688, "attributes": {"LineHeight": 12.125}}, {"Bounds": [410.63999938964844, 522.056396484375, 459.87107849121094, 532.5244750976562], "ClipBounds": [410.63999938964844, 522.056396484375, 459.87107849121094, 532.5244750976562], "Font": {"alt_family_name": "Arial", "embedded": true, "encoding": "WinAnsiEncoding", "family_name": "Arial", "font_type": "TrueType", "italic": false, "monospaced": false, "name": "YQQGBR+Arial-BoldMT", "subset": true, "weight": 700}, "HasClip": true, "Lang": "en", "Page": 0, "Path": "//Document/Sect/Table/TR[2]/TD[3]/P[2]", "Text": "$45889.8 ", "TextSize": 11.160003662109375, "attributes": {"LineHeight": 13.375}}, {"Bounds": [77.447998046875, 416.7532043457031, 530.1510314941406, 426.20823669433594], "ClipBounds": [77.447998046875, 416.7532043457031, 530.1510314941406, 426.20823669433594], "Page": 0, "Path": "//Document/Sect/Table[2]", "attributes": {"BBox": [71.5170999999973, 401.775999999998, 540.9379999999946, 434.29499999999825], "NumCol": 4, "Placement": "Block", "SpaceAfter": 18}}, {"Bounds": [77.447998046875, 416.7532043457031, 104.47239685058594, 426.20823669433594], "ClipBounds": [77.447998046875, 416.7532043457031, 104.47239685058594, 426.20823669433594], "Page": 0, "Path": "//Document/Sect/Table[2]/TR/TD", "attributes": {"BBox": [71.5170999999973, 400.93599999998696, 358.78499999998894, 434.29499999999825], "BlockAlign": "Middle", "BorderColor": [[0, 0, 0], [0.6235349999999755, 0.6235349999999755, 0.6235349999999755], [0, 0, 0], [0, 0, 0]], "BorderStyle": "Solid", "BorderThickness": [0.625, 0.875, 0.5, 0.25], "ColIndex": 0, "Height": 33.375, "InlineAlign": "Start", "RowIndex": 0, "Width": 287.25}}, {"Bounds": [77.447998046875, 416.7532043457031, 104.47239685058594, 426.20823669433594], "ClipBounds": [77.447998046875, 416.7532043457031, 104.47239685058594, 426.20823669433594], "Font": {"alt_family_name": "Arial", "embedded": true, "encoding": "WinAnsiEncoding", "family_name": "Arial", "font_type": "TrueType", "italic": false, "monospaced": false, "name": "YQQGBR+Arial-BoldMT", "subset": true, "weight": 700}, "HasClip": true, "Lang": "en", "Page": 0, "Path": "//Document/Sect/Table[2]/TR/TD/P", "Text": "ITEM ", "TextSize": 10.080001831054688, "attributes": {"LineHeight": 12.125}}, {"Bounds": [363.1000061035156, 416.7532043457031, 386.6570281982422, 426.20823669433594], "ClipBounds": [363.1000061035156, 416.7532043457031, 386.6570281982422, 426.20823669433594], "Page": 0, "Path": "//Document/Sect/Table[2]/TR/TD[2]", "attributes": {"BBox": [358.304999999993, 400.93599999998696, 415.6629999999859, 434.29499999999825], "BlockAlign": "Middle", "BorderColor": [[0, 0, 0], [0.6235349999999755, 0.6235349999999755, 0.6235349999999755], [0, 0, 0], [0, 0, 0]], "BorderStyle": "Solid", "BorderThickness": [0.625, 0.875, 0.25, 0.25], "ColIndex": 1, "Height": 33.375, "InlineAlign": "Start", "RowIndex": 0, "Width": 57.375}}, {"Bounds": [363.1000061035156, 416.7532043457031, 386.6570281982422, 426.20823669433594], "ClipBounds": [363.1000061035156, 416.7532043457031, 386.6570281982422, 426.20823669433594], "Font": {"alt_family_name": "Arial", "embedded": true, "encoding": "WinAnsiEncoding", "family_name": "Arial", "font_type": "TrueType", "italic": false, "monospaced": false, "name": "YQQGBR+Arial-BoldMT", "subset": true, "weight": 700}, "HasClip": true, "Lang": "en", "Page": 0, "Path": "//Document/Sect/Table[2]/TR/TD[2]/P", "Text": "QTY ", "TextSize": 10.080001831054688, "attributes": {"LineHeight": 12.125}}, {"Bounds": [420.3800048828125, 416.7532043457031, 450.7712707519531, 426.20823669433594], "ClipBounds": [420.3800048828125, 416.7532043457031, 450.7712707519531, 426.20823669433594], "Page": 0, "Path": "//Document/Sect/Table[2]/TR/TD[3]", "attributes": {"BBox": [415.18299999999, 400.93599999998696, 481.8999999999942, 434.29499999999825], "BlockAlign": "Middle", "BorderColor": [[0, 0, 0], [0.6235349999999755, 0.6235349999999755, 0.6235349999999755], [0, 0, 0], [0, 0, 0]], "BorderStyle": "Solid", "BorderThickness": [0.625, 0.875, 0.25, 0.25], "ColIndex": 2, "Height": 33.375, "InlineAlign": "Start", "RowIndex": 0, "Width": 66.75}}, {"Bounds": [420.3800048828125, 416.7532043457031, 450.7712707519531, 426.20823669433594], "ClipBounds": [420.3800048828125, 416.7532043457031, 450.7712707519531, 426.20823669433594], "Font": {"alt_family_name": "Arial", "embedded": true, "encoding": "WinAnsiEncoding", "family_name": "Arial", "font_type": "TrueType", "italic": false, "monospaced": false, "name": "YQQGBR+Arial-BoldMT", "subset": true, "weight": 700}, "HasClip": true, "Lang": "en", "Page": 0, "Path": "//Document/Sect/Table[2]/TR/TD[3]/P", "Text": "RATE ", "TextSize": 10.080001831054688, "attributes": {"LineHeight": 12.125}}, {"Bounds": [483.4100036621094, 416.7532043457031, 530.1510314941406, 426.20823669433594], "ClipBounds": [483.4100036621094, 416.7532043457031, 530.1510314941406, 426.20823669433594], "Page": 0, "Path": "//Document/Sect/Table[2]/TR/TD[4]", "attributes": {"BBox": [481.41999999999825, 400.93599999998696, 541.417999999976, 434.29499999999825], "BlockAlign": "Middle", "BorderColor": [[0, 0, 0], [0.6235349999999755, 0.6235349999999755, 0.6235349999999755], [0, 0, 0], [0, 0, 0]], "BorderStyle": "Solid", "BorderThickness": [0.625, 0.875, 0.25, 0.5], "ColIndex": 3, "Height": 33.375, "InlineAlign": "Start", "RowIndex": 0, "Width": 60}}, {"Bounds": [483.4100036621094, 416.7532043457031, 530.1510314941406, 426.20823669433594], "ClipBounds": [483.4100036621094, 416.7532043457031, 530.1510314941406, 426.20823669433594], "Font": {"alt_family_name": "Arial", "embedded": true, "encoding": "WinAnsiEncoding", "family_name": "Arial", "font_type": "TrueType", "italic": false, "monospaced": false, "name": "YQQGBR+Arial-BoldMT", "subset": true, "weight": 700}, "HasClip": true, "Lang": "en", "Page": 0, "Path": "//Document/Sect/Table[2]/TR/TD[4]/P", "Text": "AMOUNT ", "TextSize": 10.080001831054688, "attributes": {"LineHeight": 12.125}}, {"Bounds": [77.447998046875, 112.773193359375, 517.7280731201172, 390.54823303222656], "ClipBounds": [77.447998046875, 112.773193359375, 517.7280731201172, 390.54823303222656], "Page": 0, "Path": "//Document/Sect/Table[3]", "attributes": {"BBox": [71.5170999999973, 95.54829999999856, 540.9379999999946, 398.775999999998], "NumCol": 4, "NumRow": 9, "Placement": "Block", "SpaceAfter": 18}}, {"Bounds": [77.447998046875, 381.09320068359375, 188.82191467285156, 390.54823303222656], "ClipBounds": [77.447998046875, 381.09320068359375, 188.82191467285156, 390.54823303222656], "Page": 0, "Path": "//Document/Sect/Table[3]/TR/TD", "attributes": {"BBox": [71.5170999999973, 364.81699999999546, 358.0649999999878, 398.775999999998], "BlockAlign": "Middle", "BorderColor": [0, 0, 0], "BorderStyle": "Solid", "BorderThickness": [0.625, 0.25, 0.5, 0.25], "ColIndex": 0, "Height": 34, "InlineAlign": "Start", "RowIndex": 0, "Width": 286.375}}, {"Bounds": [77.447998046875, 381.09320068359375, 188.82191467285156, 390.54823303222656], "ClipBounds": [77.447998046875, 381.09320068359375, 188.82191467285156, 390.54823303222656], "Font": {"alt_family_name": "Arial", "embedded": true, "encoding": "WinAnsiEncoding", "family_name": "Arial MT", "font_type": "TrueType", "italic": false, "monospaced": false, "name": "JRDPZV+ArialMT", "subset": true, "weight": 400}, "HasClip": true, "Lang": "en", "Page": 0, "Path": "//Document/Sect/Table[3]/TR/TD/P", "Text": "Practical Granite Towels ", "TextSize": 10.080001831054688, "attributes": {"LineHeight": 12.125}}, {"Bounds": [363.82000732421875, 381.09320068359375, 383.3751983642578, 390.54823303222656], "ClipBounds": [363.82000732421875, 381.09320068359375, 383.3751983642578, 390.54823303222656], "Page": 0, "Path": "//Document/Sect/Table[3]/TR/TD[2]", "attributes": {"BBox": [357.58499999999185, 364.81699999999546, 414.22299999999814, 398.775999999998], "BlockAlign": "Middle", "BorderColor": [0, 0, 0], "BorderStyle": "Solid", "BorderThickness": [0.625, 0.25, 0.25, 0.25], "ColIndex": 1, "Height": 34, "InlineAlign": "Start", "RowIndex": 0, "Width": 56.625}}, {"Bounds": [363.82000732421875, 381.09320068359375, 383.3751983642578, 390.54823303222656], "ClipBounds": [363.82000732421875, 381.09320068359375, 383.3751983642578, 390.54823303222656], "Font": {"alt_family_name": "Arial", "embedded": true, "encoding": "WinAnsiEncoding", "family_name": "Arial MT", "font_type": "TrueType", "italic": false, "monospaced": false, "name": "JRDPZV+ArialMT", "subset": true, "weight": 400}, "HasClip": true, "Lang": "en", "Page": 0, "Path": "//Document/Sect/Table[3]/TR/TD[2]/P", "Text": "102 ", "TextSize": 10.080001831054688, "attributes": {"LineHeight": 12.125}}, {"Bounds": [420.3800048828125, 381.09320068359375, 434.86000061035156, 390.54823303222656], "ClipBounds": [420.3800048828125, 381.09320068359375, 434.86000061035156, 390.54823303222656], "Page": 0, "Path": "//Document/Sect/Table[3]/TR/TD[3]", "attributes": {"BBox": [413.74299999998766, 364.81699999999546, 481.8999999999942, 398.775999999998], "BlockAlign": "Middle", "BorderColor": [0, 0, 0], "BorderStyle": "Solid", "BorderThickness": [0.625, 0.25, 0.25, 0.25], "ColIndex": 2, "Height": 34, "InlineAlign": "Start", "RowIndex": 0, "Width": 68.125}}, {"Bounds": [420.3800048828125, 381.09320068359375, 434.86000061035156, 390.54823303222656], "ClipBounds": [420.3800048828125, 381.09320068359375, 434.86000061035156, 390.54823303222656], "Font": {"alt_family_name": "Arial", "embedded": true, "encoding": "WinAnsiEncoding", "family_name": "Arial MT", "font_type": "TrueType", "italic": false, "monospaced": false, "name": "JRDPZV+ArialMT", "subset": true, "weight": 400}, "HasClip": true, "Lang": "en", "Page": 0, "Path": "//Document/Sect/Table[3]/TR/TD[3]/P", "Text": "64 ", "TextSize": 10.080001831054688, "attributes": {"LineHeight": 12.125}}, {"Bounds": [487.00999450683594, 381.09320068359375, 517.7280731201172, 390.54823303222656], "ClipBounds": [487.00999450683594, 381.09320068359375, 517.7280731201172, 390.54823303222656], "Page": 0, "Path": "//Document/Sect/Table[3]/TR/TD[4]", "attributes": {"BBox": [481.41999999999825, 364.81699999999546, 541.417999999976, 398.775999999998], "BlockAlign": "Middle", "BorderColor": [0, 0, 0], "BorderStyle": "Solid", "BorderThickness": [0.625, 0.25, 0.25, 0.5], "ColIndex": 3, "Height": 34, "InlineAlign": "Start", "RowIndex": 0, "Width": 60}}, {"Bounds": [487.00999450683594, 381.09320068359375, 517.7280731201172, 390.54823303222656], "ClipBounds": [487.00999450683594, 381.09320068359375, 517.7280731201172, 390.54823303222656], "Font": {"alt_family_name": "Arial", "embedded": true, "encoding": "WinAnsiEncoding", "family_name": "Arial MT", "font_type": "TrueType", "italic": false, "monospaced": false, "name": "JRDPZV+ArialMT", "subset": true, "weight": 400}, "HasClip": true, "Lang": "en", "Page": 0, "Path": "//Document/Sect/Table[3]/TR/TD[4]/P", "Text": "$6528 ", "TextSize": 10.080001831054688, "attributes": {"LineHeight": 12.125}}, {"Bounds": [77.447998046875, 347.5832061767578, 203.80079650878906, 357.0382385253906], "ClipBounds": [77.447998046875, 347.5832061767578, 203.80079650878906, 357.0382385253906], "Page": 0, "Path": "//Document/Sect/Table[3]/TR[2]/TD", "attributes": {"BBox": [71.5170999999973, 331.69899999999325, 358.0649999999878, 365.2969999999914], "BlockAlign": "Middle", "BorderColor": [0, 0, 0], "BorderStyle": "Solid", "BorderThickness": [0.25, 0.25, 0.5, 0.25], "ColIndex": 0, "Height": 33.625, "InlineAlign": "Start", "RowIndex": 1, "Width": 286.375}}, {"Bounds": [77.447998046875, 347.5832061767578, 203.80079650878906, 357.0382385253906], "ClipBounds": [77.447998046875, 347.5832061767578, 203.80079650878906, 357.0382385253906], "Font": {"alt_family_name": "Arial", "embedded": true, "encoding": "WinAnsiEncoding", "family_name": "Arial MT", "font_type": "TrueType", "italic": false, "monospaced": false, "name": "JRDPZV+ArialMT", "subset": true, "weight": 400}, "HasClip": true, "Lang": "en", "Page": 0, "Path": "//Document/Sect/Table[3]/TR[2]/TD/P", "Text": "Handmade Granite Chicken ", "TextSize": 10.080001831054688, "attributes": {"LineHeight": 12.125}}, {"Bounds": [363.82000732421875, 347.5832061767578, 378.3000030517578, 357.0382385253906], "ClipBounds": [363.82000732421875, 347.5832061767578, 378.3000030517578, 357.0382385253906], "Page": 0, "Path": "//Document/Sect/Table[3]/TR[2]/TD[2]", "attributes": {"BBox": [357.58499999999185, 331.69899999999325, 414.22299999999814, 365.2969999999914], "BlockAlign": "Middle", "BorderColor": [0, 0, 0], "BorderStyle": "Solid", "BorderThickness": 0.25, "ColIndex": 1, "Height": 33.625, "InlineAlign": "Start", "RowIndex": 1, "Width": 56.625}}, {"Bounds": [363.82000732421875, 347.5832061767578, 378.3000030517578, 357.0382385253906], "ClipBounds": [363.82000732421875, 347.5832061767578, 378.3000030517578, 357.0382385253906], "Font": {"alt_family_name": "Arial", "embedded": true, "encoding": "WinAnsiEncoding", "family_name": "Arial MT", "font_type": "TrueType", "italic": false, "monospaced": false, "name": "JRDPZV+ArialMT", "subset": true, "weight": 400}, "HasClip": true, "Lang": "en", "Page": 0, "Path": "//Document/Sect/Table[3]/TR[2]/TD[2]/P", "Text": "83 ", "TextSize": 10.080001831054688, "attributes": {"LineHeight": 12.125}}, {"Bounds": [420.3800048828125, 347.5832061767578, 434.86000061035156, 357.0382385253906], "ClipBounds": [420.3800048828125, 347.5832061767578, 434.86000061035156, 357.0382385253906], "Page": 0, "Path": "//Document/Sect/Table[3]/TR[2]/TD[3]", "attributes": {"BBox": [413.74299999998766, 331.69899999999325, 481.8999999999942, 365.2969999999914], "BlockAlign": "Middle", "BorderColor": [0, 0, 0], "BorderStyle": "Solid", "BorderThickness": 0.25, "ColIndex": 2, "Height": 33.625, "InlineAlign": "Start", "RowIndex": 1, "Width": 68.125}}, {"Bounds": [420.3800048828125, 347.5832061767578, 434.86000061035156, 357.0382385253906], "ClipBounds": [420.3800048828125, 347.5832061767578, 434.86000061035156, 357.0382385253906], "Font": {"alt_family_name": "Arial", "embedded": true, "encoding": "WinAnsiEncoding", "family_name": "Arial MT", "font_type": "TrueType", "italic": false, "monospaced": false, "name": "JRDPZV+ArialMT", "subset": true, "weight": 400}, "HasClip": true, "Lang": "en", "Page": 0, "Path": "//Document/Sect/Table[3]/TR[2]/TD[3]/P", "Text": "26 ", "TextSize": 10.080001831054688, "attributes": {"LineHeight": 12.125}}, {"Bounds": [487.00999450683594, 347.5832061767578, 517.7280731201172, 357.0382385253906], "ClipBounds": [487.00999450683594, 347.5832061767578, 517.7280731201172, 357.0382385253906], "Page": 0, "Path": "//Document/Sect/Table[3]/TR[2]/TD[4]", "attributes": {"BBox": [481.41999999999825, 331.69899999999325, 541.417999999976, 365.2969999999914], "BlockAlign": "Middle", "BorderColor": [0, 0, 0], "BorderStyle": "Solid", "BorderThickness": [0.25, 0.25, 0.25, 0.5], "ColIndex": 3, "Height": 33.625, "InlineAlign": "Start", "RowIndex": 1, "Width": 60}}, {"Bounds": [487.00999450683594, 347.5832061767578, 517.7280731201172, 357.0382385253906], "ClipBounds": [487.00999450683594, 347.5832061767578, 517.7280731201172, 357.0382385253906], "Font": {"alt_family_name": "Arial", "embedded": true, "encoding": "WinAnsiEncoding", "family_name": "Arial MT", "font_type": "TrueType", "italic": false, "monospaced": false, "name": "JRDPZV+ArialMT", "subset": true, "weight": 400}, "HasClip": true, "Lang": "en", "Page": 0, "Path": "//Document/Sect/Table[3]/TR[2]/TD[4]/P", "Text": "$2158 ", "TextSize": 10.080001831054688, "attributes": {"LineHeight": 12.125}}, {"Bounds": [77.447998046875, 314.1031951904297, 207.7521514892578, 323.55824279785156], "ClipBounds": [77.447998046875, 314.1031951904297, 207.7521514892578, 323.55824279785156], "Page": 0, "Path": "//Document/Sect/Table[3]/TR[3]/TD", "attributes": {"BBox": [71.5170999999973, 297.1399999999994, 358.0649999999878, 332.1789999999892], "BlockAlign": "Middle", "BorderColor": [0, 0, 0], "BorderStyle": "Solid", "BorderThickness": [0.25, 0.25, 0.5, 0.25], "ColIndex": 0, "Height": 35, "InlineAlign": "Start", "RowIndex": 2, "Width": 286.375}}, {"Bounds": [77.447998046875, 314.1031951904297, 207.7521514892578, 323.55824279785156], "ClipBounds": [77.447998046875, 314.1031951904297, 207.7521514892578, 323.55824279785156], "Font": {"alt_family_name": "Arial", "embedded": true, "encoding": "WinAnsiEncoding", "family_name": "Arial MT", "font_type": "TrueType", "italic": false, "monospaced": false, "name": "JRDPZV+ArialMT", "subset": true, "weight": 400}, "HasClip": true, "Lang": "en", "Page": 0, "Path": "//Document/Sect/Table[3]/TR[3]/TD/P", "Text": "Ergonomic Frozen Keyboard ", "TextSize": 10.080001831054688, "attributes": {"LineHeight": 12.125}}, {"Bounds": [363.82000732421875, 314.1031951904297, 383.3751983642578, 323.55824279785156], "ClipBounds": [363.82000732421875, 314.1031951904297, 383.3751983642578, 323.55824279785156], "Page": 0, "Path": "//Document/Sect/Table[3]/TR[3]/TD[2]", "attributes": {"BBox": [357.58499999999185, 297.1399999999994, 414.22299999999814, 332.1789999999892], "BlockAlign": "Middle", "BorderColor": [0, 0, 0], "BorderStyle": "Solid", "BorderThickness": 0.25, "ColIndex": 1, "Height": 35, "InlineAlign": "Start", "RowIndex": 2, "Width": 56.625}}, {"Bounds": [363.82000732421875, 314.1031951904297, 383.3751983642578, 323.55824279785156], "ClipBounds": [363.82000732421875, 314.1031951904297, 383.3751983642578, 323.55824279785156], "Font": {"alt_family_name": "Arial", "embedded": true, "encoding": "WinAnsiEncoding", "family_name": "Arial MT", "font_type": "TrueType", "italic": false, "monospaced": false, "name": "JRDPZV+ArialMT", "subset": true, "weight": 400}, "HasClip": true, "Lang": "en", "Page": 0, "Path": "//Document/Sect/Table[3]/TR[3]/TD[2]/P", "Text": "112 ", "TextSize": 10.080001831054688, "attributes": {"LineHeight": 12.125}}, {"Bounds": [420.3800048828125, 314.1031951904297, 434.86000061035156, 323.55824279785156], "ClipBounds": [420.3800048828125, 314.1031951904297, 434.86000061035156, 323.55824279785156], "Page": 0, "Path": "//Document/Sect/Table[3]/TR[3]/TD[3]", "attributes": {"BBox": [413.74299999998766, 297.1399999999994, 481.8999999999942, 332.1789999999892], "BlockAlign": "Middle", "BorderColor": [0, 0, 0], "BorderStyle": "Solid", "BorderThickness": 0.25, "ColIndex": 2, "Height": 35, "InlineAlign": "Start", "RowIndex": 2, "Width": 68.125}}, {"Bounds": [420.3800048828125, 314.1031951904297, 434.86000061035156, 323.55824279785156], "ClipBounds": [420.3800048828125, 314.1031951904297, 434.86000061035156, 323.55824279785156], "Font": {"alt_family_name": "Arial", "embedded": true, "encoding": "WinAnsiEncoding", "family_name": "Arial MT", "font_type": "TrueType", "italic": false, "monospaced": false, "name": "JRDPZV+ArialMT", "subset": true, "weight": 400}, "HasClip": true, "Lang": "en", "Page": 0, "Path": "//Document/Sect/Table[3]/TR[3]/TD[3]/P", "Text": "72 ", "TextSize": 10.080001831054688, "attributes": {"LineHeight": 12.125}}, {"Bounds": [487.00999450683594, 314.1031951904297, 517.7280731201172, 323.55824279785156], "ClipBounds": [487.00999450683594, 314.1031951904297, 517.7280731201172, 323.55824279785156], "Page": 0, "Path": "//Document/Sect/Table[3]/TR[3]/TD[4]", "attributes": {"BBox": [481.41999999999825, 297.1399999999994, 541.417999999976, 332.1789999999892], "BlockAlign": "Middle", "BorderColor": [0, 0, 0], "BorderStyle": "Solid", "BorderThickness": [0.25, 0.25, 0.25, 0.5], "ColIndex": 3, "Height": 35, "InlineAlign": "Start", "RowIndex": 2, "Width": 60}}, {"Bounds": [487.00999450683594, 314.1031951904297, 517.7280731201172, 323.55824279785156], "ClipBounds": [487.00999450683594, 314.1031951904297, 517.7280731201172, 323.55824279785156], "Font": {"alt_family_name": "Arial", "embedded": true, "encoding": "WinAnsiEncoding", "family_name": "Arial MT", "font_type": "TrueType", "italic": false, "monospaced": false, "name": "JRDPZV+ArialMT", "subset": true, "weight": 400}, "HasClip": true, "Lang": "en", "Page": 0, "Path": "//Document/Sect/Table[3]/TR[3]/TD[4]/P", "Text": "$8064 ", "TextSize": 10.080001831054688, "attributes": {"LineHeight": 12.125}}, {"Bounds": [77.447998046875, 280.6031951904297, 165.3153533935547, 290.05824279785156], "ClipBounds": [77.447998046875, 280.6031951904297, 165.3153533935547, 290.05824279785156], "Page": 0, "Path": "//Document/Sect/Table[3]/TR[4]/TD", "attributes": {"BBox": [71.5170999999973, 264.02099999999336, 358.0649999999878, 297.61999999999534], "BlockAlign": "Before", "BorderColor": [0, 0, 0], "BorderStyle": "Solid", "BorderThickness": [0.25, 0.25, 0.5, 0.25], "ColIndex": 0, "Height": 33.625, "InlineAlign": "Start", "RowIndex": 3, "Width": 286.375}}, {"Bounds": [77.447998046875, 280.6031951904297, 165.3153533935547, 290.05824279785156], "ClipBounds": [77.447998046875, 280.6031951904297, 165.3153533935547, 290.05824279785156], "Font": {"alt_family_name": "Arial", "embedded": true, "encoding": "WinAnsiEncoding", "family_name": "Arial MT", "font_type": "TrueType", "italic": false, "monospaced": false, "name": "JRDPZV+ArialMT", "subset": true, "weight": 400}, "HasClip": true, "Lang": "en", "Page": 0, "Path": "//Document/Sect/Table[3]/TR[4]/TD/P", "Text": "Small Cotton Table ", "TextSize": 10.080001831054688, "attributes": {"LineHeight": 12.125}}, {"Bounds": [363.82000732421875, 280.6031951904297, 378.3000030517578, 290.05824279785156], "ClipBounds": [363.82000732421875, 280.6031951904297, 378.3000030517578, 290.05824279785156], "Page": 0, "Path": "//Document/Sect/Table[3]/TR[4]/TD[2]", "attributes": {"BBox": [357.58499999999185, 264.02099999999336, 414.22299999999814, 297.61999999999534], "BlockAlign": "Before", "BorderColor": [0, 0, 0], "BorderStyle": "Solid", "BorderThickness": 0.25, "ColIndex": 1, "Height": 33.625, "InlineAlign": "Start", "RowIndex": 3, "Width": 56.625}}, {"Bounds": [363.82000732421875, 280.6031951904297, 378.3000030517578, 290.05824279785156], "ClipBounds": [363.82000732421875, 280.6031951904297, 378.3000030517578, 290.05824279785156], "Font": {"alt_family_name": "Arial", "embedded": true, "encoding": "WinAnsiEncoding", "family_name": "Arial MT", "font_type": "TrueType", "italic": false, "monospaced": false, "name": "JRDPZV+ArialMT", "subset": true, "weight": 400}, "HasClip": true, "Lang": "en", "Page": 0, "Path": "//Document/Sect/Table[3]/TR[4]/TD[2]/P", "Text": "63 ", "TextSize": 10.080001831054688, "attributes": {"LineHeight": 12.125}}, {"Bounds": [420.3800048828125, 280.6031951904297, 434.86000061035156, 290.05824279785156], "ClipBounds": [420.3800048828125, 280.6031951904297, 434.86000061035156, 290.05824279785156], "Page": 0, "Path": "//Document/Sect/Table[3]/TR[4]/TD[3]", "attributes": {"BBox": [413.74299999998766, 264.02099999999336, 481.8999999999942, 297.61999999999534], "BlockAlign": "Before", "BorderColor": [0, 0, 0], "BorderStyle": "Solid", "BorderThickness": 0.25, "ColIndex": 2, "Height": 33.625, "InlineAlign": "Start", "RowIndex": 3, "Width": 68.125}}, {"Bounds": [420.3800048828125, 280.6031951904297, 434.86000061035156, 290.05824279785156], "ClipBounds": [420.3800048828125, 280.6031951904297, 434.86000061035156, 290.05824279785156], "Font": {"alt_family_name": "Arial", "embedded": true, "encoding": "WinAnsiEncoding", "family_name": "Arial MT", "font_type": "TrueType", "italic": false, "monospaced": false, "name": "JRDPZV+ArialMT", "subset": true, "weight": 400}, "HasClip": true, "Lang": "en", "Page": 0, "Path": "//Document/Sect/Table[3]/TR[4]/TD[3]/P", "Text": "45 ", "TextSize": 10.080001831054688, "attributes": {"LineHeight": 12.125}}, {"Bounds": [487.00999450683594, 280.6031951904297, 517.7280731201172, 290.05824279785156], "ClipBounds": [487.00999450683594, 280.6031951904297, 517.7280731201172, 290.05824279785156], "Page": 0, "Path": "//Document/Sect/Table[3]/TR[4]/TD[4]", "attributes": {"BBox": [481.41999999999825, 264.02099999999336, 541.417999999976, 297.61999999999534], "BlockAlign": "Before", "BorderColor": [0, 0, 0], "BorderStyle": "Solid", "BorderThickness": [0.25, 0.25, 0.25, 0.5], "ColIndex": 3, "Height": 33.625, "InlineAlign": "Start", "RowIndex": 3, "Width": 60}}, {"Bounds": [487.00999450683594, 280.6031951904297, 517.7280731201172, 290.05824279785156], "ClipBounds": [487.00999450683594, 280.6031951904297, 517.7280731201172, 290.05824279785156], "Font": {"alt_family_name": "Arial", "embedded": true, "encoding": "WinAnsiEncoding", "family_name": "Arial MT", "font_type": "TrueType", "italic": false, "monospaced": false, "name": "JRDPZV+ArialMT", "subset": true, "weight": 400}, "HasClip": true, "Lang": "en", "Page": 0, "Path": "//Document/Sect/Table[3]/TR[4]/TD[4]/P", "Text": "$2835 ", "TextSize": 10.080001831054688, "attributes": {"LineHeight": 12.125}}, {"Bounds": [77.447998046875, 247.1031951904297, 217.64064025878906, 256.55824279785156], "ClipBounds": [77.447998046875, 247.1031951904297, 217.64064025878906, 256.55824279785156], "Page": 0, "Path": "//Document/Sect/Table[3]/TR[5]/TD", "attributes": {"BBox": [71.5170999999973, 230.90299999999843, 358.0649999999878, 264.5009999999893], "BlockAlign": "Middle", "BorderColor": [0, 0, 0], "BorderStyle": "Solid", "BorderThickness": [0.25, 0.25, 0.5, 0.25], "ColIndex": 0, "Height": 33.625, "InlineAlign": "Start", "RowIndex": 4, "Width": 286.375}}, {"Bounds": [77.447998046875, 247.1031951904297, 217.64064025878906, 256.55824279785156], "ClipBounds": [77.447998046875, 247.1031951904297, 217.64064025878906, 256.55824279785156], "Font": {"alt_family_name": "Arial", "embedded": true, "encoding": "WinAnsiEncoding", "family_name": "Arial MT", "font_type": "TrueType", "italic": false, "monospaced": false, "name": "JRDPZV+ArialMT", "subset": true, "weight": 400}, "HasClip": true, "Lang": "en", "Page": 0, "Path": "//Document/Sect/Table[3]/TR[5]/TD/P", "Text": "Handcrafted Rubber Sausages ", "TextSize": 10.080001831054688, "attributes": {"LineHeight": 12.125}}, {"Bounds": [363.82000732421875, 247.1031951904297, 378.3000030517578, 256.55824279785156], "ClipBounds": [363.82000732421875, 247.1031951904297, 378.3000030517578, 256.55824279785156], "Page": 0, "Path": "//Document/Sect/Table[3]/TR[5]/TD[2]", "attributes": {"BBox": [357.58499999999185, 230.90299999999843, 414.22299999999814, 264.5009999999893], "BlockAlign": "Middle", "BorderColor": [0, 0, 0], "BorderStyle": "Solid", "BorderThickness": 0.25, "ColIndex": 1, "Height": 33.625, "InlineAlign": "Start", "RowIndex": 4, "Width": 56.625}}, {"Bounds": [363.82000732421875, 247.1031951904297, 378.3000030517578, 256.55824279785156], "ClipBounds": [363.82000732421875, 247.1031951904297, 378.3000030517578, 256.55824279785156], "Font": {"alt_family_name": "Arial", "embedded": true, "encoding": "WinAnsiEncoding", "family_name": "Arial MT", "font_type": "TrueType", "italic": false, "monospaced": false, "name": "JRDPZV+ArialMT", "subset": true, "weight": 400}, "HasClip": true, "Lang": "en", "Page": 0, "Path": "//Document/Sect/Table[3]/TR[5]/TD[2]/P", "Text": "48 ", "TextSize": 10.080001831054688, "attributes": {"LineHeight": 12.125}}, {"Bounds": [420.3800048828125, 247.1031951904297, 434.86000061035156, 256.55824279785156], "ClipBounds": [420.3800048828125, 247.1031951904297, 434.86000061035156, 256.55824279785156], "Page": 0, "Path": "//Document/Sect/Table[3]/TR[5]/TD[3]", "attributes": {"BBox": [413.74299999998766, 230.90299999999843, 481.8999999999942, 264.5009999999893], "BlockAlign": "Middle", "BorderColor": [0, 0, 0], "BorderStyle": "Solid", "BorderThickness": 0.25, "ColIndex": 2, "Height": 33.625, "InlineAlign": "Start", "RowIndex": 4, "Width": 68.125}}, {"Bounds": [420.3800048828125, 247.1031951904297, 434.86000061035156, 256.55824279785156], "ClipBounds": [420.3800048828125, 247.1031951904297, 434.86000061035156, 256.55824279785156], "Font": {"alt_family_name": "Arial", "embedded": true, "encoding": "WinAnsiEncoding", "family_name": "Arial MT", "font_type": "TrueType", "italic": false, "monospaced": false, "name": "JRDPZV+ArialMT", "subset": true, "weight": 400}, "HasClip": true, "Lang": "en", "Page": 0, "Path": "//Document/Sect/Table[3]/TR[5]/TD[3]/P", "Text": "16 ", "TextSize": 10.080001831054688, "attributes": {"LineHeight": 12.125}}, {"Bounds": [487.00999450683594, 247.1031951904297, 512.3251953125, 256.55824279785156], "ClipBounds": [487.00999450683594, 247.1031951904297, 512.3251953125, 256.55824279785156], "Page": 0, "Path": "//Document/Sect/Table[3]/TR[5]/TD[4]", "attributes": {"BBox": [481.41999999999825, 230.90299999999843, 541.417999999976, 264.5009999999893], "BlockAlign": "Middle", "BorderColor": [0, 0, 0], "BorderStyle": "Solid", "BorderThickness": [0.25, 0.25, 0.25, 0.5], "ColIndex": 3, "Height": 33.625, "InlineAlign": "Start", "RowIndex": 4, "Width": 60}}, {"Bounds": [487.00999450683594, 247.1031951904297, 512.3251953125, 256.55824279785156], "ClipBounds": [487.00999450683594, 247.1031951904297, 512.3251953125, 256.55824279785156], "Font": {"alt_family_name": "Arial", "embedded": true, "encoding": "WinAnsiEncoding", "family_name": "Arial MT", "font_type": "TrueType", "italic": false, "monospaced": false, "name": "JRDPZV+ArialMT", "subset": true, "weight": 400}, "HasClip": true, "Lang": "en", "Page": 0, "Path": "//Document/Sect/Table[3]/TR[5]/TD[4]/P", "Text": "$768 ", "TextSize": 10.080001831054688, "attributes": {"LineHeight": 12.125}}, {"Bounds": [77.447998046875, 213.26319885253906, 196.15000915527344, 222.71824645996094], "ClipBounds": [77.447998046875, 213.26319885253906, 196.15000915527344, 222.71824645996094], "Page": 0, "Path": "//Document/Sect/Table[3]/TR[6]/TD", "attributes": {"BBox": [71.5170999999973, 196.34399999999732, 358.0649999999878, 231.38299999999435], "BlockAlign": "Middle", "BorderColor": [0, 0, 0], "BorderStyle": "Solid", "BorderThickness": [0.25, 0.25, 0.5, 0.25], "ColIndex": 0, "Height": 35, "InlineAlign": "Start", "RowIndex": 5, "Width": 286.375}}, {"Bounds": [77.447998046875, 213.26319885253906, 196.15000915527344, 222.71824645996094], "ClipBounds": [77.447998046875, 213.26319885253906, 196.15000915527344, 222.71824645996094], "Font": {"alt_family_name": "Arial", "embedded": true, "encoding": "WinAnsiEncoding", "family_name": "Arial MT", "font_type": "TrueType", "italic": false, "monospaced": false, "name": "JRDPZV+ArialMT", "subset": true, "weight": 400}, "HasClip": true, "Lang": "en", "Page": 0, "Path": "//Document/Sect/Table[3]/TR[6]/TD/P", "Text": "Incredible Steel Computer ", "TextSize": 10.080001831054688, "attributes": {"LineHeight": 12.125}}, {"Bounds": [363.82000732421875, 213.26319885253906, 378.3000030517578, 222.71824645996094], "ClipBounds": [363.82000732421875, 213.26319885253906, 378.3000030517578, 222.71824645996094], "Page": 0, "Path": "//Document/Sect/Table[3]/TR[6]/TD[2]", "attributes": {"BBox": [357.58499999999185, 196.34399999999732, 414.22299999999814, 231.38299999999435], "BlockAlign": "Middle", "BorderColor": [0, 0, 0], "BorderStyle": "Solid", "BorderThickness": 0.25, "ColIndex": 1, "Height": 35, "InlineAlign": "Start", "RowIndex": 5, "Width": 56.625}}, {"Bounds": [363.82000732421875, 213.26319885253906, 378.3000030517578, 222.71824645996094], "ClipBounds": [363.82000732421875, 213.26319885253906, 378.3000030517578, 222.71824645996094], "Font": {"alt_family_name": "Arial", "embedded": true, "encoding": "WinAnsiEncoding", "family_name": "Arial MT", "font_type": "TrueType", "italic": false, "monospaced": false, "name": "JRDPZV+ArialMT", "subset": true, "weight": 400}, "HasClip": true, "Lang": "en", "Page": 0, "Path": "//Document/Sect/Table[3]/TR[6]/TD[2]/P", "Text": "77 ", "TextSize": 10.080001831054688, "attributes": {"LineHeight": 12.125}}, {"Bounds": [420.3800048828125, 213.26319885253906, 434.86000061035156, 222.71824645996094], "ClipBounds": [420.3800048828125, 213.26319885253906, 434.86000061035156, 222.71824645996094], "Page": 0, "Path": "//Document/Sect/Table[3]/TR[6]/TD[3]", "attributes": {"BBox": [413.74299999998766, 196.34399999999732, 481.8999999999942, 231.38299999999435], "BlockAlign": "Middle", "BorderColor": [0, 0, 0], "BorderStyle": "Solid", "BorderThickness": 0.25, "ColIndex": 2, "Height": 35, "InlineAlign": "Start", "RowIndex": 5, "Width": 68.125}}, {"Bounds": [420.3800048828125, 213.26319885253906, 434.86000061035156, 222.71824645996094], "ClipBounds": [420.3800048828125, 213.26319885253906, 434.86000061035156, 222.71824645996094], "Font": {"alt_family_name": "Arial", "embedded": true, "encoding": "WinAnsiEncoding", "family_name": "Arial MT", "font_type": "TrueType", "italic": false, "monospaced": false, "name": "JRDPZV+ArialMT", "subset": true, "weight": 400}, "HasClip": true, "Lang": "en", "Page": 0, "Path": "//Document/Sect/Table[3]/TR[6]/TD[3]/P", "Text": "69 ", "TextSize": 10.080001831054688, "attributes": {"LineHeight": 12.125}}, {"Bounds": [487.00999450683594, 213.26319885253906, 517.7280731201172, 222.71824645996094], "ClipBounds": [487.00999450683594, 213.26319885253906, 517.7280731201172, 222.71824645996094], "Page": 0, "Path": "//Document/Sect/Table[3]/TR[6]/TD[4]", "attributes": {"BBox": [481.41999999999825, 196.34399999999732, 541.417999999976, 231.38299999999435], "BlockAlign": "Middle", "BorderColor": [0, 0, 0], "BorderStyle": "Solid", "BorderThickness": [0.25, 0.25, 0.25, 0.5], "ColIndex": 3, "Height": 35, "InlineAlign": "Start", "RowIndex": 5, "Width": 60}}, {"Bounds": [487.00999450683594, 213.26319885253906, 517.7280731201172, 222.71824645996094], "ClipBounds": [487.00999450683594, 213.26319885253906, 517.7280731201172, 222.71824645996094], "Font": {"alt_family_name": "Arial", "embedded": true, "encoding": "WinAnsiEncoding", "family_name": "Arial MT", "font_type": "TrueType", "italic": false, "monospaced": false, "name": "JRDPZV+ArialMT", "subset": true, "weight": 400}, "HasClip": true, "Lang": "en", "Page": 0, "Path": "//Document/Sect/Table[3]/TR[6]/TD[4]/P", "Text": "$5313 ", "TextSize": 10.080001831054688, "attributes": {"LineHeight": 12.125}}, {"Bounds": [77.447998046875, 179.75320434570312, 185.82815551757812, 189.20823669433594], "ClipBounds": [77.447998046875, 179.75320434570312, 185.82815551757812, 189.20823669433594], "Page": 0, "Path": "//Document/Sect/Table[3]/TR[7]/TD", "attributes": {"BBox": [71.5170999999973, 164.66599999999744, 358.0649999999878, 196.82399999999325], "BlockAlign": "Middle", "BorderColor": [0, 0, 0], "BorderStyle": "Solid", "BorderThickness": [0.25, 0.25, 0.5, 0.25], "ColIndex": 0, "Height": 32.125, "InlineAlign": "Start", "RowIndex": 6, "Width": 286.375}}, {"Bounds": [77.447998046875, 179.75320434570312, 185.82815551757812, 189.20823669433594], "ClipBounds": [77.447998046875, 179.75320434570312, 185.82815551757812, 189.20823669433594], "Font": {"alt_family_name": "Arial", "embedded": true, "encoding": "WinAnsiEncoding", "family_name": "Arial MT", "font_type": "TrueType", "italic": false, "monospaced": false, "name": "JRDPZV+ArialMT", "subset": true, "weight": 400}, "HasClip": true, "Lang": "en", "Page": 0, "Path": "//Document/Sect/Table[3]/TR[7]/TD/P", "Text": "Generic Concrete Pizza ", "TextSize": 10.080001831054688, "attributes": {"LineHeight": 12.125}}, {"Bounds": [363.82000732421875, 179.75320434570312, 378.3000030517578, 189.20823669433594], "ClipBounds": [363.82000732421875, 179.75320434570312, 378.3000030517578, 189.20823669433594], "Page": 0, "Path": "//Document/Sect/Table[3]/TR[7]/TD[2]", "attributes": {"BBox": [357.58499999999185, 164.66599999999744, 414.22299999999814, 196.82399999999325], "BlockAlign": "Middle", "BorderColor": [0, 0, 0], "BorderStyle": "Solid", "BorderThickness": 0.25, "ColIndex": 1, "Height": 32.125, "InlineAlign": "Start", "RowIndex": 6, "Width": 56.625}}, {"Bounds": [363.82000732421875, 179.75320434570312, 378.3000030517578, 189.20823669433594], "ClipBounds": [363.82000732421875, 179.75320434570312, 378.3000030517578, 189.20823669433594], "Font": {"alt_family_name": "Arial", "embedded": true, "encoding": "WinAnsiEncoding", "family_name": "Arial MT", "font_type": "TrueType", "italic": false, "monospaced": false, "name": "JRDPZV+ArialMT", "subset": true, "weight": 400}, "HasClip": true, "Lang": "en", "Page": 0, "Path": "//Document/Sect/Table[3]/TR[7]/TD[2]/P", "Text": "58 ", "TextSize": 10.080001831054688, "attributes": {"LineHeight": 12.125}}, {"Bounds": [420.3800048828125, 179.75320434570312, 434.86000061035156, 189.20823669433594], "ClipBounds": [420.3800048828125, 179.75320434570312, 434.86000061035156, 189.20823669433594], "Page": 0, "Path": "//Document/Sect/Table[3]/TR[7]/TD[3]", "attributes": {"BBox": [413.74299999998766, 164.66599999999744, 481.8999999999942, 196.82399999999325], "BlockAlign": "Middle", "BorderColor": [0, 0, 0], "BorderStyle": "Solid", "BorderThickness": 0.25, "ColIndex": 2, "Height": 32.125, "InlineAlign": "Start", "RowIndex": 6, "Width": 68.125}}, {"Bounds": [420.3800048828125, 179.75320434570312, 434.86000061035156, 189.20823669433594], "ClipBounds": [420.3800048828125, 179.75320434570312, 434.86000061035156, 189.20823669433594], "Font": {"alt_family_name": "Arial", "embedded": true, "encoding": "WinAnsiEncoding", "family_name": "Arial MT", "font_type": "TrueType", "italic": false, "monospaced": false, "name": "JRDPZV+ArialMT", "subset": true, "weight": 400}, "HasClip": true, "Lang": "en", "Page": 0, "Path": "//Document/Sect/Table[3]/TR[7]/TD[3]/P", "Text": "89 ", "TextSize": 10.080001831054688, "attributes": {"LineHeight": 12.125}}, {"Bounds": [487.00999450683594, 179.75320434570312, 517.7280731201172, 189.20823669433594], "ClipBounds": [487.00999450683594, 179.75320434570312, 517.7280731201172, 189.20823669433594], "Page": 0, "Path": "//Document/Sect/Table[3]/TR[7]/TD[4]", "attributes": {"BBox": [481.41999999999825, 164.66599999999744, 541.417999999976, 196.82399999999325], "BlockAlign": "Middle", "BorderColor": [0, 0, 0], "BorderStyle": "Solid", "BorderThickness": [0.25, 0.25, 0.25, 0.5], "ColIndex": 3, "Height": 32.125, "InlineAlign": "Start", "RowIndex": 6, "Width": 60}}, {"Bounds": [487.00999450683594, 179.75320434570312, 517.7280731201172, 189.20823669433594], "ClipBounds": [487.00999450683594, 179.75320434570312, 517.7280731201172, 189.20823669433594], "Font": {"alt_family_name": "Arial", "embedded": true, "encoding": "WinAnsiEncoding", "family_name": "Arial MT", "font_type": "TrueType", "italic": false, "monospaced": false, "name": "JRDPZV+ArialMT", "subset": true, "weight": 400}, "HasClip": true, "Lang": "en", "Page": 0, "Path": "//Document/Sect/Table[3]/TR[7]/TD[4]/P", "Text": "$5162 ", "TextSize": 10.080001831054688, "attributes": {"LineHeight": 12.125}}, {"Bounds": [77.447998046875, 146.25320434570312, 171.41375732421875, 155.70823669433594], "ClipBounds": [77.447998046875, 146.25320434570312, 171.41375732421875, 155.70823669433594], "Page": 0, "Path": "//Document/Sect/Table[3]/TR[8]/TD", "attributes": {"BBox": [71.5170999999973, 130.10699999999633, 358.0649999999878, 165.14599999999336], "BlockAlign": "Middle", "BorderColor": [0, 0, 0], "BorderStyle": "Solid", "BorderThickness": [0.25, 0.25, 0.5, 0.25], "ColIndex": 0, "Height": 35, "InlineAlign": "Start", "RowIndex": 7, "Width": 286.375}}, {"Bounds": [77.447998046875, 146.25320434570312, 171.41375732421875, 155.70823669433594], "ClipBounds": [77.447998046875, 146.25320434570312, 171.41375732421875, 155.70823669433594], "Font": {"alt_family_name": "Arial", "embedded": true, "encoding": "WinAnsiEncoding", "family_name": "Arial MT", "font_type": "TrueType", "italic": false, "monospaced": false, "name": "JRDPZV+ArialMT", "subset": true, "weight": 400}, "HasClip": true, "Lang": "en", "Page": 0, "Path": "//Document/Sect/Table[3]/TR[8]/TD/P", "Text": "Fantastic Fresh Bike ", "TextSize": 10.080001831054688, "attributes": {"LineHeight": 12.125}}, {"Bounds": [363.82000732421875, 146.25320434570312, 383.3751983642578, 155.70823669433594], "ClipBounds": [363.82000732421875, 146.25320434570312, 383.3751983642578, 155.70823669433594], "Page": 0, "Path": "//Document/Sect/Table[3]/TR[8]/TD[2]", "attributes": {"BBox": [357.58499999999185, 130.10699999999633, 414.22299999999814, 165.14599999999336], "BlockAlign": "Middle", "BorderColor": [0, 0, 0], "BorderStyle": "Solid", "BorderThickness": 0.25, "ColIndex": 1, "Height": 35, "InlineAlign": "Start", "RowIndex": 7, "Width": 56.625}}, {"Bounds": [363.82000732421875, 146.25320434570312, 383.3751983642578, 155.70823669433594], "ClipBounds": [363.82000732421875, 146.25320434570312, 383.3751983642578, 155.70823669433594], "Font": {"alt_family_name": "Arial", "embedded": true, "encoding": "WinAnsiEncoding", "family_name": "Arial MT", "font_type": "TrueType", "italic": false, "monospaced": false, "name": "JRDPZV+ArialMT", "subset": true, "weight": 400}, "HasClip": true, "Lang": "en", "Page": 0, "Path": "//Document/Sect/Table[3]/TR[8]/TD[2]/P", "Text": "120 ", "TextSize": 10.080001831054688, "attributes": {"LineHeight": 12.125}}, {"Bounds": [420.3800048828125, 146.25320434570312, 434.86000061035156, 155.70823669433594], "ClipBounds": [420.3800048828125, 146.25320434570312, 434.86000061035156, 155.70823669433594], "Page": 0, "Path": "//Document/Sect/Table[3]/TR[8]/TD[3]", "attributes": {"BBox": [413.74299999998766, 130.10699999999633, 481.8999999999942, 165.14599999999336], "BlockAlign": "Middle", "BorderColor": [0, 0, 0], "BorderStyle": "Solid", "BorderThickness": 0.25, "ColIndex": 2, "Height": 35, "InlineAlign": "Start", "RowIndex": 7, "Width": 68.125}}, {"Bounds": [420.3800048828125, 146.25320434570312, 434.86000061035156, 155.70823669433594], "ClipBounds": [420.3800048828125, 146.25320434570312, 434.86000061035156, 155.70823669433594], "Font": {"alt_family_name": "Arial", "embedded": true, "encoding": "WinAnsiEncoding", "family_name": "Arial MT", "font_type": "TrueType", "italic": false, "monospaced": false, "name": "JRDPZV+ArialMT", "subset": true, "weight": 400}, "HasClip": true, "Lang": "en", "Page": 0, "Path": "//Document/Sect/Table[3]/TR[8]/TD[3]/P", "Text": "40 ", "TextSize": 10.080001831054688, "attributes": {"LineHeight": 12.125}}, {"Bounds": [487.00999450683594, 146.25320434570312, 517.7280731201172, 155.70823669433594], "ClipBounds": [487.00999450683594, 146.25320434570312, 517.7280731201172, 155.70823669433594], "Page": 0, "Path": "//Document/Sect/Table[3]/TR[8]/TD[4]", "attributes": {"BBox": [481.41999999999825, 130.10699999999633, 541.417999999976, 165.14599999999336], "BlockAlign": "Middle", "BorderColor": [0, 0, 0], "BorderStyle": "Solid", "BorderThickness": [0.25, 0.25, 0.25, 0.5], "ColIndex": 3, "Height": 35, "InlineAlign": "Start", "RowIndex": 7, "Width": 60}}, {"Bounds": [487.00999450683594, 146.25320434570312, 517.7280731201172, 155.70823669433594], "ClipBounds": [487.00999450683594, 146.25320434570312, 517.7280731201172, 155.70823669433594], "Font": {"alt_family_name": "Arial", "embedded": true, "encoding": "WinAnsiEncoding", "family_name": "Arial MT", "font_type": "TrueType", "italic": false, "monospaced": false, "name": "JRDPZV+ArialMT", "subset": true, "weight": 400}, "HasClip": true, "Lang": "en", "Page": 0, "Path": "//Document/Sect/Table[3]/TR[8]/TD[4]/P", "Text": "$4800 ", "TextSize": 10.080001831054688, "attributes": {"LineHeight": 12.125}}, {"Bounds": [77.447998046875, 112.773193359375, 199.13375854492188, 122.22824096679688], "ClipBounds": [77.447998046875, 112.773193359375, 199.13375854492188, 122.22824096679688], "Page": 0, "Path": "//Document/Sect/Table[3]/TR[9]/TD", "attributes": {"BBox": [71.5170999999973, 94.94839999999749, 358.0649999999878, 130.58699999999953], "BlockAlign": "Middle", "BorderColor": [0, 0, 0], "BorderStyle": "Solid", "BorderThickness": [0.25, 0.625, 0.5, 0.25], "ColIndex": 0, "Height": 35.625, "InlineAlign": "Start", "RowIndex": 8, "Width": 286.375}}, {"Bounds": [77.447998046875, 112.773193359375, 199.13375854492188, 122.22824096679688], "ClipBounds": [77.447998046875, 112.773193359375, 199.13375854492188, 122.22824096679688], "Font": {"alt_family_name": "Arial", "embedded": true, "encoding": "WinAnsiEncoding", "family_name": "Arial MT", "font_type": "TrueType", "italic": false, "monospaced": false, "name": "JRDPZV+ArialMT", "subset": true, "weight": 400}, "HasClip": true, "Lang": "en", "Page": 0, "Path": "//Document/Sect/Table[3]/TR[9]/TD/P", "Text": "Ergonomic Cotton Chicken ", "TextSize": 10.080001831054688, "attributes": {"LineHeight": 12.125}}, {"Bounds": [363.82000732421875, 112.773193359375, 378.3000030517578, 122.22824096679688], "ClipBounds": [363.82000732421875, 112.773193359375, 378.3000030517578, 122.22824096679688], "Page": 0, "Path": "//Document/Sect/Table[3]/TR[9]/TD[2]", "attributes": {"BBox": [357.58499999999185, 94.94839999999749, 414.22299999999814, 130.58699999999953], "BlockAlign": "Middle", "BorderColor": [0, 0, 0], "BorderStyle": "Solid", "BorderThickness": [0.25, 0.625, 0.25, 0.25], "ColIndex": 1, "Height": 35.625, "InlineAlign": "Start", "RowIndex": 8, "Width": 56.625}}, {"Bounds": [363.82000732421875, 112.773193359375, 378.3000030517578, 122.22824096679688], "ClipBounds": [363.82000732421875, 112.773193359375, 378.3000030517578, 122.22824096679688], "Font": {"alt_family_name": "Arial", "embedded": true, "encoding": "WinAnsiEncoding", "family_name": "Arial MT", "font_type": "TrueType", "italic": false, "monospaced": false, "name": "JRDPZV+ArialMT", "subset": true, "weight": 400}, "HasClip": true, "Lang": "en", "Page": 0, "Path": "//Document/Sect/Table[3]/TR[9]/TD[2]/P", "Text": "87 ", "TextSize": 10.080001831054688, "attributes": {"LineHeight": 12.125}}, {"Bounds": [420.3800048828125, 112.773193359375, 434.86000061035156, 122.22824096679688], "ClipBounds": [420.3800048828125, 112.773193359375, 434.86000061035156, 122.22824096679688], "Page": 0, "Path": "//Document/Sect/Table[3]/TR[9]/TD[3]", "attributes": {"BBox": [413.74299999998766, 94.94839999999749, 481.8999999999942, 130.58699999999953], "BlockAlign": "Middle", "BorderColor": [0, 0, 0], "BorderStyle": "Solid", "BorderThickness": [0.25, 0.625, 0.25, 0.25], "ColIndex": 2, "Height": 35.625, "InlineAlign": "Start", "RowIndex": 8, "Width": 68.125}}, {"Bounds": [420.3800048828125, 112.773193359375, 434.86000061035156, 122.22824096679688], "ClipBounds": [420.3800048828125, 112.773193359375, 434.86000061035156, 122.22824096679688], "Font": {"alt_family_name": "Arial", "embedded": true, "encoding": "WinAnsiEncoding", "family_name": "Arial MT", "font_type": "TrueType", "italic": false, "monospaced": false, "name": "JRDPZV+ArialMT", "subset": true, "weight": 400}, "HasClip": true, "Lang": "en", "Page": 0, "Path": "//Document/Sect/Table[3]/TR[9]/TD[3]/P", "Text": "70 ", "TextSize": 10.080001831054688, "attributes": {"LineHeight": 12.125}}, {"Bounds": [487.00999450683594, 112.773193359375, 517.7280731201172, 122.22824096679688], "ClipBounds": [487.00999450683594, 112.773193359375, 517.7280731201172, 122.22824096679688], "Page": 0, "Path": "//Document/Sect/Table[3]/TR[9]/TD[4]", "attributes": {"BBox": [481.41999999999825, 94.94839999999749, 541.417999999976, 130.58699999999953], "BlockAlign": "Middle", "BorderColor": [0, 0, 0], "BorderStyle": "Solid", "BorderThickness": [0.25, 0.625, 0.25, 0.5], "ColIndex": 3, "Height": 35.625, "InlineAlign": "Start", "RowIndex": 8, "Width": 60}}, {"Bounds": [487.00999450683594, 112.773193359375, 517.7280731201172, 122.22824096679688], "ClipBounds": [487.00999450683594, 112.773193359375, 517.7280731201172, 122.22824096679688], "Font": {"alt_family_name": "Arial", "embedded": true, "encoding": "WinAnsiEncoding", "family_name": "Arial MT", "font_type": "TrueType", "italic": false, "monospaced": false, "name": "JRDPZV+ArialMT", "subset": true, "weight": 400}, "HasClip": true, "Lang": "en", "Page": 0, "Path": "//Document/Sect/Table[3]/TR[9]/TD[4]/P", "Text": "$6090 ", "TextSize": 10.080001831054688, "attributes": {"LineHeight": 12.125}}, {"Bounds": [77.447998046875, 623.4931945800781, 522.3792724609375, 666.4282379150391], "ClipBounds": [77.447998046875, 623.4931945800781, 522.3792724609375, 666.4282379150391], "Page": 1, "Path": "//Document/Sect/Table[4]", "attributes": {"BBox": [72.35709999999744, 625.5669999999809, 540.0979999999981, 686.2839999999851], "NumCol": 2, "NumRow": 2, "Placement": "Block", "SpaceAfter": 11.25}}, {"Bounds": [77.447998046875, 656.9732055664062, 120.4593505859375, 666.4282379150391], "ClipBounds": [77.447998046875, 656.9732055664062, 120.4593505859375, 666.4282379150391], "Page": 1, "Path": "//Document/Sect/Table[4]/TR/TD", "attributes": {"BBox": [72.35709999999744, 641.5259999999835, 480.9399999999878, 686.2839999999851], "BlockAlign": "Middle", "BorderColor": [[0.6235349999999755, 0.6235349999999755, 0.6235349999999755], null, null, null], "BorderStyle": ["Solid", "None", "None", "None"], "BorderThickness": [0.875, 0, 0, 0], "ColIndex": 0, "Height": 44.75, "InlineAlign": "Start", "RowIndex": 0, "Width": 408.625}}, {"Bounds": [77.447998046875, 656.9732055664062, 120.4593505859375, 666.4282379150391], "ClipBounds": [77.447998046875, 656.9732055664062, 120.4593505859375, 666.4282379150391], "Font": {"alt_family_name": "Arial", "embedded": true, "encoding": "WinAnsiEncoding", "family_name": "Arial", "font_type": "TrueType", "italic": false, "monospaced": false, "name": "YQQGBR+Arial-BoldMT", "subset": true, "weight": 700}, "HasClip": true, "Lang": "en", "Page": 1, "Path": "//Document/Sect/Table[4]/TR/TD/P", "Text": "Subtotal ", "TextSize": 10.080001831054688, "attributes": {"LineHeight": 12.125}}, {"Bounds": [485.92999267578125, 656.9732055664062, 522.3792724609375, 666.4282379150391], "ClipBounds": [485.92999267578125, 656.9732055664062, 522.3792724609375, 666.4282379150391], "Page": 1, "Path": "//Document/Sect/Table[4]/TR/TD[2]", "attributes": {"BBox": [480.9399999999878, 641.5259999999835, 540.0979999999981, 686.2839999999851], "BlockAlign": "Middle", "BorderColor": [[0.6235349999999755, 0.6235349999999755, 0.6235349999999755], null, null, null], "BorderStyle": ["Solid", "None", "None", "None"], "BorderThickness": [0.875, 0, 0, 0], "ColIndex": 1, "Height": 44.75, "InlineAlign": "Start", "RowIndex": 0, "Width": 59.125}}, {"Bounds": [485.92999267578125, 656.9732055664062, 522.3792724609375, 666.4282379150391], "ClipBounds": [485.92999267578125, 656.9732055664062, 522.3792724609375, 666.4282379150391], "Font": {"alt_family_name": "Arial", "embedded": true, "encoding": "WinAnsiEncoding", "family_name": "Arial MT", "font_type": "TrueType", "italic": false, "monospaced": false, "name": "JRDPZV+ArialMT", "subset": true, "weight": 400}, "HasClip": true, "Lang": "en", "Page": 1, "Path": "//Document/Sect/Table[4]/TR/TD[2]/P", "Text": "$41718 ", "TextSize": 10.080001831054688, "attributes": {"LineHeight": 12.125}}, {"Bounds": [77.447998046875, 623.4931945800781, 109.73143005371094, 632.9482421875], "ClipBounds": [77.447998046875, 623.4931945800781, 109.73143005371094, 632.9482421875], "Page": 1, "Path": "//Document/Sect/Table[4]/TR[2]/TD", "attributes": {"BBox": [72.35709999999744, 625.5669999999809, 480.9399999999878, 641.5259999999835], "BlockAlign": "After", "ColIndex": 0, "Height": 16, "InlineAlign": "Start", "RowIndex": 1, "Width": 408.625}}, {"Bounds": [77.447998046875, 623.4931945800781, 109.73143005371094, 632.9482421875], "ClipBounds": [77.447998046875, 623.4931945800781, 109.73143005371094, 632.9482421875], "Font": {"alt_family_name": "Arial", "embedded": true, "encoding": "WinAnsiEncoding", "family_name": "Arial", "font_type": "TrueType", "italic": false, "monospaced": false, "name": "YQQGBR+Arial-BoldMT", "subset": true, "weight": 700}, "HasClip": true, "Lang": "en", "Page": 1, "Path": "//Document/Sect/Table[4]/TR[2]/TD/P", "Text": "Tax % ", "TextSize": 10.080001831054688, "attributes": {"LineHeight": 12.125}}, {"Bounds": [485.92999267578125, 623.4931945800781, 500.4100036621094, 632.9482421875], "ClipBounds": [485.92999267578125, 623.4931945800781, 500.4100036621094, 632.9482421875], "Page": 1, "Path": "//Document/Sect/Table[4]/TR[2]/TD[2]", "attributes": {"BBox": [480.9399999999878, 625.5669999999809, 540.0979999999981, 641.5259999999835], "BlockAlign": "After", "ColIndex": 1, "Height": 16, "InlineAlign": "Start", "RowIndex": 1, "Width": 59.125}}, {"Bounds": [485.92999267578125, 623.4931945800781, 500.4100036621094, 632.9482421875], "ClipBounds": [485.92999267578125, 623.4931945800781, 500.4100036621094, 632.9482421875], "Font": {"alt_family_name": "Arial", "embedded": true, "encoding": "WinAnsiEncoding", "family_name": "Arial MT", "font_type": "TrueType", "italic": false, "monospaced": false, "name": "JRDPZV+ArialMT", "subset": true, "weight": 400}, "HasClip": true, "Lang": "en", "Page": 1, "Path": "//Document/Sect/Table[4]/TR[2]/TD[2]/P", "Text": "10 ", "TextSize": 10.080001831054688, "attributes": {"LineHeight": 12.125}}, {"Bounds": [77.447998046875, 525.8831939697266, 126.14447021484375, 535.3382415771484], "ClipBounds": [77.447998046875, 525.8831939697266, 126.14447021484375, 535.3382415771484], "Font": {"alt_family_name": "Arial", "embedded": true, "encoding": "WinAnsiEncoding", "family_name": "Arial", "font_type": "TrueType", "italic": false, "monospaced": false, "name": "YQQGBR+Arial-BoldMT", "subset": true, "weight": 700}, "HasClip": true, "Lang": "en", "Page": 1, "Path": "//Document/Sect/P[6]", "Text": "Total Due ", "TextSize": 10.080001831054688, "attributes": {"LineHeight": 12.125, "SpaceAfter": 9}}, {"Bounds": [485.92999267578125, 523.9499969482422, 526.1329956054688, 532.3919982910156], "ClipBounds": [485.92999267578125, 523.9499969482422, 526.1329956054688, 532.3919982910156], "Font": {"alt_family_name": "Arial", "embedded": true, "encoding": "WinAnsiEncoding", "family_name": "Arial MT", "font_type": "TrueType", "italic": false, "monospaced": false, "name": "JRDPZV+ArialMT", "subset": true, "weight": 400}, "HasClip": true, "Lang": "en", "Page": 1, "Path": "//Document/Sect/P[7]", "Text": "$45889.8 ", "TextSize": 9.0, "attributes": {"LineHeight": 10.75, "TextAlign": "End"}}], "pages": [{"boxes": {"CropBox": [0.0, 0.0, 612.0, 792.0], "MediaBox": [0.0, 0.0, 612.0, 792.0]}, "height": 792.0, "is_scanned": false, "page_number": 0, "rotation": 0, "width": 612.0}, {"boxes": {"CropBox": [0.0, 0.0, 612.0, 792.0], "MediaBox": [0.0, 0.0, 612.0, 792.0]}, "height": 792.0, "is_scanned": false, "page_number": 1, "rotation": 0, "width": 612.0}]}