{"version":{"json_export":"187","page_segmentation":"5","schema":"1.1.0","structure":"1.1036.0","table_structure":"5"},"extended_metadata":{"ID_instance":"1B 33 5E 38 3B B7 B2 11 0A 00 67 45 8B 6B C6 23 ","ID_permanent":"31 39 20 44 30 20 35 42 20 33 38 20 33 42 20 42 37 20 42 32 20 31 31 20 30 41 20 30 30 20 36 37 20 34 35 20 38 42 20 36 42 20 43 36 20 32 33 20 ","pdf_version":"1.6","pdfa_compliance_level":"","is_encrypted":false,"has_acroform":false,"is_digitally_signed":false,"pdfua_compliance_level":"","page_count":1,"has_embedded_files":false,"is_certified":false,"is_XFA":false,"language":"en-US"},"elements":[{"Bounds":[76.72799682617188,734.4232025146484,171.43968200683594,743.8782348632812],"ClipBounds":[76.72799682617188,734.4232025146484,171.43968200683594,743.8782348632812],"Font":{"alt_family_name":"Arial","embedded":true,"encoding":"WinAnsiEncoding","family_name":"Arial","font_type":"TrueType","italic":false,"monospaced":false,"name":"RCHYFF+Arial-BoldMT","subset":true,"weight":700},"HasClip":true,"Lang":"en","Page":0,"Path":"//Document/Sect/P","Text":"NearBy Electronics ","TextSize":10.080001831054688,"elementId":1},{"Bounds":[76.72799682617188,721.1031951904297,214.52447509765625,730.5582427978516],"ClipBounds":[76.72799682617188,721.1031951904297,214.52447509765625,730.5582427978516],"Font":{"alt_family_name":"Arial","embedded":true,"encoding":"WinAnsiEncoding","family_name":"Arial MT","font_type":"TrueType","italic":false,"monospaced":false,"name":"BEFGPL+ArialMT","subset":true,"weight":400},"HasClip":true,"Page":0,"Path":"//Document/Sect/P[2]/Sub","Text":"3741 Glory Road, Jamestown, ","TextSize":10.080001831054688,"attributes":{"Placement":"Block"},"elementId":2},{"Bounds":[76.72799682617188,708.1132049560547,155.30166625976562,717.5682373046875],"ClipBounds":[76.72799682617188,708.1132049560547,155.30166625976562,717.5682373046875],"Font":{"alt_family_name":"Arial","embedded":true,"encoding":"WinAnsiEncoding","family_name":"Arial MT","font_type":"TrueType","italic":false,"monospaced":false,"name":"BEFGPL+ArialMT","subset":true,"weight":400},"HasClip":true,"Page":0,"Path":"//Document/Sect/P[2]/Sub[2]","Text":"Tennessee, USA ","TextSize":10.080001831054688,"attributes":{"Placement":"Block"},"elementId":3},{"Bounds":[76.72799682617188,694.7931976318359,107.43167114257812,704.2482452392578],"ClipBounds":[76.72799682617188,694.7931976318359,107.43167114257812,704.2482452392578],"Font":{"alt_family_name":"Arial","embedded":true,"encoding":"WinAnsiEncoding","family_name":"Arial MT","font_type":"TrueType","italic":false,"monospaced":false,"name":"BEFGPL+ArialMT","subset":true,"weight":400},"HasClip":true,"Page":0,"Path":"//Document/Sect/P[2]/Sub[3]","Text":"38556 ","TextSize":10.080001831054688,"attributes":{"Placement":"Block"},"elementId":4},{"Bounds":[332.8300018310547,708.1132049560547,543.2117614746094,730.5582427978516],"ClipBounds":[332.8300018310547,708.1132049560547,543.2117614746094,730.5582427978516],"Font":{"alt_family_name":"Arial","embedded":true,"encoding":"WinAnsiEncoding","family_name":"Arial","font_type":"TrueType","italic":false,"monospaced":false,"name":"RCHYFF+Arial-BoldMT","subset":true,"weight":700},"HasClip":true,"Lang":"en","Page":0,"Path":"//Document/Sect/P[3]","Text":"Invoice# EG059246723727279534566806215 Issue date ","TextSize":10.080001831054688,"attributes":{"LineHeight":13,"TextAlign":"End"},"elementId":5},{"Bounds":[489.1699981689453,694.7931976318359,543.3080749511719,704.2482452392578],"ClipBounds":[489.1699981689453,694.7931976318359,543.3080749511719,704.2482452392578],"Font":{"alt_family_name":"Arial","embedded":true,"encoding":"WinAnsiEncoding","family_name":"Arial MT","font_type":"TrueType","italic":false,"monospaced":false,"name":"BEFGPL+ArialMT","subset":true,"weight":400},"HasClip":true,"Lang":"en","Page":0,"Path":"//Document/Sect/P[4]","Text":"12-05-2023 ","TextSize":10.080001831054688,"attributes":{"LineHeight":12.125,"SpaceAfter":12.625,"TextAlign":"End"},"elementId":6},{"Bounds":[76.72799682617188,649.9085540771484,295.7052459716797,673.2309875488281],"ClipBounds":[76.72799682617188,649.9085540771484,295.7052459716797,673.2309875488281],"Font":{"alt_family_name":"Arial","embedded":true,"encoding":"WinAnsiEncoding","family_name":"Arial MT","font_type":"TrueType","italic":false,"monospaced":false,"name":"BEFGPL+ArialMT","subset":true,"weight":400},"HasClip":true,"Lang":"en","Page":0,"Path":"//Document/Sect/Title","Text":"NearBy Electronics ","TextSize":24.863998413085938,"attributes":{"LineHeight":29.875,"SpaceAfter":7},"elementId":7},{"Bounds":[76.72799682617188,633.9331970214844,460.8868713378906,643.3882446289062],"ClipBounds":[76.72799682617188,633.9331970214844,460.8868713378906,643.3882446289062],"Font":{"alt_family_name":"Arial","embedded":true,"encoding":"WinAnsiEncoding","family_name":"Arial MT","font_type":"TrueType","italic":false,"monospaced":false,"name":"BEFGPL+ArialMT","subset":true,"weight":400},"HasClip":true,"Lang":"en","Page":0,"Path":"//Document/Sect/P[5]","Text":"We are here to serve you better. Reach out to us in case of any concern or feedbacks. ","TextSize":10.080001831054688,"attributes":{"SpaceAfter":18},"elementId":8},{"Bounds":[81.04800415039062,580.9832000732422,122.99087524414062,590.438232421875],"ClipBounds":[81.04800415039062,580.9832000732422,122.99087524414062,590.438232421875],"Font":{"alt_family_name":"Arial","embedded":true,"encoding":"WinAnsiEncoding","family_name":"Arial","font_type":"TrueType","italic":false,"monospaced":false,"name":"RCHYFF+Arial-BoldMT","subset":true,"weight":700},"HasClip":true,"Lang":"en","Page":0,"Path":"//Document/Sect/P[6]","Text":"BILL TO ","TextSize":10.080001831054688,"elementId":9},{"Bounds":[81.04800415039062,567.6631927490234,162.4339141845703,577.1182403564453],"ClipBounds":[81.04800415039062,567.6631927490234,162.4339141845703,577.1182403564453],"Font":{"alt_family_name":"Arial","embedded":true,"encoding":"WinAnsiEncoding","family_name":"Arial MT","font_type":"TrueType","italic":false,"monospaced":false,"name":"BEFGPL+ArialMT","subset":true,"weight":400},"HasClip":true,"Page":0,"Path":"//Document/Sect/P[7]/Sub","Text":"Candace Gerhold ","TextSize":10.080001831054688,"attributes":{"Placement":"Block"},"elementId":10},{"Bounds":[81.04800415039062,554.6831970214844,188.62168884277344,564.1382446289062],"ClipBounds":[81.04800415039062,554.6831970214844,188.62168884277344,564.1382446289062],"Font":{"alt_family_name":"Arial","embedded":true,"encoding":"WinAnsiEncoding","family_name":"Arial MT","font_type":"TrueType","italic":false,"monospaced":false,"name":"BEFGPL+ArialMT","subset":true,"weight":400},"HasClip":true,"Page":0,"Path":"//Document/Sect/P[7]/Sub[2]","Text":"Candace3@yahoo.com ","TextSize":10.080001831054688,"attributes":{"Placement":"Block"},"elementId":11},{"Bounds":[81.04800415039062,541.3632049560547,146.34808349609375,550.8182373046875],"ClipBounds":[81.04800415039062,541.3632049560547,146.34808349609375,550.8182373046875],"Font":{"alt_family_name":"Arial","embedded":true,"encoding":"WinAnsiEncoding","family_name":"Arial MT","font_type":"TrueType","italic":false,"monospaced":false,"name":"BEFGPL+ArialMT","subset":true,"weight":400},"HasClip":true,"Page":0,"Path":"//Document/Sect/P[7]/Sub[3]","Text":"633-008-6596 ","TextSize":10.080001831054688,"attributes":{"Placement":"Block"},"elementId":12},{"Bounds":[81.04800415039062,528.0431976318359,149.1484832763672,537.4982452392578],"ClipBounds":[81.04800415039062,528.0431976318359,149.1484832763672,537.4982452392578],"Font":{"alt_family_name":"Arial","embedded":true,"encoding":"WinAnsiEncoding","family_name":"Arial MT","font_type":"TrueType","italic":false,"monospaced":false,"name":"BEFGPL+ArialMT","subset":true,"weight":400},"HasClip":true,"Page":0,"Path":"//Document/Sect/P[7]/Sub[4]","Text":"533 Hintz Pine ","TextSize":10.080001831054688,"attributes":{"Placement":"Block"},"elementId":13},{"Bounds":[81.04800415039062,514.7232055664062,149.50128173828125,524.1782379150391],"ClipBounds":[81.04800415039062,514.7232055664062,149.50128173828125,524.1782379150391],"Font":{"alt_family_name":"Arial","embedded":true,"encoding":"WinAnsiEncoding","family_name":"Arial MT","font_type":"TrueType","italic":false,"monospaced":false,"name":"BEFGPL+ArialMT","subset":true,"weight":400},"HasClip":true,"Page":0,"Path":"//Document/Sect/P[7]/Sub[5]","Text":"Cotton Ground ","TextSize":10.080001831054688,"attributes":{"Placement":"Block"},"elementId":14},{"Bounds":[240.25999450683594,580.9832000732422,286.1240692138672,590.438232421875],"ClipBounds":[240.25999450683594,580.9832000732422,286.1240692138672,590.438232421875],"Font":{"alt_family_name":"Arial","embedded":true,"encoding":"WinAnsiEncoding","family_name":"Arial","font_type":"TrueType","italic":false,"monospaced":false,"name":"RCHYFF+Arial-BoldMT","subset":true,"weight":700},"HasClip":true,"Lang":"en","Page":0,"Path":"//Document/Sect/P[8]","Text":"DETAILS ","TextSize":10.080001831054688,"elementId":15},{"Bounds":[240.25999450683594,514.7232055664062,369.04200744628906,577.1182403564453],"ClipBounds":[240.25999450683594,514.7232055664062,369.04200744628906,577.1182403564453],"Font":{"alt_family_name":"Arial","embedded":true,"encoding":"WinAnsiEncoding","family_name":"Arial MT","font_type":"TrueType","italic":false,"monospaced":false,"name":"BEFGPL+ArialMT","subset":true,"weight":400},"HasClip":true,"Lang":"en","Page":0,"Path":"//Document/Sect/P[9]","Text":"ad enim duis culpa deserunt cupidatat laborum reprehenderit ullamco minim commodo culpa elit do nulla aute ","TextSize":10.080001831054688,"elementId":16},{"Bounds":[412.8000030517578,580.9832000732422,464.58103942871094,590.438232421875],"ClipBounds":[412.8000030517578,580.9832000732422,464.58103942871094,590.438232421875],"Font":{"alt_family_name":"Arial","embedded":true,"encoding":"WinAnsiEncoding","family_name":"Arial","font_type":"TrueType","italic":false,"monospaced":false,"name":"RCHYFF+Arial-BoldMT","subset":true,"weight":700},"HasClip":true,"Lang":"en","Page":0,"Path":"//Document/Sect/P[10]","Text":"PAYMENT ","TextSize":10.080001831054688,"elementId":17},{"Bounds":[412.8000030517578,567.6631927490234,513.0480804443359,577.1182403564453],"ClipBounds":[412.8000030517578,567.6631927490234,513.0480804443359,577.1182403564453],"Font":{"alt_family_name":"Arial","embedded":true,"encoding":"WinAnsiEncoding","family_name":"Arial MT","font_type":"TrueType","italic":false,"monospaced":false,"name":"BEFGPL+ArialMT","subset":true,"weight":400},"HasClip":true,"Lang":"en","Page":0,"Path":"//Document/Sect/P[11]","Text":"Due date: 12-06-2023 ","TextSize":10.080001831054688,"attributes":{"SpaceAfter":18},"elementId":18},{"Bounds":[410.63999938964844,535.3764038085938,453.7554016113281,545.844482421875],"ClipBounds":[410.63999938964844,535.3764038085938,453.7554016113281,545.844482421875],"Font":{"alt_family_name":"Arial","embedded":true,"encoding":"WinAnsiEncoding","family_name":"Arial","font_type":"TrueType","italic":false,"monospaced":false,"name":"RCHYFF+Arial-BoldMT","subset":true,"weight":700},"HasClip":true,"Lang":"en","Page":0,"Path":"//Document/Sect/Aside/P","Text":"$9587.6 ","TextSize":11.160003662109375,"attributes":{"SpaceAfter":18},"elementId":19},{"Bounds":[77.447998046875,430.0731964111328,530.1510314941406,439.5282440185547],"ClipBounds":[77.447998046875,430.0731964111328,530.1510314941406,439.5282440185547],"Page":0,"Path":"//Document/Sect/Table","attributes":{"BBox":[71.5170999999973,414.73499999998603,540.9379999999946,447.73399999999674],"NumCol":4,"Placement":"Block","SpaceAfter":18},"filePaths":["tables/fileoutpart0.xlsx","tables/fileoutpart1.png"],"elementId":20},{"Bounds":[77.447998046875,430.0731964111328,104.47239685058594,439.5282440185547],"ClipBounds":[77.447998046875,430.0731964111328,104.47239685058594,439.5282440185547],"Page":0,"Path":"//Document/Sect/Table/TR/TD","attributes":{"BBox":[71.5170999999973,413.8949999999895,358.78499999998894,447.73399999999674],"BlockAlign":"Middle","BorderColor":[[0,0,0],[0.6235349999999755,0.6235349999999755,0.6235349999999755],[0,0,0],[0,0,0]],"BorderStyle":"Solid","BorderThickness":[0.625,0.875,0.5,0.25],"ColIndex":0,"Height":33.875,"InlineAlign":"Start","RowIndex":0,"Width":287.25},"elementId":21},{"Bounds":[77.447998046875,430.0731964111328,104.47239685058594,439.5282440185547],"ClipBounds":[77.447998046875,430.0731964111328,104.47239685058594,439.5282440185547],"Font":{"alt_family_name":"Arial","embedded":true,"encoding":"WinAnsiEncoding","family_name":"Arial","font_type":"TrueType","italic":false,"monospaced":false,"name":"RCHYFF+Arial-BoldMT","subset":true,"weight":700},"HasClip":true,"Lang":"en","Page":0,"Path":"//Document/Sect/Table/TR/TD/P","Text":"ITEM ","TextSize":10.080001831054688,"attributes":{"LineHeight":12.125},"elementId":22},{"Bounds":[363.1000061035156,430.0731964111328,386.6570281982422,439.5282440185547],"ClipBounds":[363.1000061035156,430.0731964111328,386.6570281982422,439.5282440185547],"Page":0,"Path":"//Document/Sect/Table/TR/TD[2]","attributes":{"BBox":[358.304999999993,413.8949999999895,415.6629999999859,447.73399999999674],"BlockAlign":"Middle","BorderColor":[[0,0,0],[0.6235349999999755,0.6235349999999755,0.6235349999999755],[0,0,0],[0,0,0]],"BorderStyle":"Solid","BorderThickness":[0.625,0.875,0.25,0.25],"ColIndex":1,"Height":33.875,"InlineAlign":"Start","RowIndex":0,"Width":57.375},"elementId":23},{"Bounds":[363.1000061035156,430.0731964111328,386.6570281982422,439.5282440185547],"ClipBounds":[363.1000061035156,430.0731964111328,386.6570281982422,439.5282440185547],"Font":{"alt_family_name":"Arial","embedded":true,"encoding":"WinAnsiEncoding","family_name":"Arial","font_type":"TrueType","italic":false,"monospaced":false,"name":"RCHYFF+Arial-BoldMT","subset":true,"weight":700},"HasClip":true,"Lang":"en","Page":0,"Path":"//Document/Sect/Table/TR/TD[2]/P","Text":"QTY ","TextSize":10.080001831054688,"attributes":{"LineHeight":12.125},"elementId":24},{"Bounds":[420.3800048828125,430.0731964111328,450.7712707519531,439.5282440185547],"ClipBounds":[420.3800048828125,430.0731964111328,450.7712707519531,439.5282440185547],"Page":0,"Path":"//Document/Sect/Table/TR/TD[3]","attributes":{"BBox":[415.18299999999,413.8949999999895,481.8999999999942,447.73399999999674],"BlockAlign":"Middle","BorderColor":[[0,0,0],[0.6235349999999755,0.6235349999999755,0.6235349999999755],[0,0,0],[0,0,0]],"BorderStyle":"Solid","BorderThickness":[0.625,0.875,0.25,0.25],"ColIndex":2,"Height":33.875,"InlineAlign":"Start","RowIndex":0,"Width":66.75},"elementId":25},{"Bounds":[420.3800048828125,430.0731964111328,450.7712707519531,439.5282440185547],"ClipBounds":[420.3800048828125,430.0731964111328,450.7712707519531,439.5282440185547],"Font":{"alt_family_name":"Arial","embedded":true,"encoding":"WinAnsiEncoding","family_name":"Arial","font_type":"TrueType","italic":false,"monospaced":false,"name":"RCHYFF+Arial-BoldMT","subset":true,"weight":700},"HasClip":true,"Lang":"en","Page":0,"Path":"//Document/Sect/Table/TR/TD[3]/P","Text":"RATE ","TextSize":10.080001831054688,"attributes":{"LineHeight":12.125},"elementId":26},{"Bounds":[483.4100036621094,430.0731964111328,530.1510314941406,439.5282440185547],"ClipBounds":[483.4100036621094,430.0731964111328,530.1510314941406,439.5282440185547],"Page":0,"Path":"//Document/Sect/Table/TR/TD[4]","attributes":{"BBox":[481.41999999999825,413.8949999999895,541.417999999976,447.73399999999674],"BlockAlign":"Middle","BorderColor":[[0,0,0],[0.6235349999999755,0.6235349999999755,0.6235349999999755],[0,0,0],[0,0,0]],"BorderStyle":"Solid","BorderThickness":[0.625,0.875,0.25,0.5],"ColIndex":3,"Height":33.875,"InlineAlign":"Start","RowIndex":0,"Width":60},"elementId":27},{"Bounds":[483.4100036621094,430.0731964111328,530.1510314941406,439.5282440185547],"ClipBounds":[483.4100036621094,430.0731964111328,530.1510314941406,439.5282440185547],"Font":{"alt_family_name":"Arial","embedded":true,"encoding":"WinAnsiEncoding","family_name":"Arial","font_type":"TrueType","italic":false,"monospaced":false,"name":"RCHYFF+Arial-BoldMT","subset":true,"weight":700},"HasClip":true,"Lang":"en","Page":0,"Path":"//Document/Sect/Table/TR/TD[4]/P","Text":"AMOUNT ","TextSize":10.080001831054688,"attributes":{"LineHeight":12.125},"elementId":28},{"Bounds":[77.447998046875,327.0632019042969,517.7280731201172,403.50823974609375],"ClipBounds":[77.447998046875,327.0632019042969,517.7280731201172,403.50823974609375],"Page":0,"Path":"//Document/Sect/Table[2]","attributes":{"BBox":[71.5170999999973,309.61999999999534,540.9379999999946,411.97499999999127],"NumCol":4,"NumRow":3,"Placement":"Block","SpaceAfter":18},"filePaths":["tables/fileoutpart2.xlsx","tables/fileoutpart3.png"],"elementId":29},{"Bounds":[77.447998046875,394.05320739746094,186.46311950683594,403.50823974609375],"ClipBounds":[77.447998046875,394.05320739746094,186.46311950683594,403.50823974609375],"Page":0,"Path":"//Document/Sect/Table[2]/TR/TD","attributes":{"BBox":[71.5170999999973,377.7769999999873,358.0649999999878,411.97499999999127],"BlockAlign":"Middle","BorderColor":[0,0,0],"BorderStyle":"Solid","BorderThickness":[0.625,0.25,0.5,0.25],"ColIndex":0,"Height":34.25,"InlineAlign":"Start","RowIndex":0,"Width":286.375},"elementId":30},{"Bounds":[77.447998046875,394.05320739746094,186.46311950683594,403.50823974609375],"ClipBounds":[77.447998046875,394.05320739746094,186.46311950683594,403.50823974609375],"Font":{"alt_family_name":"Arial","embedded":true,"encoding":"WinAnsiEncoding","family_name":"Arial MT","font_type":"TrueType","italic":false,"monospaced":false,"name":"BEFGPL+ArialMT","subset":true,"weight":400},"HasClip":true,"Lang":"en","Page":0,"Path":"//Document/Sect/Table[2]/TR/TD/P","Text":"Gorgeous Granite Chair ","TextSize":10.080001831054688,"attributes":{"LineHeight":12.125},"elementId":31},{"Bounds":[363.82000732421875,394.05320739746094,378.3000030517578,403.50823974609375],"ClipBounds":[363.82000732421875,394.05320739746094,378.3000030517578,403.50823974609375],"Page":0,"Path":"//Document/Sect/Table[2]/TR/TD[2]","attributes":{"BBox":[357.58499999999185,377.7769999999873,414.22299999999814,411.97499999999127],"BlockAlign":"Middle","BorderColor":[0,0,0],"BorderStyle":"Solid","BorderThickness":[0.625,0.25,0.25,0.25],"ColIndex":1,"Height":34.25,"InlineAlign":"Start","RowIndex":0,"Width":56.625},"elementId":32},{"Bounds":[363.82000732421875,394.05320739746094,378.3000030517578,403.50823974609375],"ClipBounds":[363.82000732421875,394.05320739746094,378.3000030517578,403.50823974609375],"Font":{"alt_family_name":"Arial","embedded":true,"encoding":"WinAnsiEncoding","family_name":"Arial MT","font_type":"TrueType","italic":false,"monospaced":false,"name":"BEFGPL+ArialMT","subset":true,"weight":400},"HasClip":true,"Lang":"en","Page":0,"Path":"//Document/Sect/Table[2]/TR/TD[2]/P","Text":"42 ","TextSize":10.080001831054688,"attributes":{"LineHeight":12.125},"elementId":33},{"Bounds":[420.3800048828125,394.05320739746094,434.86000061035156,403.50823974609375],"ClipBounds":[420.3800048828125,394.05320739746094,434.86000061035156,403.50823974609375],"Page":0,"Path":"//Document/Sect/Table[2]/TR/TD[3]","attributes":{"BBox":[413.74299999998766,377.7769999999873,481.8999999999942,411.97499999999127],"BlockAlign":"Middle","BorderColor":[0,0,0],"BorderStyle":"Solid","BorderThickness":[0.625,0.25,0.25,0.25],"ColIndex":2,"Height":34.25,"InlineAlign":"Start","RowIndex":0,"Width":68.125},"elementId":34},{"Bounds":[420.3800048828125,394.05320739746094,434.86000061035156,403.50823974609375],"ClipBounds":[420.3800048828125,394.05320739746094,434.86000061035156,403.50823974609375],"Font":{"alt_family_name":"Arial","embedded":true,"encoding":"WinAnsiEncoding","family_name":"Arial MT","font_type":"TrueType","italic":false,"monospaced":false,"name":"BEFGPL+ArialMT","subset":true,"weight":400},"HasClip":true,"Lang":"en","Page":0,"Path":"//Document/Sect/Table[2]/TR/TD[3]/P","Text":"41 ","TextSize":10.080001831054688,"attributes":{"LineHeight":12.125},"elementId":35},{"Bounds":[487.00999450683594,394.05320739746094,517.7280731201172,403.50823974609375],"ClipBounds":[487.00999450683594,394.05320739746094,517.7280731201172,403.50823974609375],"Page":0,"Path":"//Document/Sect/Table[2]/TR/TD[4]","attributes":{"BBox":[481.41999999999825,377.7769999999873,541.417999999976,411.97499999999127],"BlockAlign":"Middle","BorderColor":[0,0,0],"BorderStyle":"Solid","BorderThickness":[0.625,0.25,0.25,0.5],"ColIndex":3,"Height":34.25,"InlineAlign":"Start","RowIndex":0,"Width":60},"elementId":36},{"Bounds":[487.00999450683594,394.05320739746094,517.7280731201172,403.50823974609375],"ClipBounds":[487.00999450683594,394.05320739746094,517.7280731201172,403.50823974609375],"Font":{"alt_family_name":"Arial","embedded":true,"encoding":"WinAnsiEncoding","family_name":"Arial MT","font_type":"TrueType","italic":false,"monospaced":false,"name":"BEFGPL+ArialMT","subset":true,"weight":400},"HasClip":true,"Lang":"en","Page":0,"Path":"//Document/Sect/Table[2]/TR/TD[4]/P","Text":"$1722 ","TextSize":10.080001831054688,"attributes":{"LineHeight":12.125},"elementId":37},{"Bounds":[77.447998046875,360.5731964111328,188.6908721923828,370.0282440185547],"ClipBounds":[77.447998046875,360.5731964111328,188.6908721923828,370.0282440185547],"Page":0,"Path":"//Document/Sect/Table[2]/TR[2]/TD","attributes":{"BBox":[71.5170999999973,343.93799999999464,358.0649999999878,378.2569999999978],"BlockAlign":"Middle","BorderColor":[0,0,0],"BorderStyle":"Solid","BorderThickness":[0.25,0.25,0.5,0.25],"ColIndex":0,"Height":34.375,"InlineAlign":"Start","RowIndex":1,"Width":286.375},"elementId":38},{"Bounds":[77.447998046875,360.5731964111328,188.6908721923828,370.0282440185547],"ClipBounds":[77.447998046875,360.5731964111328,188.6908721923828,370.0282440185547],"Font":{"alt_family_name":"Arial","embedded":true,"encoding":"WinAnsiEncoding","family_name":"Arial MT","font_type":"TrueType","italic":false,"monospaced":false,"name":"BEFGPL+ArialMT","subset":true,"weight":400},"HasClip":true,"Lang":"en","Page":0,"Path":"//Document/Sect/Table[2]/TR[2]/TD/P","Text":"Fantastic Wooden Table ","TextSize":10.080001831054688,"attributes":{"LineHeight":12.125},"elementId":39},{"Bounds":[363.82000732421875,360.5731964111328,378.3000030517578,370.0282440185547],"ClipBounds":[363.82000732421875,360.5731964111328,378.3000030517578,370.0282440185547],"Page":0,"Path":"//Document/Sect/Table[2]/TR[2]/TD[2]","attributes":{"BBox":[357.58499999999185,343.93799999999464,414.22299999999814,378.2569999999978],"BlockAlign":"Middle","BorderColor":[0,0,0],"BorderStyle":"Solid","BorderThickness":0.25,"ColIndex":1,"Height":34.375,"InlineAlign":"Start","RowIndex":1,"Width":56.625},"elementId":40},{"Bounds":[363.82000732421875,360.5731964111328,378.3000030517578,370.0282440185547],"ClipBounds":[363.82000732421875,360.5731964111328,378.3000030517578,370.0282440185547],"Font":{"alt_family_name":"Arial","embedded":true,"encoding":"WinAnsiEncoding","family_name":"Arial MT","font_type":"TrueType","italic":false,"monospaced":false,"name":"BEFGPL+ArialMT","subset":true,"weight":400},"HasClip":true,"Lang":"en","Page":0,"Path":"//Document/Sect/Table[2]/TR[2]/TD[2]/P","Text":"55 ","TextSize":10.080001831054688,"attributes":{"LineHeight":12.125},"elementId":41},{"Bounds":[420.3800048828125,360.5731964111328,434.86000061035156,370.0282440185547],"ClipBounds":[420.3800048828125,360.5731964111328,434.86000061035156,370.0282440185547],"Page":0,"Path":"//Document/Sect/Table[2]/TR[2]/TD[3]","attributes":{"BBox":[413.74299999998766,343.93799999999464,481.8999999999942,378.2569999999978],"BlockAlign":"Middle","BorderColor":[0,0,0],"BorderStyle":"Solid","BorderThickness":0.25,"ColIndex":2,"Height":34.375,"InlineAlign":"Start","RowIndex":1,"Width":68.125},"elementId":42},{"Bounds":[420.3800048828125,360.5731964111328,434.86000061035156,370.0282440185547],"ClipBounds":[420.3800048828125,360.5731964111328,434.86000061035156,370.0282440185547],"Font":{"alt_family_name":"Arial","embedded":true,"encoding":"WinAnsiEncoding","family_name":"Arial MT","font_type":"TrueType","italic":false,"monospaced":false,"name":"BEFGPL+ArialMT","subset":true,"weight":400},"HasClip":true,"Lang":"en","Page":0,"Path":"//Document/Sect/Table[2]/TR[2]/TD[3]/P","Text":"46 ","TextSize":10.080001831054688,"attributes":{"LineHeight":12.125},"elementId":43},{"Bounds":[487.00999450683594,360.5731964111328,517.7280731201172,370.0282440185547],"ClipBounds":[487.00999450683594,360.5731964111328,517.7280731201172,370.0282440185547],"Page":0,"Path":"//Document/Sect/Table[2]/TR[2]/TD[4]","attributes":{"BBox":[481.41999999999825,343.93799999999464,541.417999999976,378.2569999999978],"BlockAlign":"Middle","BorderColor":[0,0,0],"BorderStyle":"Solid","BorderThickness":[0.25,0.25,0.25,0.5],"ColIndex":3,"Height":34.375,"InlineAlign":"Start","RowIndex":1,"Width":60},"elementId":44},{"Bounds":[487.00999450683594,360.5731964111328,517.7280731201172,370.0282440185547],"ClipBounds":[487.00999450683594,360.5731964111328,517.7280731201172,370.0282440185547],"Font":{"alt_family_name":"Arial","embedded":true,"encoding":"WinAnsiEncoding","family_name":"Arial MT","font_type":"TrueType","italic":false,"monospaced":false,"name":"BEFGPL+ArialMT","subset":true,"weight":400},"HasClip":true,"Lang":"en","Page":0,"Path":"//Document/Sect/Table[2]/TR[2]/TD[4]/P","Text":"$2530 ","TextSize":10.080001831054688,"attributes":{"LineHeight":12.125},"elementId":45},{"Bounds":[77.447998046875,327.0632019042969,190.65647888183594,336.5182342529297],"ClipBounds":[77.447998046875,327.0632019042969,190.65647888183594,336.5182342529297],"Page":0,"Path":"//Document/Sect/Table[2]/TR[3]/TD","attributes":{"BBox":[71.5170999999973,309.0199999999895,358.0649999999878,344.41799999999057],"BlockAlign":"Before","BorderColor":[0,0,0],"BorderStyle":"Solid","BorderThickness":[0.25,0.625,0.5,0.25],"ColIndex":0,"Height":35.375,"InlineAlign":"Start","RowIndex":2,"Width":286.375},"elementId":46},{"Bounds":[77.447998046875,327.0632019042969,190.65647888183594,336.5182342529297],"ClipBounds":[77.447998046875,327.0632019042969,190.65647888183594,336.5182342529297],"Font":{"alt_family_name":"Arial","embedded":true,"encoding":"WinAnsiEncoding","family_name":"Arial MT","font_type":"TrueType","italic":false,"monospaced":false,"name":"BEFGPL+ArialMT","subset":true,"weight":400},"HasClip":true,"Lang":"en","Page":0,"Path":"//Document/Sect/Table[2]/TR[3]/TD/P","Text":"Unbranded Cotton Pants ","TextSize":10.080001831054688,"attributes":{"LineHeight":12.125},"elementId":47},{"Bounds":[363.82000732421875,327.0632019042969,378.3000030517578,336.5182342529297],"ClipBounds":[363.82000732421875,327.0632019042969,378.3000030517578,336.5182342529297],"Page":0,"Path":"//Document/Sect/Table[2]/TR[3]/TD[2]","attributes":{"BBox":[357.58499999999185,309.0199999999895,414.22299999999814,344.41799999999057],"BlockAlign":"Before","BorderColor":[0,0,0],"BorderStyle":"Solid","BorderThickness":[0.25,0.625,0.25,0.25],"ColIndex":1,"Height":35.375,"InlineAlign":"Start","RowIndex":2,"Width":56.625},"elementId":48},{"Bounds":[363.82000732421875,327.0632019042969,378.3000030517578,336.5182342529297],"ClipBounds":[363.82000732421875,327.0632019042969,378.3000030517578,336.5182342529297],"Font":{"alt_family_name":"Arial","embedded":true,"encoding":"WinAnsiEncoding","family_name":"Arial MT","font_type":"TrueType","italic":false,"monospaced":false,"name":"BEFGPL+ArialMT","subset":true,"weight":400},"HasClip":true,"Lang":"en","Page":0,"Path":"//Document/Sect/Table[2]/TR[3]/TD[2]/P","Text":"48 ","TextSize":10.080001831054688,"attributes":{"LineHeight":12.125},"elementId":49},{"Bounds":[420.3800048828125,327.0632019042969,434.86000061035156,336.5182342529297],"ClipBounds":[420.3800048828125,327.0632019042969,434.86000061035156,336.5182342529297],"Page":0,"Path":"//Document/Sect/Table[2]/TR[3]/TD[3]","attributes":{"BBox":[413.74299999998766,309.0199999999895,481.8999999999942,344.41799999999057],"BlockAlign":"Before","BorderColor":[0,0,0],"BorderStyle":"Solid","BorderThickness":[0.25,0.625,0.25,0.25],"ColIndex":2,"Height":35.375,"InlineAlign":"Start","RowIndex":2,"Width":68.125},"elementId":50},{"Bounds":[420.3800048828125,327.0632019042969,434.86000061035156,336.5182342529297],"ClipBounds":[420.3800048828125,327.0632019042969,434.86000061035156,336.5182342529297],"Font":{"alt_family_name":"Arial","embedded":true,"encoding":"WinAnsiEncoding","family_name":"Arial MT","font_type":"TrueType","italic":false,"monospaced":false,"name":"BEFGPL+ArialMT","subset":true,"weight":400},"HasClip":true,"Lang":"en","Page":0,"Path":"//Document/Sect/Table[2]/TR[3]/TD[3]/P","Text":"93 ","TextSize":10.080001831054688,"attributes":{"LineHeight":12.125},"elementId":51},{"Bounds":[487.00999450683594,327.0632019042969,517.7280731201172,336.5182342529297],"ClipBounds":[487.00999450683594,327.0632019042969,517.7280731201172,336.5182342529297],"Page":0,"Path":"//Document/Sect/Table[2]/TR[3]/TD[4]","attributes":{"BBox":[481.41999999999825,309.0199999999895,541.417999999976,344.41799999999057],"BlockAlign":"Before","BorderColor":[0,0,0],"BorderStyle":"Solid","BorderThickness":[0.25,0.625,0.25,0.5],"ColIndex":3,"Height":35.375,"InlineAlign":"Start","RowIndex":2,"Width":60},"elementId":52},{"Bounds":[487.00999450683594,327.0632019042969,517.7280731201172,336.5182342529297],"ClipBounds":[487.00999450683594,327.0632019042969,517.7280731201172,336.5182342529297],"Font":{"alt_family_name":"Arial","embedded":true,"encoding":"WinAnsiEncoding","family_name":"Arial MT","font_type":"TrueType","italic":false,"monospaced":false,"name":"BEFGPL+ArialMT","subset":true,"weight":400},"HasClip":true,"Lang":"en","Page":0,"Path":"//Document/Sect/Table[2]/TR[3]/TD[4]/P","Text":"$4464 ","TextSize":10.080001831054688,"attributes":{"LineHeight":12.125},"elementId":53},{"Bounds":[77.447998046875,213.62319946289062,516.6336822509766,256.55824279785156],"ClipBounds":[77.447998046875,213.62319946289062,516.6336822509766,256.55824279785156],"Page":0,"Path":"//Document/Sect/Table[3]","attributes":{"BBox":[77.03689999999915,215.7829999999958,514.0589999999793,254.9019999999946],"NumCol":2,"NumRow":2,"Placement":"Block","SpaceAfter":18},"filePaths":["tables/fileoutpart4.xlsx","tables/fileoutpart5.png"],"elementId":54},{"Bounds":[77.447998046875,247.1031951904297,120.4593505859375,256.55824279785156],"ClipBounds":[77.447998046875,247.1031951904297,120.4593505859375,256.55824279785156],"Page":0,"Path":"//Document/Sect/Table[3]/TR/TD","attributes":{"BBox":[77.03689999999915,230.42299999999523,358.54499999999825,254.9019999999946],"BlockAlign":"Before","ColIndex":0,"Height":24.5,"InlineAlign":"Start","RowIndex":0,"Width":281.5},"elementId":55},{"Bounds":[77.447998046875,247.1031951904297,120.4593505859375,256.55824279785156],"ClipBounds":[77.447998046875,247.1031951904297,120.4593505859375,256.55824279785156],"Font":{"alt_family_name":"Arial","embedded":true,"encoding":"WinAnsiEncoding","family_name":"Arial","font_type":"TrueType","italic":false,"monospaced":false,"name":"RCHYFF+Arial-BoldMT","subset":true,"weight":700},"HasClip":true,"Lang":"en","Page":0,"Path":"//Document/Sect/Table[3]/TR/TD/P","Text":"Subtotal ","TextSize":10.080001831054688,"attributes":{"LineHeight":12.125},"elementId":56},{"Bounds":[485.92999267578125,247.1031951904297,516.6336822509766,256.55824279785156],"ClipBounds":[485.92999267578125,247.1031951904297,516.6336822509766,256.55824279785156],"Page":0,"Path":"//Document/Sect/Table[3]/TR/TD[2]","attributes":{"BBox":[358.54499999999825,230.42299999999523,514.0589999999793,254.9019999999946],"BlockAlign":"Before","ColIndex":1,"Height":24.5,"InlineAlign":"End","RowIndex":0,"Width":155.5},"elementId":57},{"Bounds":[485.92999267578125,247.1031951904297,516.6336822509766,256.55824279785156],"ClipBounds":[485.92999267578125,247.1031951904297,516.6336822509766,256.55824279785156],"Font":{"alt_family_name":"Arial","embedded":true,"encoding":"WinAnsiEncoding","family_name":"Arial MT","font_type":"TrueType","italic":false,"monospaced":false,"name":"BEFGPL+ArialMT","subset":true,"weight":400},"HasClip":true,"Lang":"en","Page":0,"Path":"//Document/Sect/Table[3]/TR/TD[2]/P","Text":"$8716 ","TextSize":10.080001831054688,"attributes":{"LineHeight":12.125},"elementId":58},{"Bounds":[77.447998046875,213.62319946289062,109.73143005371094,223.0782470703125],"ClipBounds":[77.447998046875,213.62319946289062,109.73143005371094,223.0782470703125],"Page":0,"Path":"//Document/Sect/Table[3]/TR[2]/TD","attributes":{"BBox":[77.03689999999915,215.7829999999958,358.54499999999825,230.42299999999523],"BlockAlign":"After","ColIndex":0,"Height":14.625,"InlineAlign":"Start","RowIndex":1,"Width":281.5},"elementId":59},{"Bounds":[77.447998046875,213.62319946289062,109.73143005371094,223.0782470703125],"ClipBounds":[77.447998046875,213.62319946289062,109.73143005371094,223.0782470703125],"Font":{"alt_family_name":"Arial","embedded":true,"encoding":"WinAnsiEncoding","family_name":"Arial","font_type":"TrueType","italic":false,"monospaced":false,"name":"RCHYFF+Arial-BoldMT","subset":true,"weight":700},"HasClip":true,"Lang":"en","Page":0,"Path":"//Document/Sect/Table[3]/TR[2]/TD/P","Text":"Tax % ","TextSize":10.080001831054688,"attributes":{"LineHeight":12.125},"elementId":60},{"Bounds":[485.92999267578125,213.62319946289062,500.4100036621094,223.0782470703125],"ClipBounds":[485.92999267578125,213.62319946289062,500.4100036621094,223.0782470703125],"Page":0,"Path":"//Document/Sect/Table[3]/TR[2]/TD[2]","attributes":{"BBox":[358.54499999999825,215.7829999999958,514.0589999999793,230.42299999999523],"BlockAlign":"After","ColIndex":1,"Height":14.625,"InlineAlign":"End","RowIndex":1,"Width":155.5},"elementId":61},{"Bounds":[485.92999267578125,213.62319946289062,500.4100036621094,223.0782470703125],"ClipBounds":[485.92999267578125,213.62319946289062,500.4100036621094,223.0782470703125],"Font":{"alt_family_name":"Arial","embedded":true,"encoding":"WinAnsiEncoding","family_name":"Arial MT","font_type":"TrueType","italic":false,"monospaced":false,"name":"BEFGPL+ArialMT","subset":true,"weight":400},"HasClip":true,"Lang":"en","Page":0,"Path":"//Document/Sect/Table[3]/TR[2]/TD[2]/P","Text":"10 ","TextSize":10.080001831054688,"attributes":{"LineHeight":12.125},"elementId":62},{"Bounds":[77.447998046875,116.01319885253906,126.14447021484375,125.46824645996094],"ClipBounds":[77.447998046875,116.01319885253906,126.14447021484375,125.46824645996094],"Font":{"alt_family_name":"Arial","embedded":true,"encoding":"WinAnsiEncoding","family_name":"Arial","font_type":"TrueType","italic":false,"monospaced":false,"name":"RCHYFF+Arial-BoldMT","subset":true,"weight":700},"HasClip":true,"Lang":"en","Page":0,"Path":"//Document/Sect/P[12]","Text":"Total Due ","TextSize":10.080001831054688,"attributes":{"SpaceAfter":16.125},"elementId":63},{"Bounds":[485.92999267578125,114.08000183105469,521.1019897460938,122.52200317382812],"ClipBounds":[485.92999267578125,114.08000183105469,521.1019897460938,122.52200317382812],"Font":{"alt_family_name":"Arial","embedded":true,"encoding":"WinAnsiEncoding","family_name":"Arial MT","font_type":"TrueType","italic":false,"monospaced":false,"name":"BEFGPL+ArialMT","subset":true,"weight":400},"HasClip":true,"Lang":"en","Page":0,"Path":"//Document/Sect/P[13]","Text":"$9587.6 ","TextSize":9,"attributes":{"LineHeight":10.75},"elementId":64}],"pages":[{"boxes":{"CropBox":[0,0,612,792],"MediaBox":[0,0,612,792]},"height":792,"is_scanned":false,"page_number":0,"rotation":0,"width":612}]}