{"version":{"json_export":"187","page_segmentation":"5","schema":"1.1.0","structure":"1.1036.0","table_structure":"5"},"extended_metadata":{"ID_instance":"11 9A 36 38 3B B7 B2 11 0A 00 67 45 8B 6B C6 23 ","ID_permanent":"38 34 20 42 39 20 33 33 20 33 38 20 33 42 20 42 37 20 42 32 20 31 31 20 30 41 20 30 30 20 36 37 20 34 35 20 38 42 20 36 42 20 43 36 20 32 33 20 ","pdf_version":"1.6","pdfa_compliance_level":"","is_encrypted":false,"has_acroform":false,"is_digitally_signed":false,"pdfua_compliance_level":"","page_count":1,"has_embedded_files":false,"is_certified":false,"is_XFA":false,"language":"en-US"},"elements":[{"Bounds":[76.72799682617188,734.4232025146484,171.43968200683594,743.8782348632812],"ClipBounds":[76.72799682617188,734.4232025146484,171.43968200683594,743.8782348632812],"Font":{"alt_family_name":"Arial","embedded":true,"encoding":"WinAnsiEncoding","family_name":"Arial","font_type":"TrueType","italic":false,"monospaced":false,"name":"LORZDR+Arial-BoldMT","subset":true,"weight":700},"HasClip":true,"Page":0,"Path":"//Document/Sect/P/Sub","Text":"NearBy Electronics ","TextSize":10.080001831054688,"attributes":{"Placement":"Block"},"elementId":1},{"Bounds":[76.72799682617188,721.1031951904297,214.52447509765625,730.5582427978516],"ClipBounds":[76.72799682617188,721.1031951904297,214.52447509765625,730.5582427978516],"Font":{"alt_family_name":"Arial","embedded":true,"encoding":"WinAnsiEncoding","family_name":"Arial MT","font_type":"TrueType","italic":false,"monospaced":false,"name":"WPENBV+ArialMT","subset":true,"weight":400},"HasClip":true,"Page":0,"Path":"//Document/Sect/P/Sub[2]","Text":"3741 Glory Road, Jamestown, ","TextSize":10.080001831054688,"attributes":{"Placement":"Block"},"elementId":2},{"Bounds":[76.72799682617188,708.1132049560547,155.30166625976562,717.5682373046875],"ClipBounds":[76.72799682617188,708.1132049560547,155.30166625976562,717.5682373046875],"Font":{"alt_family_name":"Arial","embedded":true,"encoding":"WinAnsiEncoding","family_name":"Arial MT","font_type":"TrueType","italic":false,"monospaced":false,"name":"WPENBV+ArialMT","subset":true,"weight":400},"HasClip":true,"Page":0,"Path":"//Document/Sect/P/Sub[3]","Text":"Tennessee, USA ","TextSize":10.080001831054688,"attributes":{"Placement":"Block"},"elementId":3},{"Bounds":[76.72799682617188,694.7931976318359,107.43167114257812,704.2482452392578],"ClipBounds":[76.72799682617188,694.7931976318359,107.43167114257812,704.2482452392578],"Font":{"alt_family_name":"Arial","embedded":true,"encoding":"WinAnsiEncoding","family_name":"Arial MT","font_type":"TrueType","italic":false,"monospaced":false,"name":"WPENBV+ArialMT","subset":true,"weight":400},"HasClip":true,"Page":0,"Path":"//Document/Sect/P/Sub[4]","Text":"38556 ","TextSize":10.080001831054688,"attributes":{"Placement":"Block"},"elementId":4},{"Bounds":[372.4600067138672,721.1031951904297,543.1819152832031,730.5582427978516],"ClipBounds":[372.4600067138672,721.1031951904297,543.1819152832031,730.5582427978516],"Font":{"alt_family_name":"Arial","embedded":true,"encoding":"WinAnsiEncoding","family_name":"Arial","font_type":"TrueType","italic":false,"monospaced":false,"name":"LORZDR+Arial-BoldMT","subset":true,"weight":700},"HasClip":true,"Page":0,"Path":"//Document/Sect/P[2]/Sub","Text":"Invoice# MK11467CXXWJ5REOQ45 ","TextSize":10.080001831054688,"attributes":{"Placement":"Block"},"elementId":5},{"Bounds":[491.3300018310547,708.1132049560547,543.2117614746094,717.5682373046875],"ClipBounds":[491.3300018310547,708.1132049560547,543.2117614746094,717.5682373046875],"Font":{"alt_family_name":"Arial","embedded":true,"encoding":"WinAnsiEncoding","family_name":"Arial","font_type":"TrueType","italic":false,"monospaced":false,"name":"LORZDR+Arial-BoldMT","subset":true,"weight":700},"HasClip":true,"Page":0,"Path":"//Document/Sect/P[2]/Sub[2]","Text":"Issue date ","TextSize":10.080001831054688,"attributes":{"Placement":"Block"},"elementId":6},{"Bounds":[489.1699981689453,694.7931976318359,543.3080749511719,704.2482452392578],"ClipBounds":[489.1699981689453,694.7931976318359,543.3080749511719,704.2482452392578],"Font":{"alt_family_name":"Arial","embedded":true,"encoding":"WinAnsiEncoding","family_name":"Arial MT","font_type":"TrueType","italic":false,"monospaced":false,"name":"WPENBV+ArialMT","subset":true,"weight":400},"HasClip":true,"Page":0,"Path":"//Document/Sect/P[2]/Sub[3]","Text":"12-05-2023 ","TextSize":10.080001831054688,"attributes":{"Placement":"Block"},"elementId":7},{"Bounds":[76.72799682617188,649.9085540771484,295.7052459716797,673.2309875488281],"ClipBounds":[76.72799682617188,649.9085540771484,295.7052459716797,673.2309875488281],"Font":{"alt_family_name":"Arial","embedded":true,"encoding":"WinAnsiEncoding","family_name":"Arial MT","font_type":"TrueType","italic":false,"monospaced":false,"name":"WPENBV+ArialMT","subset":true,"weight":400},"HasClip":true,"Lang":"en","Page":0,"Path":"//Document/Sect/Title","Text":"NearBy Electronics ","TextSize":24.863998413085938,"attributes":{"LineHeight":29.875,"SpaceAfter":7},"elementId":8},{"Bounds":[76.72799682617188,633.9331970214844,460.8868713378906,643.3882446289062],"ClipBounds":[76.72799682617188,633.9331970214844,460.8868713378906,643.3882446289062],"Font":{"alt_family_name":"Arial","embedded":true,"encoding":"WinAnsiEncoding","family_name":"Arial MT","font_type":"TrueType","italic":false,"monospaced":false,"name":"WPENBV+ArialMT","subset":true,"weight":400},"HasClip":true,"Lang":"en","Page":0,"Path":"//Document/Sect/P[3]","Text":"We are here to serve you better. Reach out to us in case of any concern or feedbacks. ","TextSize":10.080001831054688,"attributes":{"SpaceAfter":18},"elementId":9},{"Bounds":[81.04800415039062,514.7232055664062,513.0480804443359,590.438232421875],"ClipBounds":[81.04800415039062,514.7232055664062,513.0480804443359,590.438232421875],"Page":0,"Path":"//Document/Sect/Table","attributes":{"BBox":[80.99669999999969,516.8509999999951,558.2169999999751,588.9679999999935],"NumCol":3,"NumRow":2,"Placement":"Block","SpaceAfter":18},"filePaths":["tables/fileoutpart0.xlsx","tables/fileoutpart1.png"],"elementId":10},{"Bounds":[81.04800415039062,580.9832000732422,122.99087524414062,590.438232421875],"ClipBounds":[81.04800415039062,580.9832000732422,122.99087524414062,590.438232421875],"Page":0,"Path":"//Document/Sect/Table/TR/TH","attributes":{"BBox":[80.99669999999969,580.3289999999979,219.59099999999307,588.9679999999935],"BlockAlign":"Before","ColIndex":0,"Height":8.625,"InlineAlign":"Start","RowIndex":0,"Width":138.625},"elementId":11},{"Bounds":[81.04800415039062,580.9832000732422,122.99087524414062,590.438232421875],"ClipBounds":[81.04800415039062,580.9832000732422,122.99087524414062,590.438232421875],"Font":{"alt_family_name":"Arial","embedded":true,"encoding":"WinAnsiEncoding","family_name":"Arial","font_type":"TrueType","italic":false,"monospaced":false,"name":"LORZDR+Arial-BoldMT","subset":true,"weight":700},"HasClip":true,"Lang":"en","Page":0,"Path":"//Document/Sect/Table/TR/TH/P","Text":"BILL TO ","TextSize":10.080001831054688,"attributes":{"LineHeight":12.125},"elementId":12},{"Bounds":[240.25999450683594,580.9832000732422,286.1240692138672,590.438232421875],"ClipBounds":[240.25999450683594,580.9832000732422,286.1240692138672,590.438232421875],"Page":0,"Path":"//Document/Sect/Table/TR/TH[2]","attributes":{"BBox":[219.59099999999307,580.3289999999979,359.2649999999994,588.9679999999935],"BlockAlign":"Before","ColIndex":1,"Height":8.625,"InlineAlign":"Start","RowIndex":0,"Width":139.625},"elementId":13},{"Bounds":[240.25999450683594,580.9832000732422,286.1240692138672,590.438232421875],"ClipBounds":[240.25999450683594,580.9832000732422,286.1240692138672,590.438232421875],"Font":{"alt_family_name":"Arial","embedded":true,"encoding":"WinAnsiEncoding","family_name":"Arial","font_type":"TrueType","italic":false,"monospaced":false,"name":"LORZDR+Arial-BoldMT","subset":true,"weight":700},"HasClip":true,"Lang":"en","Page":0,"Path":"//Document/Sect/Table/TR/TH[2]/P","Text":"DETAILS ","TextSize":10.080001831054688,"attributes":{"LineHeight":12.125},"elementId":14},{"Bounds":[412.8000030517578,580.9832000732422,464.58103942871094,590.438232421875],"ClipBounds":[412.8000030517578,580.9832000732422,464.58103942871094,590.438232421875],"Page":0,"Path":"//Document/Sect/Table/TR/TH[3]","attributes":{"BBox":[359.2649999999994,580.3289999999979,558.2169999999751,588.9679999999935],"BlockAlign":"Before","ColIndex":2,"Height":8.625,"InlineAlign":"Center","RowIndex":0,"Width":199},"elementId":15},{"Bounds":[412.8000030517578,580.9832000732422,464.58103942871094,590.438232421875],"ClipBounds":[412.8000030517578,580.9832000732422,464.58103942871094,590.438232421875],"Font":{"alt_family_name":"Arial","embedded":true,"encoding":"WinAnsiEncoding","family_name":"Arial","font_type":"TrueType","italic":false,"monospaced":false,"name":"LORZDR+Arial-BoldMT","subset":true,"weight":700},"HasClip":true,"Lang":"en","Page":0,"Path":"//Document/Sect/Table/TR/TH[3]/P","Text":"PAYMENT ","TextSize":10.080001831054688,"attributes":{"LineHeight":12.125},"elementId":16},{"Bounds":[81.04800415039062,514.7232055664062,201.92727661132812,577.1182403564453],"ClipBounds":[81.04800415039062,514.7232055664062,201.92727661132812,577.1182403564453],"Page":0,"Path":"//Document/Sect/Table/TR[2]/TD","attributes":{"BBox":[80.99669999999969,516.8509999999951,219.59099999999307,580.3289999999979],"BlockAlign":"After","ColIndex":0,"Height":63.5,"InlineAlign":"Start","RowIndex":1,"Width":138.625},"elementId":17},{"Bounds":[81.04800415039062,567.6631927490234,146.4167938232422,577.1182403564453],"ClipBounds":[81.04800415039062,567.6631927490234,146.4167938232422,577.1182403564453],"Font":{"alt_family_name":"Arial","embedded":true,"encoding":"WinAnsiEncoding","family_name":"Arial MT","font_type":"TrueType","italic":false,"monospaced":false,"name":"WPENBV+ArialMT","subset":true,"weight":400},"HasClip":true,"Page":0,"Path":"//Document/Sect/Table/TR[2]/TD/P/Sub","Text":"Cary Zboncak ","TextSize":10.080001831054688,"attributes":{"Placement":"Block"},"elementId":18},{"Bounds":[81.04800415039062,554.6831970214844,201.92727661132812,564.1382446289062],"ClipBounds":[81.04800415039062,554.6831970214844,201.92727661132812,564.1382446289062],"Font":{"alt_family_name":"Arial","embedded":true,"encoding":"WinAnsiEncoding","family_name":"Arial MT","font_type":"TrueType","italic":false,"monospaced":false,"name":"WPENBV+ArialMT","subset":true,"weight":400},"HasClip":true,"Page":0,"Path":"//Document/Sect/Table/TR[2]/TD/P/Sub[2]","Text":"Cary.Zboncak@gmail.com ","TextSize":10.080001831054688,"attributes":{"Placement":"Block"},"elementId":19},{"Bounds":[81.04800415039062,541.3632049560547,146.34808349609375,550.8182373046875],"ClipBounds":[81.04800415039062,541.3632049560547,146.34808349609375,550.8182373046875],"Font":{"alt_family_name":"Arial","embedded":true,"encoding":"WinAnsiEncoding","family_name":"Arial MT","font_type":"TrueType","italic":false,"monospaced":false,"name":"WPENBV+ArialMT","subset":true,"weight":400},"HasClip":true,"Page":0,"Path":"//Document/Sect/Table/TR[2]/TD/P/Sub[3]","Text":"741-215-8162 ","TextSize":10.080001831054688,"attributes":{"Placement":"Block"},"elementId":20},{"Bounds":[81.04800415039062,528.0431976318359,169.43951416015625,537.4982452392578],"ClipBounds":[81.04800415039062,528.0431976318359,169.43951416015625,537.4982452392578],"Font":{"alt_family_name":"Arial","embedded":true,"encoding":"WinAnsiEncoding","family_name":"Arial MT","font_type":"TrueType","italic":false,"monospaced":false,"name":"WPENBV+ArialMT","subset":true,"weight":400},"HasClip":true,"Page":0,"Path":"//Document/Sect/Table/TR[2]/TD/P/Sub[4]","Text":"8236 O'Hara Glens ","TextSize":10.080001831054688,"attributes":{"Placement":"Block"},"elementId":21},{"Bounds":[81.04800415039062,514.7232055664062,152.75711059570312,524.1782379150391],"ClipBounds":[81.04800415039062,514.7232055664062,152.75711059570312,524.1782379150391],"Font":{"alt_family_name":"Arial","embedded":true,"encoding":"WinAnsiEncoding","family_name":"Arial MT","font_type":"TrueType","italic":false,"monospaced":false,"name":"WPENBV+ArialMT","subset":true,"weight":400},"HasClip":true,"Page":0,"Path":"//Document/Sect/Table/TR[2]/TD/P/Sub[5]","Text":"Moutsamoudou ","TextSize":10.080001831054688,"attributes":{"Placement":"Block"},"elementId":22},{"Bounds":[240.25999450683594,554.6831970214844,347.1584014892578,577.1182403564453],"ClipBounds":[240.25999450683594,554.6831970214844,347.1584014892578,577.1182403564453],"Page":0,"Path":"//Document/Sect/Table/TR[2]/TD[2]","attributes":{"BBox":[219.59099999999307,516.8509999999951,359.2649999999994,580.3289999999979],"BlockAlign":"Before","ColIndex":1,"Height":63.5,"InlineAlign":"Start","RowIndex":1,"Width":139.625},"elementId":23},{"Bounds":[240.25999450683594,554.6831970214844,347.1584014892578,577.1182403564453],"ClipBounds":[240.25999450683594,554.6831970214844,347.1584014892578,577.1182403564453],"Font":{"alt_family_name":"Arial","embedded":true,"encoding":"WinAnsiEncoding","family_name":"Arial MT","font_type":"TrueType","italic":false,"monospaced":false,"name":"WPENBV+ArialMT","subset":true,"weight":400},"HasClip":true,"Lang":"en","Page":0,"Path":"//Document/Sect/Table/TR[2]/TD[2]/P","Text":"et officia nostrud dolore cillum ","TextSize":10.080001831054688,"attributes":{"LineHeight":13},"elementId":24},{"Bounds":[410.63999938964844,535.3764038085938,513.0480804443359,577.1182403564453],"ClipBounds":[410.63999938964844,535.3764038085938,513.0480804443359,577.1182403564453],"Page":0,"Path":"//Document/Sect/Table/TR[2]/TD[3]","attributes":{"BBox":[359.2649999999994,516.8509999999951,558.2169999999751,580.3289999999979],"BlockAlign":"Before","ColIndex":2,"Height":63.5,"InlineAlign":"Start","RowIndex":1,"Width":199},"elementId":25},{"Bounds":[412.8000030517578,567.6631927490234,513.0480804443359,577.1182403564453],"ClipBounds":[412.8000030517578,567.6631927490234,513.0480804443359,577.1182403564453],"Font":{"alt_family_name":"Arial","embedded":true,"encoding":"WinAnsiEncoding","family_name":"Arial MT","font_type":"TrueType","italic":false,"monospaced":false,"name":"WPENBV+ArialMT","subset":true,"weight":400},"HasClip":true,"Lang":"en","Page":0,"Path":"//Document/Sect/Table/TR[2]/TD[3]/P","Text":"Due date: 08-07-2023 ","TextSize":10.080001831054688,"attributes":{"LineHeight":12.125},"elementId":26},{"Bounds":[410.63999938964844,535.3764038085938,459.87107849121094,545.844482421875],"ClipBounds":[410.63999938964844,535.3764038085938,459.87107849121094,545.844482421875],"Font":{"alt_family_name":"Arial","embedded":true,"encoding":"WinAnsiEncoding","family_name":"Arial","font_type":"TrueType","italic":false,"monospaced":false,"name":"LORZDR+Arial-BoldMT","subset":true,"weight":700},"HasClip":true,"Lang":"en","Page":0,"Path":"//Document/Sect/Table/TR[2]/TD[3]/P[2]","Text":"$17437.2 ","TextSize":11.160003662109375,"attributes":{"LineHeight":13.375},"elementId":27},{"Bounds":[77.447998046875,443.033203125,530.1510314941406,452.4882354736328],"ClipBounds":[77.447998046875,443.033203125,530.1510314941406,452.4882354736328],"Page":0,"Path":"//Document/Sect/Table[2]","attributes":{"BBox":[71.5170999999973,428.17499999998836,540.9379999999946,460.93299999999],"NumCol":4,"Placement":"Block","SpaceAfter":18},"filePaths":["tables/fileoutpart2.xlsx","tables/fileoutpart3.png"],"elementId":28},{"Bounds":[77.447998046875,443.033203125,104.47239685058594,452.4882354736328],"ClipBounds":[77.447998046875,443.033203125,104.47239685058594,452.4882354736328],"Page":0,"Path":"//Document/Sect/Table[2]/TR/TD","attributes":{"BBox":[71.5170999999973,427.33499999999185,358.78499999998894,460.93299999999],"BlockAlign":"Middle","BorderColor":[[0,0,0],[0.6235349999999755,0.6235349999999755,0.6235349999999755],[0,0,0],[0,0,0]],"BorderStyle":"Solid","BorderThickness":[0.625,0.875,0.5,0.25],"ColIndex":0,"Height":33.625,"InlineAlign":"Start","RowIndex":0,"Width":287.25},"elementId":29},{"Bounds":[77.447998046875,443.033203125,104.47239685058594,452.4882354736328],"ClipBounds":[77.447998046875,443.033203125,104.47239685058594,452.4882354736328],"Font":{"alt_family_name":"Arial","embedded":true,"encoding":"WinAnsiEncoding","family_name":"Arial","font_type":"TrueType","italic":false,"monospaced":false,"name":"LORZDR+Arial-BoldMT","subset":true,"weight":700},"HasClip":true,"Lang":"en","Page":0,"Path":"//Document/Sect/Table[2]/TR/TD/P","Text":"ITEM ","TextSize":10.080001831054688,"attributes":{"LineHeight":12.125},"elementId":30},{"Bounds":[363.1000061035156,443.033203125,386.6570281982422,452.4882354736328],"ClipBounds":[363.1000061035156,443.033203125,386.6570281982422,452.4882354736328],"Page":0,"Path":"//Document/Sect/Table[2]/TR/TD[2]","attributes":{"BBox":[358.304999999993,427.33499999999185,415.6629999999859,460.93299999999],"BlockAlign":"Middle","BorderColor":[[0,0,0],[0.6235349999999755,0.6235349999999755,0.6235349999999755],[0,0,0],[0,0,0]],"BorderStyle":"Solid","BorderThickness":[0.625,0.875,0.25,0.25],"ColIndex":1,"Height":33.625,"InlineAlign":"Start","RowIndex":0,"Width":57.375},"elementId":31},{"Bounds":[363.1000061035156,443.033203125,386.6570281982422,452.4882354736328],"ClipBounds":[363.1000061035156,443.033203125,386.6570281982422,452.4882354736328],"Font":{"alt_family_name":"Arial","embedded":true,"encoding":"WinAnsiEncoding","family_name":"Arial","font_type":"TrueType","italic":false,"monospaced":false,"name":"LORZDR+Arial-BoldMT","subset":true,"weight":700},"HasClip":true,"Lang":"en","Page":0,"Path":"//Document/Sect/Table[2]/TR/TD[2]/P","Text":"QTY ","TextSize":10.080001831054688,"attributes":{"LineHeight":12.125},"elementId":32},{"Bounds":[420.3800048828125,443.033203125,450.7712707519531,452.4882354736328],"ClipBounds":[420.3800048828125,443.033203125,450.7712707519531,452.4882354736328],"Page":0,"Path":"//Document/Sect/Table[2]/TR/TD[3]","attributes":{"BBox":[415.18299999999,427.33499999999185,481.8999999999942,460.93299999999],"BlockAlign":"Middle","BorderColor":[[0,0,0],[0.6235349999999755,0.6235349999999755,0.6235349999999755],[0,0,0],[0,0,0]],"BorderStyle":"Solid","BorderThickness":[0.625,0.875,0.25,0.25],"ColIndex":2,"Height":33.625,"InlineAlign":"Start","RowIndex":0,"Width":66.75},"elementId":33},{"Bounds":[420.3800048828125,443.033203125,450.7712707519531,452.4882354736328],"ClipBounds":[420.3800048828125,443.033203125,450.7712707519531,452.4882354736328],"Font":{"alt_family_name":"Arial","embedded":true,"encoding":"WinAnsiEncoding","family_name":"Arial","font_type":"TrueType","italic":false,"monospaced":false,"name":"LORZDR+Arial-BoldMT","subset":true,"weight":700},"HasClip":true,"Lang":"en","Page":0,"Path":"//Document/Sect/Table[2]/TR/TD[3]/P","Text":"RATE ","TextSize":10.080001831054688,"attributes":{"LineHeight":12.125},"elementId":34},{"Bounds":[483.4100036621094,443.033203125,530.1510314941406,452.4882354736328],"ClipBounds":[483.4100036621094,443.033203125,530.1510314941406,452.4882354736328],"Page":0,"Path":"//Document/Sect/Table[2]/TR/TD[4]","attributes":{"BBox":[481.41999999999825,427.33499999999185,541.417999999976,460.93299999999],"BlockAlign":"Middle","BorderColor":[[0,0,0],[0.6235349999999755,0.6235349999999755,0.6235349999999755],[0,0,0],[0,0,0]],"BorderStyle":"Solid","BorderThickness":[0.625,0.875,0.25,0.5],"ColIndex":3,"Height":33.625,"InlineAlign":"Start","RowIndex":0,"Width":60},"elementId":35},{"Bounds":[483.4100036621094,443.033203125,530.1510314941406,452.4882354736328],"ClipBounds":[483.4100036621094,443.033203125,530.1510314941406,452.4882354736328],"Font":{"alt_family_name":"Arial","embedded":true,"encoding":"WinAnsiEncoding","family_name":"Arial","font_type":"TrueType","italic":false,"monospaced":false,"name":"LORZDR+Arial-BoldMT","subset":true,"weight":700},"HasClip":true,"Lang":"en","Page":0,"Path":"//Document/Sect/Table[2]/TR/TD[4]/P","Text":"AMOUNT ","TextSize":10.080001831054688,"attributes":{"LineHeight":12.125},"elementId":36},{"Bounds":[77.447998046875,340.38319396972656,517.7280731201172,416.8482360839844],"ClipBounds":[77.447998046875,340.38319396972656,517.7280731201172,416.8482360839844],"Page":0,"Path":"//Document/Sect/Table[3]","attributes":{"BBox":[71.5170999999973,323.1789999999892,540.9379999999946,424.9349999999977],"NumCol":4,"NumRow":3,"Placement":"Block","SpaceAfter":18},"filePaths":["tables/fileoutpart4.xlsx","tables/fileoutpart5.png"],"elementId":37},{"Bounds":[77.447998046875,407.39320373535156,199.97039794921875,416.8482360839844],"ClipBounds":[77.447998046875,407.39320373535156,199.97039794921875,416.8482360839844],"Page":0,"Path":"//Document/Sect/Table[3]/TR/TD","attributes":{"BBox":[71.5170999999973,389.29599999998754,358.0649999999878,424.9349999999977],"BlockAlign":"Before","BorderColor":[0,0,0],"BorderStyle":"Solid","BorderThickness":[0.625,0.25,0.5,0.25],"ColIndex":0,"Height":35.625,"InlineAlign":"Start","RowIndex":0,"Width":286.375},"elementId":38},{"Bounds":[77.447998046875,407.39320373535156,199.97039794921875,416.8482360839844],"ClipBounds":[77.447998046875,407.39320373535156,199.97039794921875,416.8482360839844],"Font":{"alt_family_name":"Arial","embedded":true,"encoding":"WinAnsiEncoding","family_name":"Arial MT","font_type":"TrueType","italic":false,"monospaced":false,"name":"WPENBV+ArialMT","subset":true,"weight":400},"HasClip":true,"Lang":"en","Page":0,"Path":"//Document/Sect/Table[3]/TR/TD/P","Text":"Practical Frozen Sausages ","TextSize":10.080001831054688,"attributes":{"LineHeight":12.125},"elementId":39},{"Bounds":[363.82000732421875,407.39320373535156,378.3000030517578,416.8482360839844],"ClipBounds":[363.82000732421875,407.39320373535156,378.3000030517578,416.8482360839844],"Page":0,"Path":"//Document/Sect/Table[3]/TR/TD[2]","attributes":{"BBox":[357.58499999999185,389.29599999998754,414.22299999999814,424.9349999999977],"BlockAlign":"Before","BorderColor":[0,0,0],"BorderStyle":"Solid","BorderThickness":[0.625,0.25,0.25,0.25],"ColIndex":1,"Height":35.625,"InlineAlign":"Start","RowIndex":0,"Width":56.625},"elementId":40},{"Bounds":[363.82000732421875,407.39320373535156,378.3000030517578,416.8482360839844],"ClipBounds":[363.82000732421875,407.39320373535156,378.3000030517578,416.8482360839844],"Font":{"alt_family_name":"Arial","embedded":true,"encoding":"WinAnsiEncoding","family_name":"Arial MT","font_type":"TrueType","italic":false,"monospaced":false,"name":"WPENBV+ArialMT","subset":true,"weight":400},"HasClip":true,"Lang":"en","Page":0,"Path":"//Document/Sect/Table[3]/TR/TD[2]/P","Text":"87 ","TextSize":10.080001831054688,"attributes":{"LineHeight":12.125},"elementId":41},{"Bounds":[420.3800048828125,407.39320373535156,434.86000061035156,416.8482360839844],"ClipBounds":[420.3800048828125,407.39320373535156,434.86000061035156,416.8482360839844],"Page":0,"Path":"//Document/Sect/Table[3]/TR/TD[3]","attributes":{"BBox":[413.74299999998766,389.29599999998754,481.8999999999942,424.9349999999977],"BlockAlign":"Before","BorderColor":[0,0,0],"BorderStyle":"Solid","BorderThickness":[0.625,0.25,0.25,0.25],"ColIndex":2,"Height":35.625,"InlineAlign":"Start","RowIndex":0,"Width":68.125},"elementId":42},{"Bounds":[420.3800048828125,407.39320373535156,434.86000061035156,416.8482360839844],"ClipBounds":[420.3800048828125,407.39320373535156,434.86000061035156,416.8482360839844],"Font":{"alt_family_name":"Arial","embedded":true,"encoding":"WinAnsiEncoding","family_name":"Arial MT","font_type":"TrueType","italic":false,"monospaced":false,"name":"WPENBV+ArialMT","subset":true,"weight":400},"HasClip":true,"Lang":"en","Page":0,"Path":"//Document/Sect/Table[3]/TR/TD[3]/P","Text":"94 ","TextSize":10.080001831054688,"attributes":{"LineHeight":12.125},"elementId":43},{"Bounds":[487.00999450683594,407.39320373535156,517.7280731201172,416.8482360839844],"ClipBounds":[487.00999450683594,407.39320373535156,517.7280731201172,416.8482360839844],"Page":0,"Path":"//Document/Sect/Table[3]/TR/TD[4]","attributes":{"BBox":[481.41999999999825,389.29599999998754,541.417999999976,424.9349999999977],"BlockAlign":"Before","BorderColor":[0,0,0],"BorderStyle":"Solid","BorderThickness":[0.625,0.25,0.25,0.5],"ColIndex":3,"Height":35.625,"InlineAlign":"Start","RowIndex":0,"Width":60},"elementId":44},{"Bounds":[487.00999450683594,407.39320373535156,517.7280731201172,416.8482360839844],"ClipBounds":[487.00999450683594,407.39320373535156,517.7280731201172,416.8482360839844],"Font":{"alt_family_name":"Arial","embedded":true,"encoding":"WinAnsiEncoding","family_name":"Arial MT","font_type":"TrueType","italic":false,"monospaced":false,"name":"WPENBV+ArialMT","subset":true,"weight":400},"HasClip":true,"Lang":"en","Page":0,"Path":"//Document/Sect/Table[3]/TR/TD[4]/P","Text":"$8178 ","TextSize":10.080001831054688,"attributes":{"LineHeight":12.125},"elementId":45},{"Bounds":[77.447998046875,373.89320373535156,188.70095825195312,383.3482360839844],"ClipBounds":[77.447998046875,373.89320373535156,188.70095825195312,383.3482360839844],"Page":0,"Path":"//Document/Sect/Table[3]/TR[2]/TD","attributes":{"BBox":[71.5170999999973,357.61799999998766,358.0649999999878,389.775999999998],"BlockAlign":"Before","BorderColor":[0,0,0],"BorderStyle":"Solid","BorderThickness":[0.25,0.25,0.5,0.25],"ColIndex":0,"Height":32.125,"InlineAlign":"Start","RowIndex":1,"Width":286.375},"elementId":46},{"Bounds":[77.447998046875,373.89320373535156,188.70095825195312,383.3482360839844],"ClipBounds":[77.447998046875,373.89320373535156,188.70095825195312,383.3482360839844],"Font":{"alt_family_name":"Arial","embedded":true,"encoding":"WinAnsiEncoding","family_name":"Arial MT","font_type":"TrueType","italic":false,"monospaced":false,"name":"WPENBV+ArialMT","subset":true,"weight":400},"HasClip":true,"Lang":"en","Page":0,"Path":"//Document/Sect/Table[3]/TR[2]/TD/P","Text":"Rustic Concrete Cheese ","TextSize":10.080001831054688,"attributes":{"LineHeight":12.125},"elementId":47},{"Bounds":[363.82000732421875,373.89320373535156,383.3751983642578,383.3482360839844],"ClipBounds":[363.82000732421875,373.89320373535156,383.3751983642578,383.3482360839844],"Page":0,"Path":"//Document/Sect/Table[3]/TR[2]/TD[2]","attributes":{"BBox":[357.58499999999185,357.61799999998766,414.22299999999814,389.775999999998],"BlockAlign":"Before","BorderColor":[0,0,0],"BorderStyle":"Solid","BorderThickness":0.25,"ColIndex":1,"Height":32.125,"InlineAlign":"Start","RowIndex":1,"Width":56.625},"elementId":48},{"Bounds":[363.82000732421875,373.89320373535156,383.3751983642578,383.3482360839844],"ClipBounds":[363.82000732421875,373.89320373535156,383.3751983642578,383.3482360839844],"Font":{"alt_family_name":"Arial","embedded":true,"encoding":"WinAnsiEncoding","family_name":"Arial MT","font_type":"TrueType","italic":false,"monospaced":false,"name":"WPENBV+ArialMT","subset":true,"weight":400},"HasClip":true,"Lang":"en","Page":0,"Path":"//Document/Sect/Table[3]/TR[2]/TD[2]/P","Text":"122 ","TextSize":10.080001831054688,"attributes":{"LineHeight":12.125},"elementId":49},{"Bounds":[420.3800048828125,373.89320373535156,434.86000061035156,383.3482360839844],"ClipBounds":[420.3800048828125,373.89320373535156,434.86000061035156,383.3482360839844],"Page":0,"Path":"//Document/Sect/Table[3]/TR[2]/TD[3]","attributes":{"BBox":[413.74299999998766,357.61799999998766,481.8999999999942,389.775999999998],"BlockAlign":"Before","BorderColor":[0,0,0],"BorderStyle":"Solid","BorderThickness":0.25,"ColIndex":2,"Height":32.125,"InlineAlign":"Start","RowIndex":1,"Width":68.125},"elementId":50},{"Bounds":[420.3800048828125,373.89320373535156,434.86000061035156,383.3482360839844],"ClipBounds":[420.3800048828125,373.89320373535156,434.86000061035156,383.3482360839844],"Font":{"alt_family_name":"Arial","embedded":true,"encoding":"WinAnsiEncoding","family_name":"Arial MT","font_type":"TrueType","italic":false,"monospaced":false,"name":"WPENBV+ArialMT","subset":true,"weight":400},"HasClip":true,"Lang":"en","Page":0,"Path":"//Document/Sect/Table[3]/TR[2]/TD[3]/P","Text":"45 ","TextSize":10.080001831054688,"attributes":{"LineHeight":12.125},"elementId":51},{"Bounds":[487.00999450683594,373.89320373535156,517.7280731201172,383.3482360839844],"ClipBounds":[487.00999450683594,373.89320373535156,517.7280731201172,383.3482360839844],"Page":0,"Path":"//Document/Sect/Table[3]/TR[2]/TD[4]","attributes":{"BBox":[481.41999999999825,357.61799999998766,541.417999999976,389.775999999998],"BlockAlign":"Before","BorderColor":[0,0,0],"BorderStyle":"Solid","BorderThickness":[0.25,0.25,0.25,0.5],"ColIndex":3,"Height":32.125,"InlineAlign":"Start","RowIndex":1,"Width":60},"elementId":52},{"Bounds":[487.00999450683594,373.89320373535156,517.7280731201172,383.3482360839844],"ClipBounds":[487.00999450683594,373.89320373535156,517.7280731201172,383.3482360839844],"Font":{"alt_family_name":"Arial","embedded":true,"encoding":"WinAnsiEncoding","family_name":"Arial MT","font_type":"TrueType","italic":false,"monospaced":false,"name":"WPENBV+ArialMT","subset":true,"weight":400},"HasClip":true,"Lang":"en","Page":0,"Path":"//Document/Sect/Table[3]/TR[2]/TD[4]/P","Text":"$5490 ","TextSize":10.080001831054688,"attributes":{"LineHeight":12.125},"elementId":53},{"Bounds":[77.447998046875,340.38319396972656,153.8846435546875,349.83824157714844],"ClipBounds":[77.447998046875,340.38319396972656,153.8846435546875,349.83824157714844],"Page":0,"Path":"//Document/Sect/Table[3]/TR[3]/TD","attributes":{"BBox":[71.5170999999973,322.5789999999979,358.0649999999878,358.09799999999814],"BlockAlign":"Middle","BorderColor":[0,0,0],"BorderStyle":"Solid","BorderThickness":[0.25,0.625,0.5,0.25],"ColIndex":0,"Height":35.5,"InlineAlign":"Start","RowIndex":2,"Width":286.375},"elementId":54},{"Bounds":[77.447998046875,340.38319396972656,153.8846435546875,349.83824157714844],"ClipBounds":[77.447998046875,340.38319396972656,153.8846435546875,349.83824157714844],"Font":{"alt_family_name":"Arial","embedded":true,"encoding":"WinAnsiEncoding","family_name":"Arial MT","font_type":"TrueType","italic":false,"monospaced":false,"name":"WPENBV+ArialMT","subset":true,"weight":400},"HasClip":true,"Lang":"en","Page":0,"Path":"//Document/Sect/Table[3]/TR[3]/TD/P","Text":"Refined Soft Hat ","TextSize":10.080001831054688,"attributes":{"LineHeight":12.125},"elementId":55},{"Bounds":[363.82000732421875,340.38319396972656,378.3000030517578,349.83824157714844],"ClipBounds":[363.82000732421875,340.38319396972656,378.3000030517578,349.83824157714844],"Page":0,"Path":"//Document/Sect/Table[3]/TR[3]/TD[2]","attributes":{"BBox":[357.58499999999185,322.5789999999979,414.22299999999814,358.09799999999814],"BlockAlign":"Middle","BorderColor":[0,0,0],"BorderStyle":"Solid","BorderThickness":[0.25,0.625,0.25,0.25],"ColIndex":1,"Height":35.5,"InlineAlign":"Start","RowIndex":2,"Width":56.625},"elementId":56},{"Bounds":[363.82000732421875,340.38319396972656,378.3000030517578,349.83824157714844],"ClipBounds":[363.82000732421875,340.38319396972656,378.3000030517578,349.83824157714844],"Font":{"alt_family_name":"Arial","embedded":true,"encoding":"WinAnsiEncoding","family_name":"Arial MT","font_type":"TrueType","italic":false,"monospaced":false,"name":"WPENBV+ArialMT","subset":true,"weight":400},"HasClip":true,"Lang":"en","Page":0,"Path":"//Document/Sect/Table[3]/TR[3]/TD[2]/P","Text":"56 ","TextSize":10.080001831054688,"attributes":{"LineHeight":12.125},"elementId":57},{"Bounds":[420.3800048828125,340.38319396972656,434.86000061035156,349.83824157714844],"ClipBounds":[420.3800048828125,340.38319396972656,434.86000061035156,349.83824157714844],"Page":0,"Path":"//Document/Sect/Table[3]/TR[3]/TD[3]","attributes":{"BBox":[413.74299999998766,322.5789999999979,481.8999999999942,358.09799999999814],"BlockAlign":"Middle","BorderColor":[0,0,0],"BorderStyle":"Solid","BorderThickness":[0.25,0.625,0.25,0.25],"ColIndex":2,"Height":35.5,"InlineAlign":"Start","RowIndex":2,"Width":68.125},"elementId":58},{"Bounds":[420.3800048828125,340.38319396972656,434.86000061035156,349.83824157714844],"ClipBounds":[420.3800048828125,340.38319396972656,434.86000061035156,349.83824157714844],"Font":{"alt_family_name":"Arial","embedded":true,"encoding":"WinAnsiEncoding","family_name":"Arial MT","font_type":"TrueType","italic":false,"monospaced":false,"name":"WPENBV+ArialMT","subset":true,"weight":400},"HasClip":true,"Lang":"en","Page":0,"Path":"//Document/Sect/Table[3]/TR[3]/TD[3]/P","Text":"39 ","TextSize":10.080001831054688,"attributes":{"LineHeight":12.125},"elementId":59},{"Bounds":[487.00999450683594,340.38319396972656,517.7280731201172,349.83824157714844],"ClipBounds":[487.00999450683594,340.38319396972656,517.7280731201172,349.83824157714844],"Page":0,"Path":"//Document/Sect/Table[3]/TR[3]/TD[4]","attributes":{"BBox":[481.41999999999825,322.5789999999979,541.417999999976,358.09799999999814],"BlockAlign":"Middle","BorderColor":[0,0,0],"BorderStyle":"Solid","BorderThickness":[0.25,0.625,0.25,0.5],"ColIndex":3,"Height":35.5,"InlineAlign":"Start","RowIndex":2,"Width":60},"elementId":60},{"Bounds":[487.00999450683594,340.38319396972656,517.7280731201172,349.83824157714844],"ClipBounds":[487.00999450683594,340.38319396972656,517.7280731201172,349.83824157714844],"Font":{"alt_family_name":"Arial","embedded":true,"encoding":"WinAnsiEncoding","family_name":"Arial MT","font_type":"TrueType","italic":false,"monospaced":false,"name":"WPENBV+ArialMT","subset":true,"weight":400},"HasClip":true,"Lang":"en","Page":0,"Path":"//Document/Sect/Table[3]/TR[3]/TD[4]/P","Text":"$2184 ","TextSize":10.080001831054688,"attributes":{"LineHeight":12.125},"elementId":61},{"Bounds":[77.447998046875,226.94320678710938,522.3792724609375,269.8982391357422],"ClipBounds":[77.447998046875,226.94320678710938,522.3792724609375,269.8982391357422],"Page":0,"Path":"//Document/Sect/Table[4]","attributes":{"BBox":[72.35709999999744,228.9829999999929,540.0979999999981,288.9799999999959],"NumCol":2,"NumRow":2,"Placement":"Block","SpaceAfter":18},"filePaths":["tables/fileoutpart6.xlsx","tables/fileoutpart7.png"],"elementId":62},{"Bounds":[77.447998046875,260.4432067871094,120.4593505859375,269.8982391357422],"ClipBounds":[77.447998046875,260.4432067871094,120.4593505859375,269.8982391357422],"Page":0,"Path":"//Document/Sect/Table[4]/TR/TD","attributes":{"BBox":[72.35709999999744,244.82199999999284,359.98499999998603,288.9799999999959],"BlockAlign":"Middle","BorderColor":[[0.6235349999999755,0.6235349999999755,0.6235349999999755],null,null,null],"BorderStyle":["Solid","None","None","None"],"BorderThickness":[0.875,0,0,0],"ColIndex":0,"Height":44.125,"InlineAlign":"Start","RowIndex":0,"Width":287.625},"elementId":63},{"Bounds":[77.447998046875,260.4432067871094,120.4593505859375,269.8982391357422],"ClipBounds":[77.447998046875,260.4432067871094,120.4593505859375,269.8982391357422],"Font":{"alt_family_name":"Arial","embedded":true,"encoding":"WinAnsiEncoding","family_name":"Arial","font_type":"TrueType","italic":false,"monospaced":false,"name":"LORZDR+Arial-BoldMT","subset":true,"weight":700},"HasClip":true,"Lang":"en","Page":0,"Path":"//Document/Sect/Table[4]/TR/TD/P","Text":"Subtotal ","TextSize":10.080001831054688,"attributes":{"LineHeight":12.125},"elementId":64},{"Bounds":[485.92999267578125,260.4432067871094,522.3792724609375,269.8982391357422],"ClipBounds":[485.92999267578125,260.4432067871094,522.3792724609375,269.8982391357422],"Page":0,"Path":"//Document/Sect/Table[4]/TR/TD[2]","attributes":{"BBox":[359.98499999998603,244.82199999999284,540.0979999999981,288.9799999999959],"BlockAlign":"Middle","BorderColor":[[0.6235349999999755,0.6235349999999755,0.6235349999999755],null,null,null],"BorderStyle":["Solid","None","None","None"],"BorderThickness":[0.875,0,0,0],"ColIndex":1,"Height":44.125,"InlineAlign":"End","RowIndex":0,"Width":180.125},"elementId":65},{"Bounds":[485.92999267578125,260.4432067871094,522.3792724609375,269.8982391357422],"ClipBounds":[485.92999267578125,260.4432067871094,522.3792724609375,269.8982391357422],"Font":{"alt_family_name":"Arial","embedded":true,"encoding":"WinAnsiEncoding","family_name":"Arial MT","font_type":"TrueType","italic":false,"monospaced":false,"name":"WPENBV+ArialMT","subset":true,"weight":400},"HasClip":true,"Lang":"en","Page":0,"Path":"//Document/Sect/Table[4]/TR/TD[2]/P","Text":"$15852 ","TextSize":10.080001831054688,"attributes":{"LineHeight":12.125},"elementId":66},{"Bounds":[77.447998046875,226.94320678710938,109.73143005371094,236.3982391357422],"ClipBounds":[77.447998046875,226.94320678710938,109.73143005371094,236.3982391357422],"Page":0,"Path":"//Document/Sect/Table[4]/TR[2]/TD","attributes":{"BBox":[72.35709999999744,228.9829999999929,359.98499999998603,244.82199999999284],"BlockAlign":"After","ColIndex":0,"Height":15.875,"InlineAlign":"Start","RowIndex":1,"Width":287.625},"elementId":67},{"Bounds":[77.447998046875,226.94320678710938,109.73143005371094,236.3982391357422],"ClipBounds":[77.447998046875,226.94320678710938,109.73143005371094,236.3982391357422],"Font":{"alt_family_name":"Arial","embedded":true,"encoding":"WinAnsiEncoding","family_name":"Arial","font_type":"TrueType","italic":false,"monospaced":false,"name":"LORZDR+Arial-BoldMT","subset":true,"weight":700},"HasClip":true,"Lang":"en","Page":0,"Path":"//Document/Sect/Table[4]/TR[2]/TD/P","Text":"Tax % ","TextSize":10.080001831054688,"attributes":{"LineHeight":12.125},"elementId":68},{"Bounds":[485.92999267578125,226.94320678710938,500.4100036621094,236.3982391357422],"ClipBounds":[485.92999267578125,226.94320678710938,500.4100036621094,236.3982391357422],"Page":0,"Path":"//Document/Sect/Table[4]/TR[2]/TD[2]","attributes":{"BBox":[359.98499999998603,228.9829999999929,540.0979999999981,244.82199999999284],"BlockAlign":"After","ColIndex":1,"Height":15.875,"InlineAlign":"End","RowIndex":1,"Width":180.125},"elementId":69},{"Bounds":[485.92999267578125,226.94320678710938,500.4100036621094,236.3982391357422],"ClipBounds":[485.92999267578125,226.94320678710938,500.4100036621094,236.3982391357422],"Font":{"alt_family_name":"Arial","embedded":true,"encoding":"WinAnsiEncoding","family_name":"Arial MT","font_type":"TrueType","italic":false,"monospaced":false,"name":"WPENBV+ArialMT","subset":true,"weight":400},"HasClip":true,"Lang":"en","Page":0,"Path":"//Document/Sect/Table[4]/TR[2]/TD[2]/P","Text":"10 ","TextSize":10.080001831054688,"attributes":{"LineHeight":12.125},"elementId":70},{"Bounds":[77.447998046875,129.3332061767578,126.14447021484375,138.78823852539062],"ClipBounds":[77.447998046875,129.3332061767578,126.14447021484375,138.78823852539062],"Font":{"alt_family_name":"Arial","embedded":true,"encoding":"WinAnsiEncoding","family_name":"Arial","font_type":"TrueType","italic":false,"monospaced":false,"name":"LORZDR+Arial-BoldMT","subset":true,"weight":700},"HasClip":true,"Lang":"en","Page":0,"Path":"//Document/Sect/P[4]","Text":"Total Due ","TextSize":10.080001831054688,"attributes":{"SpaceAfter":8.5},"elementId":71},{"Bounds":[485.92999267578125,127.39999389648438,526.1329956054688,135.8419952392578],"ClipBounds":[485.92999267578125,127.39999389648438,526.1329956054688,135.8419952392578],"Font":{"alt_family_name":"Arial","embedded":true,"encoding":"WinAnsiEncoding","family_name":"Arial MT","font_type":"TrueType","italic":false,"monospaced":false,"name":"WPENBV+ArialMT","subset":true,"weight":400},"HasClip":true,"Lang":"en","Page":0,"Path":"//Document/Sect/P[5]","Text":"$17437.2 ","TextSize":9,"attributes":{"LineHeight":10.75},"elementId":72}],"pages":[{"boxes":{"CropBox":[0,0,612,792],"MediaBox":[0,0,612,792]},"height":792,"is_scanned":false,"page_number":0,"rotation":0,"width":612}]}