{"version":{"json_export":"187","page_segmentation":"5","schema":"1.1.0","structure":"1.1036.0","table_structure":"5"},"extended_metadata":{"ID_instance":"B6 54 AC 38 3B B7 B2 11 0A 00 67 45 8B 6B C6 23 ","ID_permanent":"45 30 20 35 43 20 41 39 20 33 38 20 33 42 20 42 37 20 42 32 20 31 31 20 30 41 20 30 30 20 36 37 20 34 35 20 38 42 20 36 42 20 43 36 20 32 33 20 ","pdf_version":"1.6","pdfa_compliance_level":"","is_encrypted":false,"has_acroform":false,"is_digitally_signed":false,"pdfua_compliance_level":"","page_count":2,"has_embedded_files":false,"is_certified":false,"is_XFA":false,"language":"en-US"},"elements":[{"Bounds":[76.72799682617188,734.4232025146484,171.43968200683594,743.8782348632812],"ClipBounds":[76.72799682617188,734.4232025146484,171.43968200683594,743.8782348632812],"Font":{"alt_family_name":"Arial","embedded":true,"encoding":"WinAnsiEncoding","family_name":"Arial","font_type":"TrueType","italic":false,"monospaced":false,"name":"BUQGGL+Arial-BoldMT","subset":true,"weight":700},"HasClip":true,"Page":0,"Path":"//Document/Sect/P/Sub","Text":"NearBy Electronics ","TextSize":10.080001831054688,"attributes":{"Placement":"Block"},"elementId":1},{"Bounds":[76.72799682617188,721.1031951904297,214.52447509765625,730.5582427978516],"ClipBounds":[76.72799682617188,721.1031951904297,214.52447509765625,730.5582427978516],"Font":{"alt_family_name":"Arial","embedded":true,"encoding":"WinAnsiEncoding","family_name":"Arial MT","font_type":"TrueType","italic":false,"monospaced":false,"name":"LWOOQR+ArialMT","subset":true,"weight":400},"HasClip":true,"Page":0,"Path":"//Document/Sect/P/Sub[2]","Text":"3741 Glory Road, Jamestown, ","TextSize":10.080001831054688,"attributes":{"Placement":"Block"},"elementId":2},{"Bounds":[76.72799682617188,708.1132049560547,155.30166625976562,717.5682373046875],"ClipBounds":[76.72799682617188,708.1132049560547,155.30166625976562,717.5682373046875],"Font":{"alt_family_name":"Arial","embedded":true,"encoding":"WinAnsiEncoding","family_name":"Arial MT","font_type":"TrueType","italic":false,"monospaced":false,"name":"LWOOQR+ArialMT","subset":true,"weight":400},"HasClip":true,"Page":0,"Path":"//Document/Sect/P/Sub[3]","Text":"Tennessee, USA ","TextSize":10.080001831054688,"attributes":{"Placement":"Block"},"elementId":3},{"Bounds":[76.72799682617188,694.7931976318359,107.43167114257812,704.2482452392578],"ClipBounds":[76.72799682617188,694.7931976318359,107.43167114257812,704.2482452392578],"Font":{"alt_family_name":"Arial","embedded":true,"encoding":"WinAnsiEncoding","family_name":"Arial MT","font_type":"TrueType","italic":false,"monospaced":false,"name":"LWOOQR+ArialMT","subset":true,"weight":400},"HasClip":true,"Page":0,"Path":"//Document/Sect/P/Sub[4]","Text":"38556 ","TextSize":10.080001831054688,"attributes":{"Placement":"Block"},"elementId":4},{"Bounds":[394.44000244140625,721.1031951904297,543.1774291992188,730.5582427978516],"ClipBounds":[394.44000244140625,721.1031951904297,543.1774291992188,730.5582427978516],"Font":{"alt_family_name":"Arial","embedded":true,"encoding":"WinAnsiEncoding","family_name":"Arial","font_type":"TrueType","italic":false,"monospaced":false,"name":"BUQGGL+Arial-BoldMT","subset":true,"weight":700},"HasClip":true,"Page":0,"Path":"//Document/Sect/P[2]/Sub","Text":"Invoice# FO5835379396858343 ","TextSize":10.080001831054688,"attributes":{"Placement":"Block"},"elementId":5},{"Bounds":[491.3300018310547,708.1132049560547,543.2117614746094,717.5682373046875],"ClipBounds":[491.3300018310547,708.1132049560547,543.2117614746094,717.5682373046875],"Font":{"alt_family_name":"Arial","embedded":true,"encoding":"WinAnsiEncoding","family_name":"Arial","font_type":"TrueType","italic":false,"monospaced":false,"name":"BUQGGL+Arial-BoldMT","subset":true,"weight":700},"HasClip":true,"Page":0,"Path":"//Document/Sect/P[2]/Sub[2]","Text":"Issue date ","TextSize":10.080001831054688,"attributes":{"Placement":"Block"},"elementId":6},{"Bounds":[489.1699981689453,694.7931976318359,543.3080749511719,704.2482452392578],"ClipBounds":[489.1699981689453,694.7931976318359,543.3080749511719,704.2482452392578],"Font":{"alt_family_name":"Arial","embedded":true,"encoding":"WinAnsiEncoding","family_name":"Arial MT","font_type":"TrueType","italic":false,"monospaced":false,"name":"LWOOQR+ArialMT","subset":true,"weight":400},"HasClip":true,"Page":0,"Path":"//Document/Sect/P[2]/Sub[3]","Text":"12-05-2023 ","TextSize":10.080001831054688,"attributes":{"Placement":"Block"},"elementId":7},{"Bounds":[76.72799682617188,649.9085540771484,295.7052459716797,673.2309875488281],"ClipBounds":[76.72799682617188,649.9085540771484,295.7052459716797,673.2309875488281],"Font":{"alt_family_name":"Arial","embedded":true,"encoding":"WinAnsiEncoding","family_name":"Arial MT","font_type":"TrueType","italic":false,"monospaced":false,"name":"LWOOQR+ArialMT","subset":true,"weight":400},"HasClip":true,"Lang":"en","Page":0,"Path":"//Document/Sect/Title","Text":"NearBy Electronics ","TextSize":24.863998413085938,"attributes":{"LineHeight":29.875,"SpaceAfter":7},"elementId":8},{"Bounds":[76.72799682617188,633.9331970214844,460.8868713378906,643.3882446289062],"ClipBounds":[76.72799682617188,633.9331970214844,460.8868713378906,643.3882446289062],"Font":{"alt_family_name":"Arial","embedded":true,"encoding":"WinAnsiEncoding","family_name":"Arial MT","font_type":"TrueType","italic":false,"monospaced":false,"name":"LWOOQR+ArialMT","subset":true,"weight":400},"HasClip":true,"Lang":"en","Page":0,"Path":"//Document/Sect/P[3]","Text":"We are here to serve you better. Reach out to us in case of any concern or feedbacks. ","TextSize":10.080001831054688,"attributes":{"SpaceAfter":18},"elementId":9},{"Bounds":[81.04800415039062,580.9832000732422,122.99087524414062,590.438232421875],"ClipBounds":[81.04800415039062,580.9832000732422,122.99087524414062,590.438232421875],"Font":{"alt_family_name":"Arial","embedded":true,"encoding":"WinAnsiEncoding","family_name":"Arial","font_type":"TrueType","italic":false,"monospaced":false,"name":"BUQGGL+Arial-BoldMT","subset":true,"weight":700},"HasClip":true,"Lang":"en","Page":0,"Path":"//Document/Sect[2]/H1","Text":"BILL TO ","TextSize":10.080001831054688,"elementId":10},{"Bounds":[81.04800415039062,567.6631927490234,146.4167938232422,577.1182403564453],"ClipBounds":[81.04800415039062,567.6631927490234,146.4167938232422,577.1182403564453],"Font":{"alt_family_name":"Arial","embedded":true,"encoding":"WinAnsiEncoding","family_name":"Arial MT","font_type":"TrueType","italic":false,"monospaced":false,"name":"LWOOQR+ArialMT","subset":true,"weight":400},"HasClip":true,"Page":0,"Path":"//Document/Sect[2]/P/Sub","Text":"Cary Zboncak ","TextSize":10.080001831054688,"attributes":{"Placement":"Block"},"elementId":11},{"Bounds":[81.04800415039062,554.6831970214844,201.92727661132812,564.1382446289062],"ClipBounds":[81.04800415039062,554.6831970214844,201.92727661132812,564.1382446289062],"Font":{"alt_family_name":"Arial","embedded":true,"encoding":"WinAnsiEncoding","family_name":"Arial MT","font_type":"TrueType","italic":false,"monospaced":false,"name":"LWOOQR+ArialMT","subset":true,"weight":400},"HasClip":true,"Page":0,"Path":"//Document/Sect[2]/P/Sub[2]","Text":"Cary.Zboncak@gmail.com ","TextSize":10.080001831054688,"attributes":{"Placement":"Block"},"elementId":12},{"Bounds":[81.04800415039062,541.3632049560547,146.34808349609375,550.8182373046875],"ClipBounds":[81.04800415039062,541.3632049560547,146.34808349609375,550.8182373046875],"Font":{"alt_family_name":"Arial","embedded":true,"encoding":"WinAnsiEncoding","family_name":"Arial MT","font_type":"TrueType","italic":false,"monospaced":false,"name":"LWOOQR+ArialMT","subset":true,"weight":400},"HasClip":true,"Page":0,"Path":"//Document/Sect[2]/P/Sub[3]","Text":"741-215-8162 ","TextSize":10.080001831054688,"attributes":{"Placement":"Block"},"elementId":13},{"Bounds":[81.04800415039062,528.0431976318359,169.43951416015625,537.4982452392578],"ClipBounds":[81.04800415039062,528.0431976318359,169.43951416015625,537.4982452392578],"Font":{"alt_family_name":"Arial","embedded":true,"encoding":"WinAnsiEncoding","family_name":"Arial MT","font_type":"TrueType","italic":false,"monospaced":false,"name":"LWOOQR+ArialMT","subset":true,"weight":400},"HasClip":true,"Page":0,"Path":"//Document/Sect[2]/P/Sub[4]","Text":"8236 O'Hara Glens ","TextSize":10.080001831054688,"attributes":{"Placement":"Block"},"elementId":14},{"Bounds":[81.04800415039062,514.7232055664062,152.75711059570312,524.1782379150391],"ClipBounds":[81.04800415039062,514.7232055664062,152.75711059570312,524.1782379150391],"Font":{"alt_family_name":"Arial","embedded":true,"encoding":"WinAnsiEncoding","family_name":"Arial MT","font_type":"TrueType","italic":false,"monospaced":false,"name":"LWOOQR+ArialMT","subset":true,"weight":400},"HasClip":true,"Page":0,"Path":"//Document/Sect[2]/P/Sub[5]","Text":"Moutsamoudou ","TextSize":10.080001831054688,"attributes":{"Placement":"Block"},"elementId":15},{"Bounds":[240.25999450683594,580.9832000732422,286.1240692138672,590.438232421875],"ClipBounds":[240.25999450683594,580.9832000732422,286.1240692138672,590.438232421875],"Font":{"alt_family_name":"Arial","embedded":true,"encoding":"WinAnsiEncoding","family_name":"Arial","font_type":"TrueType","italic":false,"monospaced":false,"name":"BUQGGL+Arial-BoldMT","subset":true,"weight":700},"HasClip":true,"Lang":"en","Page":0,"Path":"//Document/Sect[3]/H1","Text":"DETAILS ","TextSize":10.080001831054688,"elementId":16},{"Bounds":[240.25999450683594,541.3632049560547,362.6311950683594,577.1182403564453],"ClipBounds":[240.25999450683594,541.3632049560547,362.6311950683594,577.1182403564453],"Font":{"alt_family_name":"Arial","embedded":true,"encoding":"WinAnsiEncoding","family_name":"Arial MT","font_type":"TrueType","italic":false,"monospaced":false,"name":"LWOOQR+ArialMT","subset":true,"weight":400},"HasClip":true,"Lang":"en","Page":0,"Path":"//Document/Sect[3]/P","Text":"minim voluptate adipisicing sint eiusmod veniam duis nulla ","TextSize":10.080001831054688,"elementId":17},{"Bounds":[412.8000030517578,580.9832000732422,464.58103942871094,590.438232421875],"ClipBounds":[412.8000030517578,580.9832000732422,464.58103942871094,590.438232421875],"Font":{"alt_family_name":"Arial","embedded":true,"encoding":"WinAnsiEncoding","family_name":"Arial","font_type":"TrueType","italic":false,"monospaced":false,"name":"BUQGGL+Arial-BoldMT","subset":true,"weight":700},"HasClip":true,"Lang":"en","Page":0,"Path":"//Document/Sect[4]/H1","Text":"PAYMENT ","TextSize":10.080001831054688,"elementId":18},{"Bounds":[412.8000030517578,567.6631927490234,513.0480804443359,577.1182403564453],"ClipBounds":[412.8000030517578,567.6631927490234,513.0480804443359,577.1182403564453],"Font":{"alt_family_name":"Arial","embedded":true,"encoding":"WinAnsiEncoding","family_name":"Arial MT","font_type":"TrueType","italic":false,"monospaced":false,"name":"LWOOQR+ArialMT","subset":true,"weight":400},"HasClip":true,"Lang":"en","Page":0,"Path":"//Document/Sect[4]/P","Text":"Due date: 22-06-2023 ","TextSize":10.080001831054688,"attributes":{"SpaceAfter":18},"elementId":19},{"Bounds":[410.63999938964844,535.3764038085938,459.87107849121094,545.844482421875],"ClipBounds":[410.63999938964844,535.3764038085938,459.87107849121094,545.844482421875],"Font":{"alt_family_name":"Arial","embedded":true,"encoding":"WinAnsiEncoding","family_name":"Arial","font_type":"TrueType","italic":false,"monospaced":false,"name":"BUQGGL+Arial-BoldMT","subset":true,"weight":700},"HasClip":true,"Lang":"en","Page":0,"Path":"//Document/Sect[4]/Aside/P","Text":"$53918.7 ","TextSize":11.160003662109375,"attributes":{"SpaceAfter":18},"elementId":20},{"Bounds":[77.447998046875,443.033203125,530.1510314941406,452.4882354736328],"ClipBounds":[77.447998046875,443.033203125,530.1510314941406,452.4882354736328],"Page":0,"Path":"//Document/Sect[4]/Table","attributes":{"BBox":[71.5170999999973,428.17499999998836,540.9379999999946,460.93299999999],"NumCol":4,"Placement":"Block","SpaceAfter":18},"filePaths":["tables/fileoutpart0.xlsx","tables/fileoutpart1.png"],"elementId":21},{"Bounds":[77.447998046875,443.033203125,104.47239685058594,452.4882354736328],"ClipBounds":[77.447998046875,443.033203125,104.47239685058594,452.4882354736328],"Page":0,"Path":"//Document/Sect[4]/Table/TR/TD","attributes":{"BBox":[71.5170999999973,427.5749999999971,358.78499999998894,460.93299999999],"BlockAlign":"Middle","BorderColor":[0,0,0],"BorderStyle":["Solid","Double","Solid","Solid"],"BorderThickness":[0.625,0.625,0.5,0.25],"ColIndex":0,"Height":33.375,"InlineAlign":"Start","RowIndex":0,"Width":287.25},"elementId":22},{"Bounds":[77.447998046875,443.033203125,104.47239685058594,452.4882354736328],"ClipBounds":[77.447998046875,443.033203125,104.47239685058594,452.4882354736328],"Font":{"alt_family_name":"Arial","embedded":true,"encoding":"WinAnsiEncoding","family_name":"Arial","font_type":"TrueType","italic":false,"monospaced":false,"name":"BUQGGL+Arial-BoldMT","subset":true,"weight":700},"HasClip":true,"Lang":"en","Page":0,"Path":"//Document/Sect[4]/Table/TR/TD/P","Text":"ITEM ","TextSize":10.080001831054688,"attributes":{"LineHeight":12.125},"elementId":23},{"Bounds":[363.1000061035156,443.033203125,386.6570281982422,452.4882354736328],"ClipBounds":[363.1000061035156,443.033203125,386.6570281982422,452.4882354736328],"Page":0,"Path":"//Document/Sect[4]/Table/TR/TD[2]","attributes":{"BBox":[358.304999999993,427.5749999999971,415.6629999999859,460.93299999999],"BlockAlign":"Middle","BorderColor":[0,0,0],"BorderStyle":["Solid","Double","Solid","Solid"],"BorderThickness":[0.625,0.625,0.25,0.25],"ColIndex":1,"Height":33.375,"InlineAlign":"Start","RowIndex":0,"Width":57.375},"elementId":24},{"Bounds":[363.1000061035156,443.033203125,386.6570281982422,452.4882354736328],"ClipBounds":[363.1000061035156,443.033203125,386.6570281982422,452.4882354736328],"Font":{"alt_family_name":"Arial","embedded":true,"encoding":"WinAnsiEncoding","family_name":"Arial","font_type":"TrueType","italic":false,"monospaced":false,"name":"BUQGGL+Arial-BoldMT","subset":true,"weight":700},"HasClip":true,"Lang":"en","Page":0,"Path":"//Document/Sect[4]/Table/TR/TD[2]/P","Text":"QTY ","TextSize":10.080001831054688,"attributes":{"LineHeight":12.125},"elementId":25},{"Bounds":[420.3800048828125,443.033203125,450.7712707519531,452.4882354736328],"ClipBounds":[420.3800048828125,443.033203125,450.7712707519531,452.4882354736328],"Page":0,"Path":"//Document/Sect[4]/Table/TR/TD[3]","attributes":{"BBox":[415.18299999999,427.5749999999971,481.8999999999942,460.93299999999],"BlockAlign":"Middle","BorderColor":[0,0,0],"BorderStyle":["Solid","Double","Solid","Solid"],"BorderThickness":[0.625,0.625,0.25,0.25],"ColIndex":2,"Height":33.375,"InlineAlign":"Start","RowIndex":0,"Width":66.75},"elementId":26},{"Bounds":[420.3800048828125,443.033203125,450.7712707519531,452.4882354736328],"ClipBounds":[420.3800048828125,443.033203125,450.7712707519531,452.4882354736328],"Font":{"alt_family_name":"Arial","embedded":true,"encoding":"WinAnsiEncoding","family_name":"Arial","font_type":"TrueType","italic":false,"monospaced":false,"name":"BUQGGL+Arial-BoldMT","subset":true,"weight":700},"HasClip":true,"Lang":"en","Page":0,"Path":"//Document/Sect[4]/Table/TR/TD[3]/P","Text":"RATE ","TextSize":10.080001831054688,"attributes":{"LineHeight":12.125},"elementId":27},{"Bounds":[483.4100036621094,443.033203125,530.1510314941406,452.4882354736328],"ClipBounds":[483.4100036621094,443.033203125,530.1510314941406,452.4882354736328],"Page":0,"Path":"//Document/Sect[4]/Table/TR/TD[4]","attributes":{"BBox":[481.41999999999825,427.5749999999971,541.417999999976,460.93299999999],"BlockAlign":"Middle","BorderColor":[0,0,0],"BorderStyle":["Solid","Double","Solid","Solid"],"BorderThickness":[0.625,0.625,0.25,0.5],"ColIndex":3,"Height":33.375,"InlineAlign":"Start","RowIndex":0,"Width":60},"elementId":28},{"Bounds":[483.4100036621094,443.033203125,530.1510314941406,452.4882354736328],"ClipBounds":[483.4100036621094,443.033203125,530.1510314941406,452.4882354736328],"Font":{"alt_family_name":"Arial","embedded":true,"encoding":"WinAnsiEncoding","family_name":"Arial","font_type":"TrueType","italic":false,"monospaced":false,"name":"BUQGGL+Arial-BoldMT","subset":true,"weight":700},"HasClip":true,"Lang":"en","Page":0,"Path":"//Document/Sect[4]/Table/TR/TD[4]/P","Text":"AMOUNT ","TextSize":10.080001831054688,"attributes":{"LineHeight":12.125},"elementId":29},{"Bounds":[77.447998046875,139.41319274902344,523.4736785888672,416.8482360839844],"ClipBounds":[77.447998046875,139.41319274902344,523.4736785888672,416.8482360839844],"Page":0,"Path":"//Document/Sect[4]/Table[2]","attributes":{"BBox":[71.5170999999973,122.18699999999808,540.9379999999946,424.9349999999977],"NumCol":4,"NumRow":9,"Placement":"Block","SpaceAfter":18},"filePaths":["tables/fileoutpart2.xlsx","tables/fileoutpart3.png"],"elementId":30},{"Bounds":[77.447998046875,407.39320373535156,175.38526916503906,416.8482360839844],"ClipBounds":[77.447998046875,407.39320373535156,175.38526916503906,416.8482360839844],"Page":0,"Path":"//Document/Sect[4]/Table[2]/TR/TD","attributes":{"BBox":[71.5170999999973,389.29599999998754,358.0649999999878,424.9349999999977],"BlockAlign":"Before","BorderColor":[0,0,0],"BorderStyle":["Double","Solid","Solid","Solid"],"BorderThickness":[0.625,0.25,0.5,0.25],"ColIndex":0,"Height":35.625,"InlineAlign":"Start","RowIndex":0,"Width":286.375},"elementId":31},{"Bounds":[77.447998046875,407.39320373535156,175.38526916503906,416.8482360839844],"ClipBounds":[77.447998046875,407.39320373535156,175.38526916503906,416.8482360839844],"Font":{"alt_family_name":"Arial","embedded":true,"encoding":"WinAnsiEncoding","family_name":"Arial MT","font_type":"TrueType","italic":false,"monospaced":false,"name":"LWOOQR+ArialMT","subset":true,"weight":400},"HasClip":true,"Lang":"en","Page":0,"Path":"//Document/Sect[4]/Table[2]/TR/TD/P","Text":"Incredible Soft Bacon ","TextSize":10.080001831054688,"attributes":{"LineHeight":12.125},"elementId":32},{"Bounds":[363.82000732421875,407.39320373535156,383.3751983642578,416.8482360839844],"ClipBounds":[363.82000732421875,407.39320373535156,383.3751983642578,416.8482360839844],"Page":0,"Path":"//Document/Sect[4]/Table[2]/TR/TD[2]","attributes":{"BBox":[357.58499999999185,389.29599999998754,414.22299999999814,424.9349999999977],"BlockAlign":"Before","BorderColor":[0,0,0],"BorderStyle":["Double","Solid","Solid","Solid"],"BorderThickness":[0.625,0.25,0.25,0.25],"ColIndex":1,"Height":35.625,"InlineAlign":"Start","RowIndex":0,"Width":56.625},"elementId":33},{"Bounds":[363.82000732421875,407.39320373535156,383.3751983642578,416.8482360839844],"ClipBounds":[363.82000732421875,407.39320373535156,383.3751983642578,416.8482360839844],"Font":{"alt_family_name":"Arial","embedded":true,"encoding":"WinAnsiEncoding","family_name":"Arial MT","font_type":"TrueType","italic":false,"monospaced":false,"name":"LWOOQR+ArialMT","subset":true,"weight":400},"HasClip":true,"Lang":"en","Page":0,"Path":"//Document/Sect[4]/Table[2]/TR/TD[2]/P","Text":"107 ","TextSize":10.080001831054688,"attributes":{"LineHeight":12.125},"elementId":34},{"Bounds":[420.3800048828125,407.39320373535156,434.86000061035156,416.8482360839844],"ClipBounds":[420.3800048828125,407.39320373535156,434.86000061035156,416.8482360839844],"Page":0,"Path":"//Document/Sect[4]/Table[2]/TR/TD[3]","attributes":{"BBox":[413.74299999998766,389.29599999998754,481.8999999999942,424.9349999999977],"BlockAlign":"Before","BorderColor":[0,0,0],"BorderStyle":["Double","Solid","Solid","Solid"],"BorderThickness":[0.625,0.25,0.25,0.25],"ColIndex":2,"Height":35.625,"InlineAlign":"Start","RowIndex":0,"Width":68.125},"elementId":35},{"Bounds":[420.3800048828125,407.39320373535156,434.86000061035156,416.8482360839844],"ClipBounds":[420.3800048828125,407.39320373535156,434.86000061035156,416.8482360839844],"Font":{"alt_family_name":"Arial","embedded":true,"encoding":"WinAnsiEncoding","family_name":"Arial MT","font_type":"TrueType","italic":false,"monospaced":false,"name":"LWOOQR+ArialMT","subset":true,"weight":400},"HasClip":true,"Lang":"en","Page":0,"Path":"//Document/Sect[4]/Table[2]/TR/TD[3]/P","Text":"18 ","TextSize":10.080001831054688,"attributes":{"LineHeight":12.125},"elementId":36},{"Bounds":[487.00999450683594,407.39320373535156,517.7280731201172,416.8482360839844],"ClipBounds":[487.00999450683594,407.39320373535156,517.7280731201172,416.8482360839844],"Page":0,"Path":"//Document/Sect[4]/Table[2]/TR/TD[4]","attributes":{"BBox":[481.41999999999825,389.29599999998754,541.417999999976,424.9349999999977],"BlockAlign":"Before","BorderColor":[0,0,0],"BorderStyle":["Double","Solid","Solid","Solid"],"BorderThickness":[0.625,0.25,0.25,0.5],"ColIndex":3,"Height":35.625,"InlineAlign":"Start","RowIndex":0,"Width":60},"elementId":37},{"Bounds":[487.00999450683594,407.39320373535156,517.7280731201172,416.8482360839844],"ClipBounds":[487.00999450683594,407.39320373535156,517.7280731201172,416.8482360839844],"Font":{"alt_family_name":"Arial","embedded":true,"encoding":"WinAnsiEncoding","family_name":"Arial MT","font_type":"TrueType","italic":false,"monospaced":false,"name":"LWOOQR+ArialMT","subset":true,"weight":400},"HasClip":true,"Lang":"en","Page":0,"Path":"//Document/Sect[4]/Table[2]/TR/TD[4]/P","Text":"$1926 ","TextSize":10.080001831054688,"attributes":{"LineHeight":12.125},"elementId":38},{"Bounds":[77.447998046875,373.89320373535156,196.966552734375,383.3482360839844],"ClipBounds":[77.447998046875,373.89320373535156,196.966552734375,383.3482360839844],"Page":0,"Path":"//Document/Sect[4]/Table[2]/TR[2]/TD","attributes":{"BBox":[71.5170999999973,356.1779999999999,358.0649999999878,389.775999999998],"BlockAlign":"Before","BorderColor":[0,0,0],"BorderStyle":"Solid","BorderThickness":[0.25,0.25,0.5,0.25],"ColIndex":0,"Height":33.625,"InlineAlign":"Start","RowIndex":1,"Width":286.375},"elementId":39},{"Bounds":[77.447998046875,373.89320373535156,196.966552734375,383.3482360839844],"ClipBounds":[77.447998046875,373.89320373535156,196.966552734375,383.3482360839844],"Font":{"alt_family_name":"Arial","embedded":true,"encoding":"WinAnsiEncoding","family_name":"Arial MT","font_type":"TrueType","italic":false,"monospaced":false,"name":"LWOOQR+ArialMT","subset":true,"weight":400},"HasClip":true,"Lang":"en","Page":0,"Path":"//Document/Sect[4]/Table[2]/TR[2]/TD/P","Text":"Gorgeous Metal Keyboard ","TextSize":10.080001831054688,"attributes":{"LineHeight":12.125},"elementId":40},{"Bounds":[363.82000732421875,373.89320373535156,378.3000030517578,383.3482360839844],"ClipBounds":[363.82000732421875,373.89320373535156,378.3000030517578,383.3482360839844],"Page":0,"Path":"//Document/Sect[4]/Table[2]/TR[2]/TD[2]","attributes":{"BBox":[357.58499999999185,356.1779999999999,414.22299999999814,389.775999999998],"BlockAlign":"Before","BorderColor":[0,0,0],"BorderStyle":"Solid","BorderThickness":0.25,"ColIndex":1,"Height":33.625,"InlineAlign":"Start","RowIndex":1,"Width":56.625},"elementId":41},{"Bounds":[363.82000732421875,373.89320373535156,378.3000030517578,383.3482360839844],"ClipBounds":[363.82000732421875,373.89320373535156,378.3000030517578,383.3482360839844],"Font":{"alt_family_name":"Arial","embedded":true,"encoding":"WinAnsiEncoding","family_name":"Arial MT","font_type":"TrueType","italic":false,"monospaced":false,"name":"LWOOQR+ArialMT","subset":true,"weight":400},"HasClip":true,"Lang":"en","Page":0,"Path":"//Document/Sect[4]/Table[2]/TR[2]/TD[2]/P","Text":"85 ","TextSize":10.080001831054688,"attributes":{"LineHeight":12.125},"elementId":42},{"Bounds":[420.3800048828125,373.89320373535156,434.86000061035156,383.3482360839844],"ClipBounds":[420.3800048828125,373.89320373535156,434.86000061035156,383.3482360839844],"Page":0,"Path":"//Document/Sect[4]/Table[2]/TR[2]/TD[3]","attributes":{"BBox":[413.74299999998766,356.1779999999999,481.8999999999942,389.775999999998],"BlockAlign":"Before","BorderColor":[0,0,0],"BorderStyle":"Solid","BorderThickness":0.25,"ColIndex":2,"Height":33.625,"InlineAlign":"Start","RowIndex":1,"Width":68.125},"elementId":43},{"Bounds":[420.3800048828125,373.89320373535156,434.86000061035156,383.3482360839844],"ClipBounds":[420.3800048828125,373.89320373535156,434.86000061035156,383.3482360839844],"Font":{"alt_family_name":"Arial","embedded":true,"encoding":"WinAnsiEncoding","family_name":"Arial MT","font_type":"TrueType","italic":false,"monospaced":false,"name":"LWOOQR+ArialMT","subset":true,"weight":400},"HasClip":true,"Lang":"en","Page":0,"Path":"//Document/Sect[4]/Table[2]/TR[2]/TD[3]/P","Text":"67 ","TextSize":10.080001831054688,"attributes":{"LineHeight":12.125},"elementId":44},{"Bounds":[487.00999450683594,373.89320373535156,517.7280731201172,383.3482360839844],"ClipBounds":[487.00999450683594,373.89320373535156,517.7280731201172,383.3482360839844],"Page":0,"Path":"//Document/Sect[4]/Table[2]/TR[2]/TD[4]","attributes":{"BBox":[481.41999999999825,356.1779999999999,541.417999999976,389.775999999998],"BlockAlign":"Before","BorderColor":[0,0,0],"BorderStyle":"Solid","BorderThickness":[0.25,0.25,0.25,0.5],"ColIndex":3,"Height":33.625,"InlineAlign":"Start","RowIndex":1,"Width":60},"elementId":45},{"Bounds":[487.00999450683594,373.89320373535156,517.7280731201172,383.3482360839844],"ClipBounds":[487.00999450683594,373.89320373535156,517.7280731201172,383.3482360839844],"Font":{"alt_family_name":"Arial","embedded":true,"encoding":"WinAnsiEncoding","family_name":"Arial MT","font_type":"TrueType","italic":false,"monospaced":false,"name":"LWOOQR+ArialMT","subset":true,"weight":400},"HasClip":true,"Lang":"en","Page":0,"Path":"//Document/Sect[4]/Table[2]/TR[2]/TD[4]/P","Text":"$5695 ","TextSize":10.080001831054688,"attributes":{"LineHeight":12.125},"elementId":46},{"Bounds":[77.447998046875,340.38319396972656,173.5708770751953,349.83824157714844],"ClipBounds":[77.447998046875,340.38319396972656,173.5708770751953,349.83824157714844],"Page":0,"Path":"//Document/Sect[4]/Table[2]/TR[3]/TD","attributes":{"BBox":[71.5170999999973,323.05899999999383,358.0649999999878,356.6579999999958],"BlockAlign":"Before","BorderColor":[0,0,0],"BorderStyle":"Solid","BorderThickness":[0.25,0.25,0.5,0.25],"ColIndex":0,"Height":33.625,"InlineAlign":"Start","RowIndex":2,"Width":286.375},"elementId":47},{"Bounds":[77.447998046875,340.38319396972656,173.5708770751953,349.83824157714844],"ClipBounds":[77.447998046875,340.38319396972656,173.5708770751953,349.83824157714844],"Font":{"alt_family_name":"Arial","embedded":true,"encoding":"WinAnsiEncoding","family_name":"Arial MT","font_type":"TrueType","italic":false,"monospaced":false,"name":"LWOOQR+ArialMT","subset":true,"weight":400},"HasClip":true,"Lang":"en","Page":0,"Path":"//Document/Sect[4]/Table[2]/TR[3]/TD/P","Text":"Fantastic Metal Tuna ","TextSize":10.080001831054688,"attributes":{"LineHeight":12.125},"elementId":48},{"Bounds":[363.82000732421875,340.38319396972656,378.3000030517578,349.83824157714844],"ClipBounds":[363.82000732421875,340.38319396972656,378.3000030517578,349.83824157714844],"Page":0,"Path":"//Document/Sect[4]/Table[2]/TR[3]/TD[2]","attributes":{"BBox":[357.58499999999185,323.05899999999383,414.22299999999814,356.6579999999958],"BlockAlign":"Before","BorderColor":[0,0,0],"BorderStyle":"Solid","BorderThickness":0.25,"ColIndex":1,"Height":33.625,"InlineAlign":"Start","RowIndex":2,"Width":56.625},"elementId":49},{"Bounds":[363.82000732421875,340.38319396972656,378.3000030517578,349.83824157714844],"ClipBounds":[363.82000732421875,340.38319396972656,378.3000030517578,349.83824157714844],"Font":{"alt_family_name":"Arial","embedded":true,"encoding":"WinAnsiEncoding","family_name":"Arial MT","font_type":"TrueType","italic":false,"monospaced":false,"name":"LWOOQR+ArialMT","subset":true,"weight":400},"HasClip":true,"Lang":"en","Page":0,"Path":"//Document/Sect[4]/Table[2]/TR[3]/TD[2]/P","Text":"25 ","TextSize":10.080001831054688,"attributes":{"LineHeight":12.125},"elementId":50},{"Bounds":[420.3800048828125,340.38319396972656,434.86000061035156,349.83824157714844],"ClipBounds":[420.3800048828125,340.38319396972656,434.86000061035156,349.83824157714844],"Page":0,"Path":"//Document/Sect[4]/Table[2]/TR[3]/TD[3]","attributes":{"BBox":[413.74299999998766,323.05899999999383,481.8999999999942,356.6579999999958],"BlockAlign":"Before","BorderColor":[0,0,0],"BorderStyle":"Solid","BorderThickness":0.25,"ColIndex":2,"Height":33.625,"InlineAlign":"Start","RowIndex":2,"Width":68.125},"elementId":51},{"Bounds":[420.3800048828125,340.38319396972656,434.86000061035156,349.83824157714844],"ClipBounds":[420.3800048828125,340.38319396972656,434.86000061035156,349.83824157714844],"Font":{"alt_family_name":"Arial","embedded":true,"encoding":"WinAnsiEncoding","family_name":"Arial MT","font_type":"TrueType","italic":false,"monospaced":false,"name":"LWOOQR+ArialMT","subset":true,"weight":400},"HasClip":true,"Lang":"en","Page":0,"Path":"//Document/Sect[4]/Table[2]/TR[3]/TD[3]/P","Text":"50 ","TextSize":10.080001831054688,"attributes":{"LineHeight":12.125},"elementId":52},{"Bounds":[487.00999450683594,340.38319396972656,517.7280731201172,349.83824157714844],"ClipBounds":[487.00999450683594,340.38319396972656,517.7280731201172,349.83824157714844],"Page":0,"Path":"//Document/Sect[4]/Table[2]/TR[3]/TD[4]","attributes":{"BBox":[481.41999999999825,323.05899999999383,541.417999999976,356.6579999999958],"BlockAlign":"Before","BorderColor":[0,0,0],"BorderStyle":"Solid","BorderThickness":[0.25,0.25,0.25,0.5],"ColIndex":3,"Height":33.625,"InlineAlign":"Start","RowIndex":2,"Width":60},"elementId":53},{"Bounds":[487.00999450683594,340.38319396972656,517.7280731201172,349.83824157714844],"ClipBounds":[487.00999450683594,340.38319396972656,517.7280731201172,349.83824157714844],"Font":{"alt_family_name":"Arial","embedded":true,"encoding":"WinAnsiEncoding","family_name":"Arial MT","font_type":"TrueType","italic":false,"monospaced":false,"name":"LWOOQR+ArialMT","subset":true,"weight":400},"HasClip":true,"Lang":"en","Page":0,"Path":"//Document/Sect[4]/Table[2]/TR[3]/TD[4]/P","Text":"$1250 ","TextSize":10.080001831054688,"attributes":{"LineHeight":12.125},"elementId":54},{"Bounds":[77.447998046875,306.9031982421875,190.63632202148438,316.3582458496094],"ClipBounds":[77.447998046875,306.9031982421875,190.63632202148438,316.3582458496094],"Page":0,"Path":"//Document/Sect[4]/Table[2]/TR[4]/TD","attributes":{"BBox":[71.5170999999973,289.9399999999878,358.0649999999878,323.53899999998976],"BlockAlign":"Before","BorderColor":[0,0,0],"BorderStyle":"Solid","BorderThickness":[0.25,0.25,0.5,0.25],"ColIndex":0,"Height":33.625,"InlineAlign":"Start","RowIndex":3,"Width":286.375},"elementId":55},{"Bounds":[77.447998046875,306.9031982421875,190.63632202148438,316.3582458496094],"ClipBounds":[77.447998046875,306.9031982421875,190.63632202148438,316.3582458496094],"Font":{"alt_family_name":"Arial","embedded":true,"encoding":"WinAnsiEncoding","family_name":"Arial MT","font_type":"TrueType","italic":false,"monospaced":false,"name":"LWOOQR+ArialMT","subset":true,"weight":400},"HasClip":true,"Lang":"en","Page":0,"Path":"//Document/Sect[4]/Table[2]/TR[4]/TD/P","Text":"Fantastic Rubber Gloves ","TextSize":10.080001831054688,"attributes":{"LineHeight":12.125},"elementId":56},{"Bounds":[363.82000732421875,306.9031982421875,383.3751983642578,316.3582458496094],"ClipBounds":[363.82000732421875,306.9031982421875,383.3751983642578,316.3582458496094],"Page":0,"Path":"//Document/Sect[4]/Table[2]/TR[4]/TD[2]","attributes":{"BBox":[357.58499999999185,289.9399999999878,414.22299999999814,323.53899999998976],"BlockAlign":"Before","BorderColor":[0,0,0],"BorderStyle":"Solid","BorderThickness":0.25,"ColIndex":1,"Height":33.625,"InlineAlign":"Start","RowIndex":3,"Width":56.625},"elementId":57},{"Bounds":[363.82000732421875,306.9031982421875,383.3751983642578,316.3582458496094],"ClipBounds":[363.82000732421875,306.9031982421875,383.3751983642578,316.3582458496094],"Font":{"alt_family_name":"Arial","embedded":true,"encoding":"WinAnsiEncoding","family_name":"Arial MT","font_type":"TrueType","italic":false,"monospaced":false,"name":"LWOOQR+ArialMT","subset":true,"weight":400},"HasClip":true,"Lang":"en","Page":0,"Path":"//Document/Sect[4]/Table[2]/TR[4]/TD[2]/P","Text":"113 ","TextSize":10.080001831054688,"attributes":{"LineHeight":12.125},"elementId":58},{"Bounds":[420.3800048828125,306.9031982421875,434.86000061035156,316.3582458496094],"ClipBounds":[420.3800048828125,306.9031982421875,434.86000061035156,316.3582458496094],"Page":0,"Path":"//Document/Sect[4]/Table[2]/TR[4]/TD[3]","attributes":{"BBox":[413.74299999998766,289.9399999999878,481.8999999999942,323.53899999998976],"BlockAlign":"Before","BorderColor":[0,0,0],"BorderStyle":"Solid","BorderThickness":0.25,"ColIndex":2,"Height":33.625,"InlineAlign":"Start","RowIndex":3,"Width":68.125},"elementId":59},{"Bounds":[420.3800048828125,306.9031982421875,434.86000061035156,316.3582458496094],"ClipBounds":[420.3800048828125,306.9031982421875,434.86000061035156,316.3582458496094],"Font":{"alt_family_name":"Arial","embedded":true,"encoding":"WinAnsiEncoding","family_name":"Arial MT","font_type":"TrueType","italic":false,"monospaced":false,"name":"LWOOQR+ArialMT","subset":true,"weight":400},"HasClip":true,"Lang":"en","Page":0,"Path":"//Document/Sect[4]/Table[2]/TR[4]/TD[3]/P","Text":"69 ","TextSize":10.080001831054688,"attributes":{"LineHeight":12.125},"elementId":60},{"Bounds":[487.00999450683594,306.9031982421875,517.7280731201172,316.3582458496094],"ClipBounds":[487.00999450683594,306.9031982421875,517.7280731201172,316.3582458496094],"Page":0,"Path":"//Document/Sect[4]/Table[2]/TR[4]/TD[4]","attributes":{"BBox":[481.41999999999825,289.9399999999878,541.417999999976,323.53899999998976],"BlockAlign":"Before","BorderColor":[0,0,0],"BorderStyle":"Solid","BorderThickness":[0.25,0.25,0.25,0.5],"ColIndex":3,"Height":33.625,"InlineAlign":"Start","RowIndex":3,"Width":60},"elementId":61},{"Bounds":[487.00999450683594,306.9031982421875,517.7280731201172,316.3582458496094],"ClipBounds":[487.00999450683594,306.9031982421875,517.7280731201172,316.3582458496094],"Font":{"alt_family_name":"Arial","embedded":true,"encoding":"WinAnsiEncoding","family_name":"Arial MT","font_type":"TrueType","italic":false,"monospaced":false,"name":"LWOOQR+ArialMT","subset":true,"weight":400},"HasClip":true,"Lang":"en","Page":0,"Path":"//Document/Sect[4]/Table[2]/TR[4]/TD[4]/P","Text":"$7797 ","TextSize":10.080001831054688,"attributes":{"LineHeight":12.125},"elementId":62},{"Bounds":[77.447998046875,273.4031982421875,189.57791137695312,282.8582458496094],"ClipBounds":[77.447998046875,273.4031982421875,189.57791137695312,282.8582458496094],"Page":0,"Path":"//Document/Sect[4]/Table[2]/TR[5]/TD","attributes":{"BBox":[71.5170999999973,256.10199999999895,358.0649999999878,290.41999999999825],"BlockAlign":"Before","BorderColor":[0,0,0],"BorderStyle":"Solid","BorderThickness":[0.25,0.25,0.5,0.25],"ColIndex":0,"Height":34.375,"InlineAlign":"Start","RowIndex":4,"Width":286.375},"elementId":63},{"Bounds":[77.447998046875,273.4031982421875,189.57791137695312,282.8582458496094],"ClipBounds":[77.447998046875,273.4031982421875,189.57791137695312,282.8582458496094],"Font":{"alt_family_name":"Arial","embedded":true,"encoding":"WinAnsiEncoding","family_name":"Arial MT","font_type":"TrueType","italic":false,"monospaced":false,"name":"LWOOQR+ArialMT","subset":true,"weight":400},"HasClip":true,"Lang":"en","Page":0,"Path":"//Document/Sect[4]/Table[2]/TR[5]/TD/P","Text":"Gorgeous Frozen Shoes ","TextSize":10.080001831054688,"attributes":{"LineHeight":12.125},"elementId":64},{"Bounds":[363.82000732421875,273.4031982421875,383.3751983642578,282.8582458496094],"ClipBounds":[363.82000732421875,273.4031982421875,383.3751983642578,282.8582458496094],"Page":0,"Path":"//Document/Sect[4]/Table[2]/TR[5]/TD[2]","attributes":{"BBox":[357.58499999999185,256.10199999999895,414.22299999999814,290.41999999999825],"BlockAlign":"Before","BorderColor":[0,0,0],"BorderStyle":"Solid","BorderThickness":0.25,"ColIndex":1,"Height":34.375,"InlineAlign":"Start","RowIndex":4,"Width":56.625},"elementId":65},{"Bounds":[363.82000732421875,273.4031982421875,383.3751983642578,282.8582458496094],"ClipBounds":[363.82000732421875,273.4031982421875,383.3751983642578,282.8582458496094],"Font":{"alt_family_name":"Arial","embedded":true,"encoding":"WinAnsiEncoding","family_name":"Arial MT","font_type":"TrueType","italic":false,"monospaced":false,"name":"LWOOQR+ArialMT","subset":true,"weight":400},"HasClip":true,"Lang":"en","Page":0,"Path":"//Document/Sect[4]/Table[2]/TR[5]/TD[2]/P","Text":"103 ","TextSize":10.080001831054688,"attributes":{"LineHeight":12.125},"elementId":66},{"Bounds":[420.3800048828125,273.4031982421875,434.86000061035156,282.8582458496094],"ClipBounds":[420.3800048828125,273.4031982421875,434.86000061035156,282.8582458496094],"Page":0,"Path":"//Document/Sect[4]/Table[2]/TR[5]/TD[3]","attributes":{"BBox":[413.74299999998766,256.10199999999895,481.8999999999942,290.41999999999825],"BlockAlign":"Before","BorderColor":[0,0,0],"BorderStyle":"Solid","BorderThickness":0.25,"ColIndex":2,"Height":34.375,"InlineAlign":"Start","RowIndex":4,"Width":68.125},"elementId":67},{"Bounds":[420.3800048828125,273.4031982421875,434.86000061035156,282.8582458496094],"ClipBounds":[420.3800048828125,273.4031982421875,434.86000061035156,282.8582458496094],"Font":{"alt_family_name":"Arial","embedded":true,"encoding":"WinAnsiEncoding","family_name":"Arial MT","font_type":"TrueType","italic":false,"monospaced":false,"name":"LWOOQR+ArialMT","subset":true,"weight":400},"HasClip":true,"Lang":"en","Page":0,"Path":"//Document/Sect[4]/Table[2]/TR[5]/TD[3]/P","Text":"65 ","TextSize":10.080001831054688,"attributes":{"LineHeight":12.125},"elementId":68},{"Bounds":[487.00999450683594,273.4031982421875,517.7280731201172,282.8582458496094],"ClipBounds":[487.00999450683594,273.4031982421875,517.7280731201172,282.8582458496094],"Page":0,"Path":"//Document/Sect[4]/Table[2]/TR[5]/TD[4]","attributes":{"BBox":[481.41999999999825,256.10199999999895,541.417999999976,290.41999999999825],"BlockAlign":"Before","BorderColor":[0,0,0],"BorderStyle":"Solid","BorderThickness":[0.25,0.25,0.25,0.5],"ColIndex":3,"Height":34.375,"InlineAlign":"Start","RowIndex":4,"Width":60},"elementId":69},{"Bounds":[487.00999450683594,273.4031982421875,517.7280731201172,282.8582458496094],"ClipBounds":[487.00999450683594,273.4031982421875,517.7280731201172,282.8582458496094],"Font":{"alt_family_name":"Arial","embedded":true,"encoding":"WinAnsiEncoding","family_name":"Arial MT","font_type":"TrueType","italic":false,"monospaced":false,"name":"LWOOQR+ArialMT","subset":true,"weight":400},"HasClip":true,"Lang":"en","Page":0,"Path":"//Document/Sect[4]/Table[2]/TR[5]/TD[4]/P","Text":"$6695 ","TextSize":10.080001831054688,"attributes":{"LineHeight":12.125},"elementId":70},{"Bounds":[77.447998046875,239.9031982421875,188.4691162109375,249.35824584960938],"ClipBounds":[77.447998046875,239.9031982421875,188.4691162109375,249.35824584960938],"Page":0,"Path":"//Document/Sect[4]/Table[2]/TR[6]/TD","attributes":{"BBox":[71.5170999999973,222.9829999999929,358.0649999999878,256.5819999999949],"BlockAlign":"Before","BorderColor":[0,0,0],"BorderStyle":"Solid","BorderThickness":[0.25,0.25,0.5,0.25],"ColIndex":0,"Height":33.625,"InlineAlign":"Start","RowIndex":5,"Width":286.375},"elementId":71},{"Bounds":[77.447998046875,239.9031982421875,188.4691162109375,249.35824584960938],"ClipBounds":[77.447998046875,239.9031982421875,188.4691162109375,249.35824584960938],"Font":{"alt_family_name":"Arial","embedded":true,"encoding":"WinAnsiEncoding","family_name":"Arial MT","font_type":"TrueType","italic":false,"monospaced":false,"name":"LWOOQR+ArialMT","subset":true,"weight":400},"HasClip":true,"Lang":"en","Page":0,"Path":"//Document/Sect[4]/Table[2]/TR[6]/TD/P","Text":"Intelligent Frozen Shoes ","TextSize":10.080001831054688,"attributes":{"LineHeight":12.125},"elementId":72},{"Bounds":[363.82000732421875,239.9031982421875,383.3751983642578,249.35824584960938],"ClipBounds":[363.82000732421875,239.9031982421875,383.3751983642578,249.35824584960938],"Page":0,"Path":"//Document/Sect[4]/Table[2]/TR[6]/TD[2]","attributes":{"BBox":[357.58499999999185,222.9829999999929,414.22299999999814,256.5819999999949],"BlockAlign":"Before","BorderColor":[0,0,0],"BorderStyle":"Solid","BorderThickness":0.25,"ColIndex":1,"Height":33.625,"InlineAlign":"Start","RowIndex":5,"Width":56.625},"elementId":73},{"Bounds":[363.82000732421875,239.9031982421875,383.3751983642578,249.35824584960938],"ClipBounds":[363.82000732421875,239.9031982421875,383.3751983642578,249.35824584960938],"Font":{"alt_family_name":"Arial","embedded":true,"encoding":"WinAnsiEncoding","family_name":"Arial MT","font_type":"TrueType","italic":false,"monospaced":false,"name":"LWOOQR+ArialMT","subset":true,"weight":400},"HasClip":true,"Lang":"en","Page":0,"Path":"//Document/Sect[4]/Table[2]/TR[6]/TD[2]/P","Text":"108 ","TextSize":10.080001831054688,"attributes":{"LineHeight":12.125},"elementId":74},{"Bounds":[420.3800048828125,239.9031982421875,434.86000061035156,249.35824584960938],"ClipBounds":[420.3800048828125,239.9031982421875,434.86000061035156,249.35824584960938],"Page":0,"Path":"//Document/Sect[4]/Table[2]/TR[6]/TD[3]","attributes":{"BBox":[413.74299999998766,222.9829999999929,481.8999999999942,256.5819999999949],"BlockAlign":"Before","BorderColor":[0,0,0],"BorderStyle":"Solid","BorderThickness":0.25,"ColIndex":2,"Height":33.625,"InlineAlign":"Start","RowIndex":5,"Width":68.125},"elementId":75},{"Bounds":[420.3800048828125,239.9031982421875,434.86000061035156,249.35824584960938],"ClipBounds":[420.3800048828125,239.9031982421875,434.86000061035156,249.35824584960938],"Font":{"alt_family_name":"Arial","embedded":true,"encoding":"WinAnsiEncoding","family_name":"Arial MT","font_type":"TrueType","italic":false,"monospaced":false,"name":"LWOOQR+ArialMT","subset":true,"weight":400},"HasClip":true,"Lang":"en","Page":0,"Path":"//Document/Sect[4]/Table[2]/TR[6]/TD[3]/P","Text":"64 ","TextSize":10.080001831054688,"attributes":{"LineHeight":12.125},"elementId":76},{"Bounds":[487.00999450683594,239.9031982421875,517.7280731201172,249.35824584960938],"ClipBounds":[487.00999450683594,239.9031982421875,517.7280731201172,249.35824584960938],"Page":0,"Path":"//Document/Sect[4]/Table[2]/TR[6]/TD[4]","attributes":{"BBox":[481.41999999999825,222.9829999999929,541.417999999976,256.5819999999949],"BlockAlign":"Before","BorderColor":[0,0,0],"BorderStyle":"Solid","BorderThickness":[0.25,0.25,0.25,0.5],"ColIndex":3,"Height":33.625,"InlineAlign":"Start","RowIndex":5,"Width":60},"elementId":77},{"Bounds":[487.00999450683594,239.9031982421875,517.7280731201172,249.35824584960938],"ClipBounds":[487.00999450683594,239.9031982421875,517.7280731201172,249.35824584960938],"Font":{"alt_family_name":"Arial","embedded":true,"encoding":"WinAnsiEncoding","family_name":"Arial MT","font_type":"TrueType","italic":false,"monospaced":false,"name":"LWOOQR+ArialMT","subset":true,"weight":400},"HasClip":true,"Lang":"en","Page":0,"Path":"//Document/Sect[4]/Table[2]/TR[6]/TD[4]/P","Text":"$6912 ","TextSize":10.080001831054688,"attributes":{"LineHeight":12.125},"elementId":78},{"Bounds":[77.447998046875,206.42320251464844,195.51502990722656,215.87823486328125],"ClipBounds":[77.447998046875,206.42320251464844,195.51502990722656,215.87823486328125],"Page":0,"Path":"//Document/Sect[4]/Table[2]/TR[7]/TD","attributes":{"BBox":[71.5170999999973,189.86499999999796,358.0649999999878,223.4629999999961],"BlockAlign":"Before","BorderColor":[0,0,0],"BorderStyle":"Solid","BorderThickness":[0.25,0.25,0.5,0.25],"ColIndex":0,"Height":33.625,"InlineAlign":"Start","RowIndex":6,"Width":286.375},"elementId":79},{"Bounds":[77.447998046875,206.42320251464844,195.51502990722656,215.87823486328125],"ClipBounds":[77.447998046875,206.42320251464844,195.51502990722656,215.87823486328125],"Font":{"alt_family_name":"Arial","embedded":true,"encoding":"WinAnsiEncoding","family_name":"Arial MT","font_type":"TrueType","italic":false,"monospaced":false,"name":"LWOOQR+ArialMT","subset":true,"weight":400},"HasClip":true,"Lang":"en","Page":0,"Path":"//Document/Sect[4]/Table[2]/TR[7]/TD/P","Text":"Incredible Concrete Salad ","TextSize":10.080001831054688,"attributes":{"LineHeight":12.125},"elementId":80},{"Bounds":[363.82000732421875,206.42320251464844,383.3751983642578,215.87823486328125],"ClipBounds":[363.82000732421875,206.42320251464844,383.3751983642578,215.87823486328125],"Page":0,"Path":"//Document/Sect[4]/Table[2]/TR[7]/TD[2]","attributes":{"BBox":[357.58499999999185,189.86499999999796,414.22299999999814,223.4629999999961],"BlockAlign":"Before","BorderColor":[0,0,0],"BorderStyle":"Solid","BorderThickness":0.25,"ColIndex":1,"Height":33.625,"InlineAlign":"Start","RowIndex":6,"Width":56.625},"elementId":81},{"Bounds":[363.82000732421875,206.42320251464844,383.3751983642578,215.87823486328125],"ClipBounds":[363.82000732421875,206.42320251464844,383.3751983642578,215.87823486328125],"Font":{"alt_family_name":"Arial","embedded":true,"encoding":"WinAnsiEncoding","family_name":"Arial MT","font_type":"TrueType","italic":false,"monospaced":false,"name":"LWOOQR+ArialMT","subset":true,"weight":400},"HasClip":true,"Lang":"en","Page":0,"Path":"//Document/Sect[4]/Table[2]/TR[7]/TD[2]/P","Text":"117 ","TextSize":10.080001831054688,"attributes":{"LineHeight":12.125},"elementId":82},{"Bounds":[420.3800048828125,206.42320251464844,434.86000061035156,215.87823486328125],"ClipBounds":[420.3800048828125,206.42320251464844,434.86000061035156,215.87823486328125],"Page":0,"Path":"//Document/Sect[4]/Table[2]/TR[7]/TD[3]","attributes":{"BBox":[413.74299999998766,189.86499999999796,481.8999999999942,223.4629999999961],"BlockAlign":"Before","BorderColor":[0,0,0],"BorderStyle":"Solid","BorderThickness":0.25,"ColIndex":2,"Height":33.625,"InlineAlign":"Start","RowIndex":6,"Width":68.125},"elementId":83},{"Bounds":[420.3800048828125,206.42320251464844,434.86000061035156,215.87823486328125],"ClipBounds":[420.3800048828125,206.42320251464844,434.86000061035156,215.87823486328125],"Font":{"alt_family_name":"Arial","embedded":true,"encoding":"WinAnsiEncoding","family_name":"Arial MT","font_type":"TrueType","italic":false,"monospaced":false,"name":"LWOOQR+ArialMT","subset":true,"weight":400},"HasClip":true,"Lang":"en","Page":0,"Path":"//Document/Sect[4]/Table[2]/TR[7]/TD[3]/P","Text":"94 ","TextSize":10.080001831054688,"attributes":{"LineHeight":12.125},"elementId":84},{"Bounds":[487.00999450683594,206.42320251464844,523.4736785888672,215.87823486328125],"ClipBounds":[487.00999450683594,206.42320251464844,523.4736785888672,215.87823486328125],"Page":0,"Path":"//Document/Sect[4]/Table[2]/TR[7]/TD[4]","attributes":{"BBox":[481.41999999999825,189.86499999999796,541.417999999976,223.4629999999961],"BlockAlign":"Before","BorderColor":[0,0,0],"BorderStyle":"Solid","BorderThickness":[0.25,0.25,0.25,0.5],"ColIndex":3,"Height":33.625,"InlineAlign":"Start","RowIndex":6,"Width":60},"elementId":85},{"Bounds":[487.00999450683594,206.42320251464844,523.4736785888672,215.87823486328125],"ClipBounds":[487.00999450683594,206.42320251464844,523.4736785888672,215.87823486328125],"Font":{"alt_family_name":"Arial","embedded":true,"encoding":"WinAnsiEncoding","family_name":"Arial MT","font_type":"TrueType","italic":false,"monospaced":false,"name":"LWOOQR+ArialMT","subset":true,"weight":400},"HasClip":true,"Lang":"en","Page":0,"Path":"//Document/Sect[4]/Table[2]/TR[7]/TD[4]/P","Text":"$10998 ","TextSize":10.080001831054688,"attributes":{"LineHeight":12.125},"elementId":86},{"Bounds":[77.447998046875,172.91319274902344,154.92288208007812,182.3682403564453],"ClipBounds":[77.447998046875,172.91319274902344,154.92288208007812,182.3682403564453],"Page":0,"Path":"//Document/Sect[4]/Table[2]/TR[8]/TD","attributes":{"BBox":[71.5170999999973,156.74599999999919,358.0649999999878,190.34399999999732],"BlockAlign":"Middle","BorderColor":[0,0,0],"BorderStyle":"Solid","BorderThickness":[0.25,0.25,0.5,0.25],"ColIndex":0,"Height":33.625,"InlineAlign":"Start","RowIndex":7,"Width":286.375},"elementId":87},{"Bounds":[77.447998046875,172.91319274902344,154.92288208007812,182.3682403564453],"ClipBounds":[77.447998046875,172.91319274902344,154.92288208007812,182.3682403564453],"Font":{"alt_family_name":"Arial","embedded":true,"encoding":"WinAnsiEncoding","family_name":"Arial MT","font_type":"TrueType","italic":false,"monospaced":false,"name":"LWOOQR+ArialMT","subset":true,"weight":400},"HasClip":true,"Lang":"en","Page":0,"Path":"//Document/Sect[4]/Table[2]/TR[8]/TD/P","Text":"Tasty Fresh Fish ","TextSize":10.080001831054688,"attributes":{"LineHeight":12.125},"elementId":88},{"Bounds":[363.82000732421875,172.91319274902344,383.3751983642578,182.3682403564453],"ClipBounds":[363.82000732421875,172.91319274902344,383.3751983642578,182.3682403564453],"Page":0,"Path":"//Document/Sect[4]/Table[2]/TR[8]/TD[2]","attributes":{"BBox":[357.58499999999185,156.74599999999919,414.22299999999814,190.34399999999732],"BlockAlign":"Middle","BorderColor":[0,0,0],"BorderStyle":"Solid","BorderThickness":0.25,"ColIndex":1,"Height":33.625,"InlineAlign":"Start","RowIndex":7,"Width":56.625},"elementId":89},{"Bounds":[363.82000732421875,172.91319274902344,383.3751983642578,182.3682403564453],"ClipBounds":[363.82000732421875,172.91319274902344,383.3751983642578,182.3682403564453],"Font":{"alt_family_name":"Arial","embedded":true,"encoding":"WinAnsiEncoding","family_name":"Arial MT","font_type":"TrueType","italic":false,"monospaced":false,"name":"LWOOQR+ArialMT","subset":true,"weight":400},"HasClip":true,"Lang":"en","Page":0,"Path":"//Document/Sect[4]/Table[2]/TR[8]/TD[2]/P","Text":"100 ","TextSize":10.080001831054688,"attributes":{"LineHeight":12.125},"elementId":90},{"Bounds":[420.3800048828125,172.91319274902344,434.86000061035156,182.3682403564453],"ClipBounds":[420.3800048828125,172.91319274902344,434.86000061035156,182.3682403564453],"Page":0,"Path":"//Document/Sect[4]/Table[2]/TR[8]/TD[3]","attributes":{"BBox":[413.74299999998766,156.74599999999919,481.8999999999942,190.34399999999732],"BlockAlign":"Middle","BorderColor":[0,0,0],"BorderStyle":"Solid","BorderThickness":0.25,"ColIndex":2,"Height":33.625,"InlineAlign":"Start","RowIndex":7,"Width":68.125},"elementId":91},{"Bounds":[420.3800048828125,172.91319274902344,434.86000061035156,182.3682403564453],"ClipBounds":[420.3800048828125,172.91319274902344,434.86000061035156,182.3682403564453],"Font":{"alt_family_name":"Arial","embedded":true,"encoding":"WinAnsiEncoding","family_name":"Arial MT","font_type":"TrueType","italic":false,"monospaced":false,"name":"LWOOQR+ArialMT","subset":true,"weight":400},"HasClip":true,"Lang":"en","Page":0,"Path":"//Document/Sect[4]/Table[2]/TR[8]/TD[3]/P","Text":"64 ","TextSize":10.080001831054688,"attributes":{"LineHeight":12.125},"elementId":92},{"Bounds":[487.00999450683594,172.91319274902344,517.7280731201172,182.3682403564453],"ClipBounds":[487.00999450683594,172.91319274902344,517.7280731201172,182.3682403564453],"Page":0,"Path":"//Document/Sect[4]/Table[2]/TR[8]/TD[4]","attributes":{"BBox":[481.41999999999825,156.74599999999919,541.417999999976,190.34399999999732],"BlockAlign":"Middle","BorderColor":[0,0,0],"BorderStyle":"Solid","BorderThickness":[0.25,0.25,0.25,0.5],"ColIndex":3,"Height":33.625,"InlineAlign":"Start","RowIndex":7,"Width":60},"elementId":93},{"Bounds":[487.00999450683594,172.91319274902344,517.7280731201172,182.3682403564453],"ClipBounds":[487.00999450683594,172.91319274902344,517.7280731201172,182.3682403564453],"Font":{"alt_family_name":"Arial","embedded":true,"encoding":"WinAnsiEncoding","family_name":"Arial MT","font_type":"TrueType","italic":false,"monospaced":false,"name":"LWOOQR+ArialMT","subset":true,"weight":400},"HasClip":true,"Lang":"en","Page":0,"Path":"//Document/Sect[4]/Table[2]/TR[8]/TD[4]/P","Text":"$6400 ","TextSize":10.080001831054688,"attributes":{"LineHeight":12.125},"elementId":94},{"Bounds":[77.447998046875,139.41319274902344,196.03919982910156,148.8682403564453],"ClipBounds":[77.447998046875,139.41319274902344,196.03919982910156,148.8682403564453],"Page":0,"Path":"//Document/Sect[4]/Table[2]/TR[9]/TD","attributes":{"BBox":[71.5170999999973,121.58699999999953,358.0649999999878,157.2259999999951],"BlockAlign":"Middle","BorderColor":[0,0,0],"BorderStyle":"Solid","BorderThickness":[0.25,0.625,0.5,0.25],"ColIndex":0,"Height":35.625,"InlineAlign":"Start","RowIndex":8,"Width":286.375},"elementId":95},{"Bounds":[77.447998046875,139.41319274902344,196.03919982910156,148.8682403564453],"ClipBounds":[77.447998046875,139.41319274902344,196.03919982910156,148.8682403564453],"Font":{"alt_family_name":"Arial","embedded":true,"encoding":"WinAnsiEncoding","family_name":"Arial MT","font_type":"TrueType","italic":false,"monospaced":false,"name":"LWOOQR+ArialMT","subset":true,"weight":400},"HasClip":true,"Lang":"en","Page":0,"Path":"//Document/Sect[4]/Table[2]/TR[9]/TD/P","Text":"Unbranded Cotton Gloves ","TextSize":10.080001831054688,"attributes":{"LineHeight":12.125},"elementId":96},{"Bounds":[363.82000732421875,139.41319274902344,378.3000030517578,148.8682403564453],"ClipBounds":[363.82000732421875,139.41319274902344,378.3000030517578,148.8682403564453],"Page":0,"Path":"//Document/Sect[4]/Table[2]/TR[9]/TD[2]","attributes":{"BBox":[357.58499999999185,121.58699999999953,414.22299999999814,157.2259999999951],"BlockAlign":"Middle","BorderColor":[0,0,0],"BorderStyle":"Solid","BorderThickness":[0.25,0.625,0.25,0.25],"ColIndex":1,"Height":35.625,"InlineAlign":"Start","RowIndex":8,"Width":56.625},"elementId":97},{"Bounds":[363.82000732421875,139.41319274902344,378.3000030517578,148.8682403564453],"ClipBounds":[363.82000732421875,139.41319274902344,378.3000030517578,148.8682403564453],"Font":{"alt_family_name":"Arial","embedded":true,"encoding":"WinAnsiEncoding","family_name":"Arial MT","font_type":"TrueType","italic":false,"monospaced":false,"name":"LWOOQR+ArialMT","subset":true,"weight":400},"HasClip":true,"Lang":"en","Page":0,"Path":"//Document/Sect[4]/Table[2]/TR[9]/TD[2]/P","Text":"14 ","TextSize":10.080001831054688,"attributes":{"LineHeight":12.125},"elementId":98},{"Bounds":[420.3800048828125,139.41319274902344,434.86000061035156,148.8682403564453],"ClipBounds":[420.3800048828125,139.41319274902344,434.86000061035156,148.8682403564453],"Page":0,"Path":"//Document/Sect[4]/Table[2]/TR[9]/TD[3]","attributes":{"BBox":[413.74299999998766,121.58699999999953,481.8999999999942,157.2259999999951],"BlockAlign":"Middle","BorderColor":[0,0,0],"BorderStyle":"Solid","BorderThickness":[0.25,0.625,0.25,0.25],"ColIndex":2,"Height":35.625,"InlineAlign":"Start","RowIndex":8,"Width":68.125},"elementId":99},{"Bounds":[420.3800048828125,139.41319274902344,434.86000061035156,148.8682403564453],"ClipBounds":[420.3800048828125,139.41319274902344,434.86000061035156,148.8682403564453],"Font":{"alt_family_name":"Arial","embedded":true,"encoding":"WinAnsiEncoding","family_name":"Arial MT","font_type":"TrueType","italic":false,"monospaced":false,"name":"LWOOQR+ArialMT","subset":true,"weight":400},"HasClip":true,"Lang":"en","Page":0,"Path":"//Document/Sect[4]/Table[2]/TR[9]/TD[3]/P","Text":"96 ","TextSize":10.080001831054688,"attributes":{"LineHeight":12.125},"elementId":100},{"Bounds":[487.00999450683594,139.41319274902344,517.7280731201172,148.8682403564453],"ClipBounds":[487.00999450683594,139.41319274902344,517.7280731201172,148.8682403564453],"Page":0,"Path":"//Document/Sect[4]/Table[2]/TR[9]/TD[4]","attributes":{"BBox":[481.41999999999825,121.58699999999953,541.417999999976,157.2259999999951],"BlockAlign":"Middle","BorderColor":[0,0,0],"BorderStyle":"Solid","BorderThickness":[0.25,0.625,0.25,0.5],"ColIndex":3,"Height":35.625,"InlineAlign":"Start","RowIndex":8,"Width":60},"elementId":101},{"Bounds":[487.00999450683594,139.41319274902344,517.7280731201172,148.8682403564453],"ClipBounds":[487.00999450683594,139.41319274902344,517.7280731201172,148.8682403564453],"Font":{"alt_family_name":"Arial","embedded":true,"encoding":"WinAnsiEncoding","family_name":"Arial MT","font_type":"TrueType","italic":false,"monospaced":false,"name":"LWOOQR+ArialMT","subset":true,"weight":400},"HasClip":true,"Lang":"en","Page":0,"Path":"//Document/Sect[4]/Table[2]/TR[9]/TD[4]/P","Text":"$1344 ","TextSize":10.080001831054688,"attributes":{"LineHeight":12.125},"elementId":102},{"Bounds":[77.447998046875,663.1132049560547,522.3792724609375,706.0482330322266],"ClipBounds":[77.447998046875,663.1132049560547,522.3792724609375,706.0482330322266],"Page":1,"Path":"//Document/Sect[4]/Table[3]","attributes":{"BBox":[77.03689999999915,665.2849999999744,519.8189999999886,704.4039999999804],"NumCol":2,"NumRow":2,"Placement":"Block","SpaceAfter":11.25},"filePaths":["tables/fileoutpart4.xlsx","tables/fileoutpart5.png"],"elementId":103},{"Bounds":[77.447998046875,696.5932006835938,120.4593505859375,706.0482330322266],"ClipBounds":[77.447998046875,696.5932006835938,120.4593505859375,706.0482330322266],"Page":1,"Path":"//Document/Sect[4]/Table[3]/TR/TD","attributes":{"BBox":[77.03689999999915,679.6849999999977,479.5,704.4039999999804],"BlockAlign":"Before","ColIndex":0,"Height":24.75,"InlineAlign":"Start","RowIndex":0,"Width":402.5},"elementId":104},{"Bounds":[77.447998046875,696.5932006835938,120.4593505859375,706.0482330322266],"ClipBounds":[77.447998046875,696.5932006835938,120.4593505859375,706.0482330322266],"Font":{"alt_family_name":"Arial","embedded":true,"encoding":"WinAnsiEncoding","family_name":"Arial","font_type":"TrueType","italic":false,"monospaced":false,"name":"BUQGGL+Arial-BoldMT","subset":true,"weight":700},"HasClip":true,"Lang":"en","Page":1,"Path":"//Document/Sect[4]/Table[3]/TR/TD/P","Text":"Subtotal ","TextSize":10.080001831054688,"attributes":{"LineHeight":12.125},"elementId":105},{"Bounds":[485.92999267578125,696.5932006835938,522.3792724609375,706.0482330322266],"ClipBounds":[485.92999267578125,696.5932006835938,522.3792724609375,706.0482330322266],"Page":1,"Path":"//Document/Sect[4]/Table[3]/TR/TD[2]","attributes":{"BBox":[479.5,679.6849999999977,519.8189999999886,704.4039999999804],"BlockAlign":"Before","ColIndex":1,"Height":24.75,"InlineAlign":"Start","RowIndex":0,"Width":40.375},"elementId":106},{"Bounds":[485.92999267578125,696.5932006835938,522.3792724609375,706.0482330322266],"ClipBounds":[485.92999267578125,696.5932006835938,522.3792724609375,706.0482330322266],"Font":{"alt_family_name":"Arial","embedded":true,"encoding":"WinAnsiEncoding","family_name":"Arial MT","font_type":"TrueType","italic":false,"monospaced":false,"name":"LWOOQR+ArialMT","subset":true,"weight":400},"HasClip":true,"Lang":"en","Page":1,"Path":"//Document/Sect[4]/Table[3]/TR/TD[2]/P","Text":"$49017 ","TextSize":10.080001831054688,"attributes":{"LineHeight":12.125},"elementId":107},{"Bounds":[77.447998046875,663.1132049560547,109.73143005371094,672.5682373046875],"ClipBounds":[77.447998046875,663.1132049560547,109.73143005371094,672.5682373046875],"Page":1,"Path":"//Document/Sect[4]/Table[3]/TR[2]/TD","attributes":{"BBox":[77.03689999999915,665.2849999999744,479.5,679.6849999999977],"BlockAlign":"After","ColIndex":0,"Height":14.375,"InlineAlign":"Start","RowIndex":1,"Width":402.5},"elementId":108},{"Bounds":[77.447998046875,663.1132049560547,109.73143005371094,672.5682373046875],"ClipBounds":[77.447998046875,663.1132049560547,109.73143005371094,672.5682373046875],"Font":{"alt_family_name":"Arial","embedded":true,"encoding":"WinAnsiEncoding","family_name":"Arial","font_type":"TrueType","italic":false,"monospaced":false,"name":"BUQGGL+Arial-BoldMT","subset":true,"weight":700},"HasClip":true,"Lang":"en","Page":1,"Path":"//Document/Sect[4]/Table[3]/TR[2]/TD/P","Text":"Tax % ","TextSize":10.080001831054688,"attributes":{"LineHeight":12.125},"elementId":109},{"Bounds":[485.92999267578125,663.1132049560547,500.4100036621094,672.5682373046875],"ClipBounds":[485.92999267578125,663.1132049560547,500.4100036621094,672.5682373046875],"Page":1,"Path":"//Document/Sect[4]/Table[3]/TR[2]/TD[2]","attributes":{"BBox":[479.5,665.2849999999744,519.8189999999886,679.6849999999977],"BlockAlign":"After","ColIndex":1,"Height":14.375,"InlineAlign":"Start","RowIndex":1,"Width":40.375},"elementId":110},{"Bounds":[485.92999267578125,663.1132049560547,500.4100036621094,672.5682373046875],"ClipBounds":[485.92999267578125,663.1132049560547,500.4100036621094,672.5682373046875],"Font":{"alt_family_name":"Arial","embedded":true,"encoding":"WinAnsiEncoding","family_name":"Arial MT","font_type":"TrueType","italic":false,"monospaced":false,"name":"LWOOQR+ArialMT","subset":true,"weight":400},"HasClip":true,"Lang":"en","Page":1,"Path":"//Document/Sect[4]/Table[3]/TR[2]/TD[2]/P","Text":"10 ","TextSize":10.080001831054688,"attributes":{"LineHeight":12.125},"elementId":111},{"Bounds":[77.447998046875,565.8632049560547,126.14447021484375,575.3182373046875],"ClipBounds":[77.447998046875,565.8632049560547,126.14447021484375,575.3182373046875],"Font":{"alt_family_name":"Arial","embedded":true,"encoding":"WinAnsiEncoding","family_name":"Arial","font_type":"TrueType","italic":false,"monospaced":false,"name":"BUQGGL+Arial-BoldMT","subset":true,"weight":700},"HasClip":true,"Lang":"en","Page":1,"Path":"//Document/Sect[5]/H1","Text":"Total Due ","TextSize":10.080001831054688,"attributes":{"SpaceAfter":9},"elementId":112},{"Bounds":[485.92999267578125,563.5700073242188,526.1329956054688,572.0119934082031],"ClipBounds":[485.92999267578125,563.5700073242188,526.1329956054688,572.0119934082031],"Font":{"alt_family_name":"Arial","embedded":true,"encoding":"WinAnsiEncoding","family_name":"Arial MT","font_type":"TrueType","italic":false,"monospaced":false,"name":"LWOOQR+ArialMT","subset":true,"weight":400},"HasClip":true,"Lang":"en","Page":1,"Path":"//Document/Sect[5]/P","Text":"$53918.7 ","TextSize":9,"attributes":{"LineHeight":10.75,"TextAlign":"End"},"elementId":113}],"pages":[{"boxes":{"CropBox":[0,0,612,792],"MediaBox":[0,0,612,792]},"height":792,"is_scanned":false,"page_number":0,"rotation":0,"width":612},{"boxes":{"CropBox":[0,0,612,792],"MediaBox":[0,0,612,792]},"height":792,"is_scanned":false,"page_number":1,"rotation":0,"width":612}]}