{"version":{"json_export":"187","page_segmentation":"5","schema":"1.1.0","structure":"1.1036.0","table_structure":"5"},"extended_metadata":{"ID_instance":"F6 36 54 3B 3B B7 B2 11 0A 00 67 45 8B 6B C6 23 ","ID_permanent":"39 31 20 36 34 20 35 30 20 33 42 20 33 42 20 42 37 20 42 32 20 31 31 20 30 41 20 30 30 20 36 37 20 34 35 20 38 42 20 36 42 20 43 36 20 32 33 20 ","pdf_version":"1.6","pdfa_compliance_level":"","is_encrypted":false,"has_acroform":false,"is_digitally_signed":false,"pdfua_compliance_level":"","page_count":2,"has_embedded_files":false,"is_certified":false,"is_XFA":false,"language":"en-US"},"elements":[{"Bounds":[76.72799682617188,734.4232025146484,171.43968200683594,743.8782348632812],"ClipBounds":[76.72799682617188,734.4232025146484,171.43968200683594,743.8782348632812],"Font":{"alt_family_name":"Arial","embedded":true,"encoding":"WinAnsiEncoding","family_name":"Arial","font_type":"TrueType","italic":false,"monospaced":false,"name":"SUOLYD+Arial-BoldMT","subset":true,"weight":700},"HasClip":true,"Page":0,"Path":"//Document/Sect/P/Sub","Text":"NearBy Electronics ","TextSize":10.080001831054688,"attributes":{"Placement":"Block"},"elementId":1},{"Bounds":[76.72799682617188,721.1031951904297,214.52447509765625,730.5582427978516],"ClipBounds":[76.72799682617188,721.1031951904297,214.52447509765625,730.5582427978516],"Font":{"alt_family_name":"Arial","embedded":true,"encoding":"WinAnsiEncoding","family_name":"Arial MT","font_type":"TrueType","italic":false,"monospaced":false,"name":"CWMTIJ+ArialMT","subset":true,"weight":400},"HasClip":true,"Page":0,"Path":"//Document/Sect/P/Sub[2]","Text":"3741 Glory Road, Jamestown, ","TextSize":10.080001831054688,"attributes":{"Placement":"Block"},"elementId":2},{"Bounds":[76.72799682617188,708.1132049560547,155.30166625976562,717.5682373046875],"ClipBounds":[76.72799682617188,708.1132049560547,155.30166625976562,717.5682373046875],"Font":{"alt_family_name":"Arial","embedded":true,"encoding":"WinAnsiEncoding","family_name":"Arial MT","font_type":"TrueType","italic":false,"monospaced":false,"name":"CWMTIJ+ArialMT","subset":true,"weight":400},"HasClip":true,"Page":0,"Path":"//Document/Sect/P/Sub[3]","Text":"Tennessee, USA ","TextSize":10.080001831054688,"attributes":{"Placement":"Block"},"elementId":3},{"Bounds":[76.72799682617188,694.7931976318359,107.43167114257812,704.2482452392578],"ClipBounds":[76.72799682617188,694.7931976318359,107.43167114257812,704.2482452392578],"Font":{"alt_family_name":"Arial","embedded":true,"encoding":"WinAnsiEncoding","family_name":"Arial MT","font_type":"TrueType","italic":false,"monospaced":false,"name":"CWMTIJ+ArialMT","subset":true,"weight":400},"HasClip":true,"Page":0,"Path":"//Document/Sect/P/Sub[4]","Text":"38556 ","TextSize":10.080001831054688,"attributes":{"Placement":"Block"},"elementId":4},{"Bounds":[338.25999450683594,708.1132049560547,543.2117614746094,730.5582427978516],"ClipBounds":[338.25999450683594,708.1132049560547,543.2117614746094,730.5582427978516],"Font":{"alt_family_name":"Arial","embedded":true,"encoding":"WinAnsiEncoding","family_name":"Arial","font_type":"TrueType","italic":false,"monospaced":false,"name":"SUOLYD+Arial-BoldMT","subset":true,"weight":700},"HasClip":true,"Lang":"en","Page":0,"Path":"//Document/Sect/P[2]","Text":"Invoice# HU09591267295510040401720839 Issue date ","TextSize":10.080001831054688,"attributes":{"LineHeight":13,"TextAlign":"End"},"elementId":5},{"Bounds":[489.1699981689453,694.7931976318359,543.3080749511719,704.2482452392578],"ClipBounds":[489.1699981689453,694.7931976318359,543.3080749511719,704.2482452392578],"Font":{"alt_family_name":"Arial","embedded":true,"encoding":"WinAnsiEncoding","family_name":"Arial MT","font_type":"TrueType","italic":false,"monospaced":false,"name":"CWMTIJ+ArialMT","subset":true,"weight":400},"HasClip":true,"Lang":"en","Page":0,"Path":"//Document/Sect/P[3]","Text":"12-05-2023 ","TextSize":10.080001831054688,"attributes":{"LineHeight":12.125,"SpaceAfter":6.625,"TextAlign":"End"},"elementId":6},{"Bounds":[76.72799682617188,649.9085540771484,295.7052459716797,673.2309875488281],"ClipBounds":[76.72799682617188,649.9085540771484,295.7052459716797,673.2309875488281],"Font":{"alt_family_name":"Arial","embedded":true,"encoding":"WinAnsiEncoding","family_name":"Arial MT","font_type":"TrueType","italic":false,"monospaced":false,"name":"CWMTIJ+ArialMT","subset":true,"weight":400},"HasClip":true,"Lang":"en","Page":0,"Path":"//Document/Sect/Title","Text":"NearBy Electronics ","TextSize":24.863998413085938,"attributes":{"LineHeight":29.875,"SpaceAfter":7},"elementId":7},{"Bounds":[76.72799682617188,633.9331970214844,460.8868713378906,643.3882446289062],"ClipBounds":[76.72799682617188,633.9331970214844,460.8868713378906,643.3882446289062],"Font":{"alt_family_name":"Arial","embedded":true,"encoding":"WinAnsiEncoding","family_name":"Arial MT","font_type":"TrueType","italic":false,"monospaced":false,"name":"CWMTIJ+ArialMT","subset":true,"weight":400},"HasClip":true,"Lang":"en","Page":0,"Path":"//Document/Sect/P[4]","Text":"We are here to serve you better. Reach out to us in case of any concern or feedbacks. ","TextSize":10.080001831054688,"attributes":{"SpaceAfter":18},"elementId":8},{"Bounds":[81.04800415039062,501.7431945800781,513.0480804443359,590.438232421875],"ClipBounds":[81.04800415039062,501.7431945800781,513.0480804443359,590.438232421875],"Page":0,"Path":"//Document/Sect/Table","attributes":{"BBox":[80.99669999999969,503.89199999999255,558.2169999999751,588.9679999999935],"NumCol":3,"NumRow":2,"Placement":"Block","SpaceAfter":18},"filePaths":["tables/fileoutpart0.xlsx","tables/fileoutpart1.png"],"elementId":9},{"Bounds":[81.04800415039062,580.9832000732422,122.99087524414062,590.438232421875],"ClipBounds":[81.04800415039062,580.9832000732422,122.99087524414062,590.438232421875],"Page":0,"Path":"//Document/Sect/Table/TR/TH","attributes":{"BBox":[80.99669999999969,580.3289999999979,220.31099999999424,588.9679999999935],"BlockAlign":"Before","ColIndex":0,"Height":8.625,"InlineAlign":"Start","RowIndex":0,"Width":139.375},"elementId":10},{"Bounds":[81.04800415039062,580.9832000732422,122.99087524414062,590.438232421875],"ClipBounds":[81.04800415039062,580.9832000732422,122.99087524414062,590.438232421875],"Font":{"alt_family_name":"Arial","embedded":true,"encoding":"WinAnsiEncoding","family_name":"Arial","font_type":"TrueType","italic":false,"monospaced":false,"name":"SUOLYD+Arial-BoldMT","subset":true,"weight":700},"HasClip":true,"Lang":"en","Page":0,"Path":"//Document/Sect/Table/TR/TH/P","Text":"BILL TO ","TextSize":10.080001831054688,"attributes":{"LineHeight":12.125},"elementId":11},{"Bounds":[240.25999450683594,580.9832000732422,286.1240692138672,590.438232421875],"ClipBounds":[240.25999450683594,580.9832000732422,286.1240692138672,590.438232421875],"Page":0,"Path":"//Document/Sect/Table/TR/TH[2]","attributes":{"BBox":[220.31099999999424,580.3289999999979,359.2649999999994,588.9679999999935],"BlockAlign":"Before","ColIndex":1,"Height":8.625,"InlineAlign":"Start","RowIndex":0,"Width":139},"elementId":12},{"Bounds":[240.25999450683594,580.9832000732422,286.1240692138672,590.438232421875],"ClipBounds":[240.25999450683594,580.9832000732422,286.1240692138672,590.438232421875],"Font":{"alt_family_name":"Arial","embedded":true,"encoding":"WinAnsiEncoding","family_name":"Arial","font_type":"TrueType","italic":false,"monospaced":false,"name":"SUOLYD+Arial-BoldMT","subset":true,"weight":700},"HasClip":true,"Lang":"en","Page":0,"Path":"//Document/Sect/Table/TR/TH[2]/P","Text":"DETAILS ","TextSize":10.080001831054688,"attributes":{"LineHeight":12.125},"elementId":13},{"Bounds":[412.8000030517578,580.9832000732422,464.58103942871094,590.438232421875],"ClipBounds":[412.8000030517578,580.9832000732422,464.58103942871094,590.438232421875],"Page":0,"Path":"//Document/Sect/Table/TR/TH[3]","attributes":{"BBox":[359.2649999999994,580.3289999999979,558.2169999999751,588.9679999999935],"BlockAlign":"Before","ColIndex":2,"Height":8.625,"InlineAlign":"Center","RowIndex":0,"Width":199},"elementId":14},{"Bounds":[412.8000030517578,580.9832000732422,464.58103942871094,590.438232421875],"ClipBounds":[412.8000030517578,580.9832000732422,464.58103942871094,590.438232421875],"Font":{"alt_family_name":"Arial","embedded":true,"encoding":"WinAnsiEncoding","family_name":"Arial","font_type":"TrueType","italic":false,"monospaced":false,"name":"SUOLYD+Arial-BoldMT","subset":true,"weight":700},"HasClip":true,"Lang":"en","Page":0,"Path":"//Document/Sect/Table/TR/TH[3]/P","Text":"PAYMENT ","TextSize":10.080001831054688,"attributes":{"LineHeight":12.125},"elementId":15},{"Bounds":[81.04800415039062,501.7431945800781,202.3607940673828,577.1182403564453],"ClipBounds":[81.04800415039062,501.7431945800781,202.3607940673828,577.1182403564453],"Page":0,"Path":"//Document/Sect/Table/TR[2]/TD","attributes":{"BBox":[80.99669999999969,503.89199999999255,220.31099999999424,580.3289999999979],"BlockAlign":"After","ColIndex":0,"Height":76.375,"InlineAlign":"Start","RowIndex":1,"Width":139.375},"elementId":16},{"Bounds":[81.04800415039062,567.6631927490234,133.02047729492188,577.1182403564453],"ClipBounds":[81.04800415039062,567.6631927490234,133.02047729492188,577.1182403564453],"Font":{"alt_family_name":"Arial","embedded":true,"encoding":"WinAnsiEncoding","family_name":"Arial MT","font_type":"TrueType","italic":false,"monospaced":false,"name":"CWMTIJ+ArialMT","subset":true,"weight":400},"HasClip":true,"Page":0,"Path":"//Document/Sect/Table/TR[2]/TD/P/Sub","Text":"Don Zulauf ","TextSize":10.080001831054688,"attributes":{"Placement":"Block"},"elementId":17},{"Bounds":[81.04800415039062,554.6831970214844,202.3607940673828,564.1382446289062],"ClipBounds":[81.04800415039062,554.6831970214844,202.3607940673828,564.1382446289062],"Font":{"alt_family_name":"Arial","embedded":true,"encoding":"WinAnsiEncoding","family_name":"Arial MT","font_type":"TrueType","italic":false,"monospaced":false,"name":"CWMTIJ+ArialMT","subset":true,"weight":400},"HasClip":true,"Page":0,"Path":"//Document/Sect/Table/TR[2]/TD/P/Sub[2]","Text":"Don_Zulauf40@hotmail.co ","TextSize":10.080001831054688,"attributes":{"Placement":"Block"},"elementId":18},{"Bounds":[81.04800415039062,541.3632049560547,92.24681091308594,550.8182373046875],"ClipBounds":[81.04800415039062,541.3632049560547,92.24681091308594,550.8182373046875],"Font":{"alt_family_name":"Arial","embedded":true,"encoding":"WinAnsiEncoding","family_name":"Arial MT","font_type":"TrueType","italic":false,"monospaced":false,"name":"CWMTIJ+ArialMT","subset":true,"weight":400},"HasClip":true,"Page":0,"Path":"//Document/Sect/Table/TR[2]/TD/P/Sub[3]","Text":"m ","TextSize":10.080001831054688,"attributes":{"Placement":"Block"},"elementId":19},{"Bounds":[81.04800415039062,528.0431976318359,146.34808349609375,537.4982452392578],"ClipBounds":[81.04800415039062,528.0431976318359,146.34808349609375,537.4982452392578],"Font":{"alt_family_name":"Arial","embedded":true,"encoding":"WinAnsiEncoding","family_name":"Arial MT","font_type":"TrueType","italic":false,"monospaced":false,"name":"CWMTIJ+ArialMT","subset":true,"weight":400},"HasClip":true,"Page":0,"Path":"//Document/Sect/Table/TR[2]/TD/P/Sub[4]","Text":"110-825-4839 ","TextSize":10.080001831054688,"attributes":{"Placement":"Block"},"elementId":20},{"Bounds":[81.04800415039062,514.7232055664062,161.27464294433594,524.1782379150391],"ClipBounds":[81.04800415039062,514.7232055664062,161.27464294433594,524.1782379150391],"Font":{"alt_family_name":"Arial","embedded":true,"encoding":"WinAnsiEncoding","family_name":"Arial MT","font_type":"TrueType","italic":false,"monospaced":false,"name":"CWMTIJ+ArialMT","subset":true,"weight":400},"HasClip":true,"Page":0,"Path":"//Document/Sect/Table/TR[2]/TD/P/Sub[5]","Text":"121 Jacobs River ","TextSize":10.080001831054688,"attributes":{"Placement":"Block"},"elementId":21},{"Bounds":[81.04800415039062,501.7431945800781,122.23239135742188,511.1982421875],"ClipBounds":[81.04800415039062,501.7431945800781,122.23239135742188,511.1982421875],"Font":{"alt_family_name":"Arial","embedded":true,"encoding":"WinAnsiEncoding","family_name":"Arial MT","font_type":"TrueType","italic":false,"monospaced":false,"name":"CWMTIJ+ArialMT","subset":true,"weight":400},"HasClip":true,"Page":0,"Path":"//Document/Sect/Table/TR[2]/TD/P/Sub[6]","Text":"Port-Vila ","TextSize":10.080001831054688,"attributes":{"Placement":"Block"},"elementId":22},{"Bounds":[240.25999450683594,541.3632049560547,358.8209533691406,577.1182403564453],"ClipBounds":[240.25999450683594,541.3632049560547,358.8209533691406,577.1182403564453],"Page":0,"Path":"//Document/Sect/Table/TR[2]/TD[2]","attributes":{"BBox":[220.31099999999424,503.89199999999255,359.2649999999994,580.3289999999979],"BlockAlign":"Before","ColIndex":1,"Height":76.375,"InlineAlign":"Start","RowIndex":1,"Width":139},"elementId":23},{"Bounds":[240.25999450683594,541.3632049560547,358.8209533691406,577.1182403564453],"ClipBounds":[240.25999450683594,541.3632049560547,358.8209533691406,577.1182403564453],"Font":{"alt_family_name":"Arial","embedded":true,"encoding":"WinAnsiEncoding","family_name":"Arial MT","font_type":"TrueType","italic":false,"monospaced":false,"name":"CWMTIJ+ArialMT","subset":true,"weight":400},"HasClip":true,"Lang":"no","Page":0,"Path":"//Document/Sect/Table/TR[2]/TD[2]/P","Text":"cillum pariatur ut quis quis amet est laborum esse ut laboris ","TextSize":10.080001831054688,"attributes":{"LineHeight":13.125},"elementId":24},{"Bounds":[410.63999938964844,535.3764038085938,513.0480804443359,577.1182403564453],"ClipBounds":[410.63999938964844,535.3764038085938,513.0480804443359,577.1182403564453],"Page":0,"Path":"//Document/Sect/Table/TR[2]/TD[3]","attributes":{"BBox":[359.2649999999994,503.89199999999255,558.2169999999751,580.3289999999979],"BlockAlign":"Before","ColIndex":2,"Height":76.375,"InlineAlign":"Start","RowIndex":1,"Width":199},"elementId":25},{"Bounds":[412.8000030517578,567.6631927490234,513.0480804443359,577.1182403564453],"ClipBounds":[412.8000030517578,567.6631927490234,513.0480804443359,577.1182403564453],"Font":{"alt_family_name":"Arial","embedded":true,"encoding":"WinAnsiEncoding","family_name":"Arial MT","font_type":"TrueType","italic":false,"monospaced":false,"name":"CWMTIJ+ArialMT","subset":true,"weight":400},"HasClip":true,"Lang":"en","Page":0,"Path":"//Document/Sect/Table/TR[2]/TD[3]/P","Text":"Due date: 29-06-2023 ","TextSize":10.080001831054688,"attributes":{"LineHeight":12.125},"elementId":26},{"Bounds":[410.63999938964844,535.3764038085938,459.87107849121094,545.844482421875],"ClipBounds":[410.63999938964844,535.3764038085938,459.87107849121094,545.844482421875],"Font":{"alt_family_name":"Arial","embedded":true,"encoding":"WinAnsiEncoding","family_name":"Arial","font_type":"TrueType","italic":false,"monospaced":false,"name":"SUOLYD+Arial-BoldMT","subset":true,"weight":700},"HasClip":true,"Lang":"en","Page":0,"Path":"//Document/Sect/Table/TR[2]/TD[3]/P[2]","Text":"$28551.6 ","TextSize":11.160003662109375,"attributes":{"LineHeight":13.375},"elementId":27},{"Bounds":[77.447998046875,430.0731964111328,530.1510314941406,439.5282440185547],"ClipBounds":[77.447998046875,430.0731964111328,530.1510314941406,439.5282440185547],"Page":0,"Path":"//Document/Sect/Table[2]","attributes":{"BBox":[71.5170999999973,414.73499999998603,540.9379999999946,447.73399999999674],"NumCol":4,"Placement":"Block","SpaceAfter":18},"filePaths":["tables/fileoutpart2.xlsx","tables/fileoutpart3.png"],"elementId":28},{"Bounds":[77.447998046875,430.0731964111328,104.47239685058594,439.5282440185547],"ClipBounds":[77.447998046875,430.0731964111328,104.47239685058594,439.5282440185547],"Page":0,"Path":"//Document/Sect/Table[2]/TR/TD","attributes":{"BBox":[71.5170999999973,413.8949999999895,358.78499999998894,447.73399999999674],"BlockAlign":"Middle","BorderColor":[[0,0,0],[0.6235349999999755,0.6235349999999755,0.6235349999999755],[0,0,0],[0,0,0]],"BorderStyle":"Solid","BorderThickness":[0.625,0.875,0.5,0.25],"ColIndex":0,"Height":33.875,"InlineAlign":"Start","RowIndex":0,"Width":287.25},"elementId":29},{"Bounds":[77.447998046875,430.0731964111328,104.47239685058594,439.5282440185547],"ClipBounds":[77.447998046875,430.0731964111328,104.47239685058594,439.5282440185547],"Font":{"alt_family_name":"Arial","embedded":true,"encoding":"WinAnsiEncoding","family_name":"Arial","font_type":"TrueType","italic":false,"monospaced":false,"name":"SUOLYD+Arial-BoldMT","subset":true,"weight":700},"HasClip":true,"Lang":"en","Page":0,"Path":"//Document/Sect/Table[2]/TR/TD/P","Text":"ITEM ","TextSize":10.080001831054688,"attributes":{"LineHeight":12.125},"elementId":30},{"Bounds":[363.1000061035156,430.0731964111328,386.6570281982422,439.5282440185547],"ClipBounds":[363.1000061035156,430.0731964111328,386.6570281982422,439.5282440185547],"Page":0,"Path":"//Document/Sect/Table[2]/TR/TD[2]","attributes":{"BBox":[358.304999999993,413.8949999999895,415.6629999999859,447.73399999999674],"BlockAlign":"Middle","BorderColor":[[0,0,0],[0.6235349999999755,0.6235349999999755,0.6235349999999755],[0,0,0],[0,0,0]],"BorderStyle":"Solid","BorderThickness":[0.625,0.875,0.25,0.25],"ColIndex":1,"Height":33.875,"InlineAlign":"Start","RowIndex":0,"Width":57.375},"elementId":31},{"Bounds":[363.1000061035156,430.0731964111328,386.6570281982422,439.5282440185547],"ClipBounds":[363.1000061035156,430.0731964111328,386.6570281982422,439.5282440185547],"Font":{"alt_family_name":"Arial","embedded":true,"encoding":"WinAnsiEncoding","family_name":"Arial","font_type":"TrueType","italic":false,"monospaced":false,"name":"SUOLYD+Arial-BoldMT","subset":true,"weight":700},"HasClip":true,"Lang":"en","Page":0,"Path":"//Document/Sect/Table[2]/TR/TD[2]/P","Text":"QTY ","TextSize":10.080001831054688,"attributes":{"LineHeight":12.125},"elementId":32},{"Bounds":[420.3800048828125,430.0731964111328,450.7712707519531,439.5282440185547],"ClipBounds":[420.3800048828125,430.0731964111328,450.7712707519531,439.5282440185547],"Page":0,"Path":"//Document/Sect/Table[2]/TR/TD[3]","attributes":{"BBox":[415.18299999999,413.8949999999895,481.8999999999942,447.73399999999674],"BlockAlign":"Middle","BorderColor":[[0,0,0],[0.6235349999999755,0.6235349999999755,0.6235349999999755],[0,0,0],[0,0,0]],"BorderStyle":"Solid","BorderThickness":[0.625,0.875,0.25,0.25],"ColIndex":2,"Height":33.875,"InlineAlign":"Start","RowIndex":0,"Width":66.75},"elementId":33},{"Bounds":[420.3800048828125,430.0731964111328,450.7712707519531,439.5282440185547],"ClipBounds":[420.3800048828125,430.0731964111328,450.7712707519531,439.5282440185547],"Font":{"alt_family_name":"Arial","embedded":true,"encoding":"WinAnsiEncoding","family_name":"Arial","font_type":"TrueType","italic":false,"monospaced":false,"name":"SUOLYD+Arial-BoldMT","subset":true,"weight":700},"HasClip":true,"Lang":"en","Page":0,"Path":"//Document/Sect/Table[2]/TR/TD[3]/P","Text":"RATE ","TextSize":10.080001831054688,"attributes":{"LineHeight":12.125},"elementId":34},{"Bounds":[483.4100036621094,430.0731964111328,530.1510314941406,439.5282440185547],"ClipBounds":[483.4100036621094,430.0731964111328,530.1510314941406,439.5282440185547],"Page":0,"Path":"//Document/Sect/Table[2]/TR/TD[4]","attributes":{"BBox":[481.41999999999825,413.8949999999895,541.417999999976,447.73399999999674],"BlockAlign":"Middle","BorderColor":[[0,0,0],[0.6235349999999755,0.6235349999999755,0.6235349999999755],[0,0,0],[0,0,0]],"BorderStyle":"Solid","BorderThickness":[0.625,0.875,0.25,0.5],"ColIndex":3,"Height":33.875,"InlineAlign":"Start","RowIndex":0,"Width":60},"elementId":35},{"Bounds":[483.4100036621094,430.0731964111328,530.1510314941406,439.5282440185547],"ClipBounds":[483.4100036621094,430.0731964111328,530.1510314941406,439.5282440185547],"Font":{"alt_family_name":"Arial","embedded":true,"encoding":"WinAnsiEncoding","family_name":"Arial","font_type":"TrueType","italic":false,"monospaced":false,"name":"SUOLYD+Arial-BoldMT","subset":true,"weight":700},"HasClip":true,"Lang":"en","Page":0,"Path":"//Document/Sect/Table[2]/TR/TD[4]/P","Text":"AMOUNT ","TextSize":10.080001831054688,"attributes":{"LineHeight":12.125},"elementId":36},{"Bounds":[77.447998046875,226.5832061767578,517.7280731201172,403.50823974609375],"ClipBounds":[77.447998046875,226.5832061767578,517.7280731201172,403.50823974609375],"Page":0,"Path":"//Document/Sect/Table[3]","attributes":{"BBox":[71.5170999999973,209.42399999999907,540.9379999999946,411.97499999999127],"NumCol":4,"NumRow":6,"Placement":"Block","SpaceAfter":18},"filePaths":["tables/fileoutpart4.xlsx","tables/fileoutpart5.png"],"elementId":37},{"Bounds":[77.447998046875,394.05320739746094,190.63632202148438,403.50823974609375],"ClipBounds":[77.447998046875,394.05320739746094,190.63632202148438,403.50823974609375],"Page":0,"Path":"//Document/Sect/Table[3]/TR/TD","attributes":{"BBox":[71.5170999999973,376.33699999999953,358.0649999999878,411.97499999999127],"BlockAlign":"Before","BorderColor":[0,0,0],"BorderStyle":"Solid","BorderThickness":[0.625,0.25,0.5,0.25],"ColIndex":0,"Height":35.625,"InlineAlign":"Start","RowIndex":0,"Width":286.375},"elementId":38},{"Bounds":[77.447998046875,394.05320739746094,190.63632202148438,403.50823974609375],"ClipBounds":[77.447998046875,394.05320739746094,190.63632202148438,403.50823974609375],"Font":{"alt_family_name":"Arial","embedded":true,"encoding":"WinAnsiEncoding","family_name":"Arial MT","font_type":"TrueType","italic":false,"monospaced":false,"name":"CWMTIJ+ArialMT","subset":true,"weight":400},"HasClip":true,"Lang":"en","Page":0,"Path":"//Document/Sect/Table[3]/TR/TD/P","Text":"Fantastic Rubber Gloves ","TextSize":10.080001831054688,"attributes":{"LineHeight":12.125},"elementId":39},{"Bounds":[363.82000732421875,394.05320739746094,378.3000030517578,403.50823974609375],"ClipBounds":[363.82000732421875,394.05320739746094,378.3000030517578,403.50823974609375],"Page":0,"Path":"//Document/Sect/Table[3]/TR/TD[2]","attributes":{"BBox":[357.58499999999185,376.33699999999953,414.22299999999814,411.97499999999127],"BlockAlign":"Before","BorderColor":[0,0,0],"BorderStyle":"Solid","BorderThickness":[0.625,0.25,0.25,0.25],"ColIndex":1,"Height":35.625,"InlineAlign":"Start","RowIndex":0,"Width":56.625},"elementId":40},{"Bounds":[363.82000732421875,394.05320739746094,378.3000030517578,403.50823974609375],"ClipBounds":[363.82000732421875,394.05320739746094,378.3000030517578,403.50823974609375],"Font":{"alt_family_name":"Arial","embedded":true,"encoding":"WinAnsiEncoding","family_name":"Arial MT","font_type":"TrueType","italic":false,"monospaced":false,"name":"CWMTIJ+ArialMT","subset":true,"weight":400},"HasClip":true,"Lang":"en","Page":0,"Path":"//Document/Sect/Table[3]/TR/TD[2]/P","Text":"58 ","TextSize":10.080001831054688,"attributes":{"LineHeight":12.125},"elementId":41},{"Bounds":[420.3800048828125,394.05320739746094,434.86000061035156,403.50823974609375],"ClipBounds":[420.3800048828125,394.05320739746094,434.86000061035156,403.50823974609375],"Page":0,"Path":"//Document/Sect/Table[3]/TR/TD[3]","attributes":{"BBox":[413.74299999998766,376.33699999999953,481.8999999999942,411.97499999999127],"BlockAlign":"Before","BorderColor":[0,0,0],"BorderStyle":"Solid","BorderThickness":[0.625,0.25,0.25,0.25],"ColIndex":2,"Height":35.625,"InlineAlign":"Start","RowIndex":0,"Width":68.125},"elementId":42},{"Bounds":[420.3800048828125,394.05320739746094,434.86000061035156,403.50823974609375],"ClipBounds":[420.3800048828125,394.05320739746094,434.86000061035156,403.50823974609375],"Font":{"alt_family_name":"Arial","embedded":true,"encoding":"WinAnsiEncoding","family_name":"Arial MT","font_type":"TrueType","italic":false,"monospaced":false,"name":"CWMTIJ+ArialMT","subset":true,"weight":400},"HasClip":true,"Lang":"en","Page":0,"Path":"//Document/Sect/Table[3]/TR/TD[3]/P","Text":"65 ","TextSize":10.080001831054688,"attributes":{"LineHeight":12.125},"elementId":43},{"Bounds":[487.00999450683594,394.05320739746094,517.7280731201172,403.50823974609375],"ClipBounds":[487.00999450683594,394.05320739746094,517.7280731201172,403.50823974609375],"Page":0,"Path":"//Document/Sect/Table[3]/TR/TD[4]","attributes":{"BBox":[481.41999999999825,376.33699999999953,541.417999999976,411.97499999999127],"BlockAlign":"Before","BorderColor":[0,0,0],"BorderStyle":"Solid","BorderThickness":[0.625,0.25,0.25,0.5],"ColIndex":3,"Height":35.625,"InlineAlign":"Start","RowIndex":0,"Width":60},"elementId":44},{"Bounds":[487.00999450683594,394.05320739746094,517.7280731201172,403.50823974609375],"ClipBounds":[487.00999450683594,394.05320739746094,517.7280731201172,403.50823974609375],"Font":{"alt_family_name":"Arial","embedded":true,"encoding":"WinAnsiEncoding","family_name":"Arial MT","font_type":"TrueType","italic":false,"monospaced":false,"name":"CWMTIJ+ArialMT","subset":true,"weight":400},"HasClip":true,"Lang":"en","Page":0,"Path":"//Document/Sect/Table[3]/TR/TD[4]/P","Text":"$3770 ","TextSize":10.080001831054688,"attributes":{"LineHeight":12.125},"elementId":45},{"Bounds":[77.447998046875,360.5731964111328,179.72975158691406,370.0282440185547],"ClipBounds":[77.447998046875,360.5731964111328,179.72975158691406,370.0282440185547],"Page":0,"Path":"//Document/Sect/Table[3]/TR[2]/TD","attributes":{"BBox":[71.5170999999973,344.6579999999958,358.0649999999878,376.81699999999546],"BlockAlign":"Before","BorderColor":[0,0,0],"BorderStyle":"Solid","BorderThickness":[0.25,0.25,0.5,0.25],"ColIndex":0,"Height":32.125,"InlineAlign":"Start","RowIndex":1,"Width":286.375},"elementId":46},{"Bounds":[77.447998046875,360.5731964111328,179.72975158691406,370.0282440185547],"ClipBounds":[77.447998046875,360.5731964111328,179.72975158691406,370.0282440185547],"Font":{"alt_family_name":"Arial","embedded":true,"encoding":"WinAnsiEncoding","family_name":"Arial MT","font_type":"TrueType","italic":false,"monospaced":false,"name":"CWMTIJ+ArialMT","subset":true,"weight":400},"HasClip":true,"Lang":"en","Page":0,"Path":"//Document/Sect/Table[3]/TR[2]/TD/P","Text":"Refined Plastic Mouse ","TextSize":10.080001831054688,"attributes":{"LineHeight":12.125},"elementId":47},{"Bounds":[363.82000732421875,360.5731964111328,378.3000030517578,370.0282440185547],"ClipBounds":[363.82000732421875,360.5731964111328,378.3000030517578,370.0282440185547],"Page":0,"Path":"//Document/Sect/Table[3]/TR[2]/TD[2]","attributes":{"BBox":[357.58499999999185,344.6579999999958,414.22299999999814,376.81699999999546],"BlockAlign":"Before","BorderColor":[0,0,0],"BorderStyle":"Solid","BorderThickness":0.25,"ColIndex":1,"Height":32.125,"InlineAlign":"Start","RowIndex":1,"Width":56.625},"elementId":48},{"Bounds":[363.82000732421875,360.5731964111328,378.3000030517578,370.0282440185547],"ClipBounds":[363.82000732421875,360.5731964111328,378.3000030517578,370.0282440185547],"Font":{"alt_family_name":"Arial","embedded":true,"encoding":"WinAnsiEncoding","family_name":"Arial MT","font_type":"TrueType","italic":false,"monospaced":false,"name":"CWMTIJ+ArialMT","subset":true,"weight":400},"HasClip":true,"Lang":"en","Page":0,"Path":"//Document/Sect/Table[3]/TR[2]/TD[2]/P","Text":"56 ","TextSize":10.080001831054688,"attributes":{"LineHeight":12.125},"elementId":49},{"Bounds":[420.3800048828125,360.5731964111328,434.86000061035156,370.0282440185547],"ClipBounds":[420.3800048828125,360.5731964111328,434.86000061035156,370.0282440185547],"Page":0,"Path":"//Document/Sect/Table[3]/TR[2]/TD[3]","attributes":{"BBox":[413.74299999998766,344.6579999999958,481.8999999999942,376.81699999999546],"BlockAlign":"Before","BorderColor":[0,0,0],"BorderStyle":"Solid","BorderThickness":0.25,"ColIndex":2,"Height":32.125,"InlineAlign":"Start","RowIndex":1,"Width":68.125},"elementId":50},{"Bounds":[420.3800048828125,360.5731964111328,434.86000061035156,370.0282440185547],"ClipBounds":[420.3800048828125,360.5731964111328,434.86000061035156,370.0282440185547],"Font":{"alt_family_name":"Arial","embedded":true,"encoding":"WinAnsiEncoding","family_name":"Arial MT","font_type":"TrueType","italic":false,"monospaced":false,"name":"CWMTIJ+ArialMT","subset":true,"weight":400},"HasClip":true,"Lang":"en","Page":0,"Path":"//Document/Sect/Table[3]/TR[2]/TD[3]/P","Text":"79 ","TextSize":10.080001831054688,"attributes":{"LineHeight":12.125},"elementId":51},{"Bounds":[487.00999450683594,360.5731964111328,517.7280731201172,370.0282440185547],"ClipBounds":[487.00999450683594,360.5731964111328,517.7280731201172,370.0282440185547],"Page":0,"Path":"//Document/Sect/Table[3]/TR[2]/TD[4]","attributes":{"BBox":[481.41999999999825,344.6579999999958,541.417999999976,376.81699999999546],"BlockAlign":"Before","BorderColor":[0,0,0],"BorderStyle":"Solid","BorderThickness":[0.25,0.25,0.25,0.5],"ColIndex":3,"Height":32.125,"InlineAlign":"Start","RowIndex":1,"Width":60},"elementId":52},{"Bounds":[487.00999450683594,360.5731964111328,517.7280731201172,370.0282440185547],"ClipBounds":[487.00999450683594,360.5731964111328,517.7280731201172,370.0282440185547],"Font":{"alt_family_name":"Arial","embedded":true,"encoding":"WinAnsiEncoding","family_name":"Arial MT","font_type":"TrueType","italic":false,"monospaced":false,"name":"CWMTIJ+ArialMT","subset":true,"weight":400},"HasClip":true,"Lang":"en","Page":0,"Path":"//Document/Sect/Table[3]/TR[2]/TD[4]/P","Text":"$4424 ","TextSize":10.080001831054688,"attributes":{"LineHeight":12.125},"elementId":53},{"Bounds":[77.447998046875,327.0632019042969,183.74159240722656,336.5182342529297],"ClipBounds":[77.447998046875,327.0632019042969,183.74159240722656,336.5182342529297],"Page":0,"Path":"//Document/Sect/Table[3]/TR[3]/TD","attributes":{"BBox":[71.5170999999973,310.09999999999127,358.0649999999878,345.13799999999173],"BlockAlign":"Middle","BorderColor":[0,0,0],"BorderStyle":"Solid","BorderThickness":[0.25,0.25,0.5,0.25],"ColIndex":0,"Height":35,"InlineAlign":"Start","RowIndex":2,"Width":286.375},"elementId":54},{"Bounds":[77.447998046875,327.0632019042969,183.74159240722656,336.5182342529297],"ClipBounds":[77.447998046875,327.0632019042969,183.74159240722656,336.5182342529297],"Font":{"alt_family_name":"Arial","embedded":true,"encoding":"WinAnsiEncoding","family_name":"Arial MT","font_type":"TrueType","italic":false,"monospaced":false,"name":"CWMTIJ+ArialMT","subset":true,"weight":400},"HasClip":true,"Lang":"en","Page":0,"Path":"//Document/Sect/Table[3]/TR[3]/TD/P","Text":"Unbranded Rubber Hat ","TextSize":10.080001831054688,"attributes":{"LineHeight":12.125},"elementId":55},{"Bounds":[363.82000732421875,327.0632019042969,378.3000030517578,336.5182342529297],"ClipBounds":[363.82000732421875,327.0632019042969,378.3000030517578,336.5182342529297],"Page":0,"Path":"//Document/Sect/Table[3]/TR[3]/TD[2]","attributes":{"BBox":[357.58499999999185,310.09999999999127,414.22299999999814,345.13799999999173],"BlockAlign":"Middle","BorderColor":[0,0,0],"BorderStyle":"Solid","BorderThickness":0.25,"ColIndex":1,"Height":35,"InlineAlign":"Start","RowIndex":2,"Width":56.625},"elementId":56},{"Bounds":[363.82000732421875,327.0632019042969,378.3000030517578,336.5182342529297],"ClipBounds":[363.82000732421875,327.0632019042969,378.3000030517578,336.5182342529297],"Font":{"alt_family_name":"Arial","embedded":true,"encoding":"WinAnsiEncoding","family_name":"Arial MT","font_type":"TrueType","italic":false,"monospaced":false,"name":"CWMTIJ+ArialMT","subset":true,"weight":400},"HasClip":true,"Lang":"en","Page":0,"Path":"//Document/Sect/Table[3]/TR[3]/TD[2]/P","Text":"42 ","TextSize":10.080001831054688,"attributes":{"LineHeight":12.125},"elementId":57},{"Bounds":[420.3800048828125,327.0632019042969,434.86000061035156,336.5182342529297],"ClipBounds":[420.3800048828125,327.0632019042969,434.86000061035156,336.5182342529297],"Page":0,"Path":"//Document/Sect/Table[3]/TR[3]/TD[3]","attributes":{"BBox":[413.74299999998766,310.09999999999127,481.8999999999942,345.13799999999173],"BlockAlign":"Middle","BorderColor":[0,0,0],"BorderStyle":"Solid","BorderThickness":0.25,"ColIndex":2,"Height":35,"InlineAlign":"Start","RowIndex":2,"Width":68.125},"elementId":58},{"Bounds":[420.3800048828125,327.0632019042969,434.86000061035156,336.5182342529297],"ClipBounds":[420.3800048828125,327.0632019042969,434.86000061035156,336.5182342529297],"Font":{"alt_family_name":"Arial","embedded":true,"encoding":"WinAnsiEncoding","family_name":"Arial MT","font_type":"TrueType","italic":false,"monospaced":false,"name":"CWMTIJ+ArialMT","subset":true,"weight":400},"HasClip":true,"Lang":"en","Page":0,"Path":"//Document/Sect/Table[3]/TR[3]/TD[3]/P","Text":"42 ","TextSize":10.080001831054688,"attributes":{"LineHeight":12.125},"elementId":59},{"Bounds":[487.00999450683594,327.0632019042969,517.7280731201172,336.5182342529297],"ClipBounds":[487.00999450683594,327.0632019042969,517.7280731201172,336.5182342529297],"Page":0,"Path":"//Document/Sect/Table[3]/TR[3]/TD[4]","attributes":{"BBox":[481.41999999999825,310.09999999999127,541.417999999976,345.13799999999173],"BlockAlign":"Middle","BorderColor":[0,0,0],"BorderStyle":"Solid","BorderThickness":[0.25,0.25,0.25,0.5],"ColIndex":3,"Height":35,"InlineAlign":"Start","RowIndex":2,"Width":60},"elementId":60},{"Bounds":[487.00999450683594,327.0632019042969,517.7280731201172,336.5182342529297],"ClipBounds":[487.00999450683594,327.0632019042969,517.7280731201172,336.5182342529297],"Font":{"alt_family_name":"Arial","embedded":true,"encoding":"WinAnsiEncoding","family_name":"Arial MT","font_type":"TrueType","italic":false,"monospaced":false,"name":"CWMTIJ+ArialMT","subset":true,"weight":400},"HasClip":true,"Lang":"en","Page":0,"Path":"//Document/Sect/Table[3]/TR[3]/TD[4]/P","Text":"$1764 ","TextSize":10.080001831054688,"attributes":{"LineHeight":12.125},"elementId":61},{"Bounds":[77.447998046875,293.5632019042969,187.02767944335938,303.0182342529297],"ClipBounds":[77.447998046875,293.5632019042969,187.02767944335938,303.0182342529297],"Page":0,"Path":"//Document/Sect/Table[3]/TR[4]/TD","attributes":{"BBox":[71.5170999999973,275.54099999999744,358.0649999999878,310.5799999999872],"BlockAlign":"Before","BorderColor":[0,0,0],"BorderStyle":"Solid","BorderThickness":[0.25,0.25,0.5,0.25],"ColIndex":0,"Height":35,"InlineAlign":"Start","RowIndex":3,"Width":286.375},"elementId":62},{"Bounds":[77.447998046875,293.5632019042969,187.02767944335938,303.0182342529297],"ClipBounds":[77.447998046875,293.5632019042969,187.02767944335938,303.0182342529297],"Font":{"alt_family_name":"Arial","embedded":true,"encoding":"WinAnsiEncoding","family_name":"Arial MT","font_type":"TrueType","italic":false,"monospaced":false,"name":"CWMTIJ+ArialMT","subset":true,"weight":400},"HasClip":true,"Lang":"en","Page":0,"Path":"//Document/Sect/Table[3]/TR[4]/TD/P","Text":"Fantastic Cotton Gloves ","TextSize":10.080001831054688,"attributes":{"LineHeight":12.125},"elementId":63},{"Bounds":[363.82000732421875,293.5632019042969,378.3000030517578,303.0182342529297],"ClipBounds":[363.82000732421875,293.5632019042969,378.3000030517578,303.0182342529297],"Page":0,"Path":"//Document/Sect/Table[3]/TR[4]/TD[2]","attributes":{"BBox":[357.58499999999185,275.54099999999744,414.22299999999814,310.5799999999872],"BlockAlign":"Before","BorderColor":[0,0,0],"BorderStyle":"Solid","BorderThickness":0.25,"ColIndex":1,"Height":35,"InlineAlign":"Start","RowIndex":3,"Width":56.625},"elementId":64},{"Bounds":[363.82000732421875,293.5632019042969,378.3000030517578,303.0182342529297],"ClipBounds":[363.82000732421875,293.5632019042969,378.3000030517578,303.0182342529297],"Font":{"alt_family_name":"Arial","embedded":true,"encoding":"WinAnsiEncoding","family_name":"Arial MT","font_type":"TrueType","italic":false,"monospaced":false,"name":"CWMTIJ+ArialMT","subset":true,"weight":400},"HasClip":true,"Lang":"en","Page":0,"Path":"//Document/Sect/Table[3]/TR[4]/TD[2]/P","Text":"22 ","TextSize":10.080001831054688,"attributes":{"LineHeight":12.125},"elementId":65},{"Bounds":[420.3800048828125,293.5632019042969,434.86000061035156,303.0182342529297],"ClipBounds":[420.3800048828125,293.5632019042969,434.86000061035156,303.0182342529297],"Page":0,"Path":"//Document/Sect/Table[3]/TR[4]/TD[3]","attributes":{"BBox":[413.74299999998766,275.54099999999744,481.8999999999942,310.5799999999872],"BlockAlign":"Before","BorderColor":[0,0,0],"BorderStyle":"Solid","BorderThickness":0.25,"ColIndex":2,"Height":35,"InlineAlign":"Start","RowIndex":3,"Width":68.125},"elementId":66},{"Bounds":[420.3800048828125,293.5632019042969,434.86000061035156,303.0182342529297],"ClipBounds":[420.3800048828125,293.5632019042969,434.86000061035156,303.0182342529297],"Font":{"alt_family_name":"Arial","embedded":true,"encoding":"WinAnsiEncoding","family_name":"Arial MT","font_type":"TrueType","italic":false,"monospaced":false,"name":"CWMTIJ+ArialMT","subset":true,"weight":400},"HasClip":true,"Lang":"en","Page":0,"Path":"//Document/Sect/Table[3]/TR[4]/TD[3]/P","Text":"19 ","TextSize":10.080001831054688,"attributes":{"LineHeight":12.125},"elementId":67},{"Bounds":[487.00999450683594,293.5632019042969,512.3251953125,303.0182342529297],"ClipBounds":[487.00999450683594,293.5632019042969,512.3251953125,303.0182342529297],"Page":0,"Path":"//Document/Sect/Table[3]/TR[4]/TD[4]","attributes":{"BBox":[481.41999999999825,275.54099999999744,541.417999999976,310.5799999999872],"BlockAlign":"Before","BorderColor":[0,0,0],"BorderStyle":"Solid","BorderThickness":[0.25,0.25,0.25,0.5],"ColIndex":3,"Height":35,"InlineAlign":"Start","RowIndex":3,"Width":60},"elementId":68},{"Bounds":[487.00999450683594,293.5632019042969,512.3251953125,303.0182342529297],"ClipBounds":[487.00999450683594,293.5632019042969,512.3251953125,303.0182342529297],"Font":{"alt_family_name":"Arial","embedded":true,"encoding":"WinAnsiEncoding","family_name":"Arial MT","font_type":"TrueType","italic":false,"monospaced":false,"name":"CWMTIJ+ArialMT","subset":true,"weight":400},"HasClip":true,"Lang":"en","Page":0,"Path":"//Document/Sect/Table[3]/TR[4]/TD[4]/P","Text":"$418 ","TextSize":10.080001831054688,"attributes":{"LineHeight":12.125},"elementId":69},{"Bounds":[77.447998046875,260.0832061767578,190.64639282226562,269.5382385253906],"ClipBounds":[77.447998046875,260.0832061767578,190.64639282226562,269.5382385253906],"Page":0,"Path":"//Document/Sect/Table[3]/TR[5]/TD","attributes":{"BBox":[71.5170999999973,243.8619999999937,358.0649999999878,276.02099999999336],"BlockAlign":"Before","BorderColor":[0,0,0],"BorderStyle":"Solid","BorderThickness":[0.25,0.25,0.5,0.25],"ColIndex":0,"Height":32.125,"InlineAlign":"Start","RowIndex":4,"Width":286.375},"elementId":70},{"Bounds":[77.447998046875,260.0832061767578,190.64639282226562,269.5382385253906],"ClipBounds":[77.447998046875,260.0832061767578,190.64639282226562,269.5382385253906],"Font":{"alt_family_name":"Arial","embedded":true,"encoding":"WinAnsiEncoding","family_name":"Arial MT","font_type":"TrueType","italic":false,"monospaced":false,"name":"CWMTIJ+ArialMT","subset":true,"weight":400},"HasClip":true,"Lang":"en","Page":0,"Path":"//Document/Sect/Table[3]/TR[5]/TD/P","Text":"Unbranded Cotton Chips ","TextSize":10.080001831054688,"attributes":{"LineHeight":12.125},"elementId":71},{"Bounds":[363.82000732421875,260.0832061767578,378.3000030517578,269.5382385253906],"ClipBounds":[363.82000732421875,260.0832061767578,378.3000030517578,269.5382385253906],"Page":0,"Path":"//Document/Sect/Table[3]/TR[5]/TD[2]","attributes":{"BBox":[357.58499999999185,243.8619999999937,414.22299999999814,276.02099999999336],"BlockAlign":"Before","BorderColor":[0,0,0],"BorderStyle":"Solid","BorderThickness":0.25,"ColIndex":1,"Height":32.125,"InlineAlign":"Start","RowIndex":4,"Width":56.625},"elementId":72},{"Bounds":[363.82000732421875,260.0832061767578,378.3000030517578,269.5382385253906],"ClipBounds":[363.82000732421875,260.0832061767578,378.3000030517578,269.5382385253906],"Font":{"alt_family_name":"Arial","embedded":true,"encoding":"WinAnsiEncoding","family_name":"Arial MT","font_type":"TrueType","italic":false,"monospaced":false,"name":"CWMTIJ+ArialMT","subset":true,"weight":400},"HasClip":true,"Lang":"en","Page":0,"Path":"//Document/Sect/Table[3]/TR[5]/TD[2]/P","Text":"80 ","TextSize":10.080001831054688,"attributes":{"LineHeight":12.125},"elementId":73},{"Bounds":[420.3800048828125,260.0832061767578,434.86000061035156,269.5382385253906],"ClipBounds":[420.3800048828125,260.0832061767578,434.86000061035156,269.5382385253906],"Page":0,"Path":"//Document/Sect/Table[3]/TR[5]/TD[3]","attributes":{"BBox":[413.74299999998766,243.8619999999937,481.8999999999942,276.02099999999336],"BlockAlign":"Before","BorderColor":[0,0,0],"BorderStyle":"Solid","BorderThickness":0.25,"ColIndex":2,"Height":32.125,"InlineAlign":"Start","RowIndex":4,"Width":68.125},"elementId":74},{"Bounds":[420.3800048828125,260.0832061767578,434.86000061035156,269.5382385253906],"ClipBounds":[420.3800048828125,260.0832061767578,434.86000061035156,269.5382385253906],"Font":{"alt_family_name":"Arial","embedded":true,"encoding":"WinAnsiEncoding","family_name":"Arial MT","font_type":"TrueType","italic":false,"monospaced":false,"name":"CWMTIJ+ArialMT","subset":true,"weight":400},"HasClip":true,"Lang":"en","Page":0,"Path":"//Document/Sect/Table[3]/TR[5]/TD[3]/P","Text":"76 ","TextSize":10.080001831054688,"attributes":{"LineHeight":12.125},"elementId":75},{"Bounds":[487.00999450683594,260.0832061767578,517.7280731201172,269.5382385253906],"ClipBounds":[487.00999450683594,260.0832061767578,517.7280731201172,269.5382385253906],"Page":0,"Path":"//Document/Sect/Table[3]/TR[5]/TD[4]","attributes":{"BBox":[481.41999999999825,243.8619999999937,541.417999999976,276.02099999999336],"BlockAlign":"Before","BorderColor":[0,0,0],"BorderStyle":"Solid","BorderThickness":[0.25,0.25,0.25,0.5],"ColIndex":3,"Height":32.125,"InlineAlign":"Start","RowIndex":4,"Width":60},"elementId":76},{"Bounds":[487.00999450683594,260.0832061767578,517.7280731201172,269.5382385253906],"ClipBounds":[487.00999450683594,260.0832061767578,517.7280731201172,269.5382385253906],"Font":{"alt_family_name":"Arial","embedded":true,"encoding":"WinAnsiEncoding","family_name":"Arial MT","font_type":"TrueType","italic":false,"monospaced":false,"name":"CWMTIJ+ArialMT","subset":true,"weight":400},"HasClip":true,"Lang":"en","Page":0,"Path":"//Document/Sect/Table[3]/TR[5]/TD[4]/P","Text":"$6080 ","TextSize":10.080001831054688,"attributes":{"LineHeight":12.125},"elementId":77},{"Bounds":[77.447998046875,226.5832061767578,190.62623596191406,236.03823852539062],"ClipBounds":[77.447998046875,226.5832061767578,190.62623596191406,236.03823852539062],"Page":0,"Path":"//Document/Sect/Table[3]/TR[6]/TD","attributes":{"BBox":[71.5170999999973,208.82399999999325,358.0649999999878,244.34199999999691],"BlockAlign":"Middle","BorderColor":[0,0,0],"BorderStyle":"Solid","BorderThickness":[0.25,0.625,0.5,0.25],"ColIndex":0,"Height":35.5,"InlineAlign":"Start","RowIndex":5,"Width":286.375},"elementId":78},{"Bounds":[77.447998046875,226.5832061767578,190.62623596191406,236.03823852539062],"ClipBounds":[77.447998046875,226.5832061767578,190.62623596191406,236.03823852539062],"Font":{"alt_family_name":"Arial","embedded":true,"encoding":"WinAnsiEncoding","family_name":"Arial MT","font_type":"TrueType","italic":false,"monospaced":false,"name":"CWMTIJ+ArialMT","subset":true,"weight":400},"HasClip":true,"Lang":"en","Page":0,"Path":"//Document/Sect/Table[3]/TR[6]/TD/P","Text":"Incredible Plastic Towels ","TextSize":10.080001831054688,"attributes":{"LineHeight":12.125},"elementId":79},{"Bounds":[363.82000732421875,226.5832061767578,383.3751983642578,236.03823852539062],"ClipBounds":[363.82000732421875,226.5832061767578,383.3751983642578,236.03823852539062],"Page":0,"Path":"//Document/Sect/Table[3]/TR[6]/TD[2]","attributes":{"BBox":[357.58499999999185,208.82399999999325,414.22299999999814,244.34199999999691],"BlockAlign":"Middle","BorderColor":[0,0,0],"BorderStyle":"Solid","BorderThickness":[0.25,0.625,0.25,0.25],"ColIndex":1,"Height":35.5,"InlineAlign":"Start","RowIndex":5,"Width":56.625},"elementId":80},{"Bounds":[363.82000732421875,226.5832061767578,383.3751983642578,236.03823852539062],"ClipBounds":[363.82000732421875,226.5832061767578,383.3751983642578,236.03823852539062],"Font":{"alt_family_name":"Arial","embedded":true,"encoding":"WinAnsiEncoding","family_name":"Arial MT","font_type":"TrueType","italic":false,"monospaced":false,"name":"CWMTIJ+ArialMT","subset":true,"weight":400},"HasClip":true,"Lang":"en","Page":0,"Path":"//Document/Sect/Table[3]/TR[6]/TD[2]/P","Text":"125 ","TextSize":10.080001831054688,"attributes":{"LineHeight":12.125},"elementId":81},{"Bounds":[420.3800048828125,226.5832061767578,434.86000061035156,236.03823852539062],"ClipBounds":[420.3800048828125,226.5832061767578,434.86000061035156,236.03823852539062],"Page":0,"Path":"//Document/Sect/Table[3]/TR[6]/TD[3]","attributes":{"BBox":[413.74299999998766,208.82399999999325,481.8999999999942,244.34199999999691],"BlockAlign":"Middle","BorderColor":[0,0,0],"BorderStyle":"Solid","BorderThickness":[0.25,0.625,0.25,0.25],"ColIndex":2,"Height":35.5,"InlineAlign":"Start","RowIndex":5,"Width":68.125},"elementId":82},{"Bounds":[420.3800048828125,226.5832061767578,434.86000061035156,236.03823852539062],"ClipBounds":[420.3800048828125,226.5832061767578,434.86000061035156,236.03823852539062],"Font":{"alt_family_name":"Arial","embedded":true,"encoding":"WinAnsiEncoding","family_name":"Arial MT","font_type":"TrueType","italic":false,"monospaced":false,"name":"CWMTIJ+ArialMT","subset":true,"weight":400},"HasClip":true,"Lang":"en","Page":0,"Path":"//Document/Sect/Table[3]/TR[6]/TD[3]/P","Text":"76 ","TextSize":10.080001831054688,"attributes":{"LineHeight":12.125},"elementId":83},{"Bounds":[487.00999450683594,226.5832061767578,517.7280731201172,236.03823852539062],"ClipBounds":[487.00999450683594,226.5832061767578,517.7280731201172,236.03823852539062],"Page":0,"Path":"//Document/Sect/Table[3]/TR[6]/TD[4]","attributes":{"BBox":[481.41999999999825,208.82399999999325,541.417999999976,244.34199999999691],"BlockAlign":"Middle","BorderColor":[0,0,0],"BorderStyle":"Solid","BorderThickness":[0.25,0.625,0.25,0.5],"ColIndex":3,"Height":35.5,"InlineAlign":"Start","RowIndex":5,"Width":60},"elementId":84},{"Bounds":[487.00999450683594,226.5832061767578,517.7280731201172,236.03823852539062],"ClipBounds":[487.00999450683594,226.5832061767578,517.7280731201172,236.03823852539062],"Font":{"alt_family_name":"Arial","embedded":true,"encoding":"WinAnsiEncoding","family_name":"Arial MT","font_type":"TrueType","italic":false,"monospaced":false,"name":"CWMTIJ+ArialMT","subset":true,"weight":400},"HasClip":true,"Lang":"en","Page":0,"Path":"//Document/Sect/Table[3]/TR[6]/TD[4]/P","Text":"$9500 ","TextSize":10.080001831054688,"attributes":{"LineHeight":12.125},"elementId":85},{"Bounds":[77.447998046875,113.13319396972656,522.3792724609375,156.0682373046875],"ClipBounds":[77.447998046875,113.13319396972656,522.3792724609375,156.0682373046875],"Page":0,"Path":"//Document/Sect/Table[4]","attributes":{"BBox":[77.03689999999915,115.22799999999916,519.8189999999886,154.34599999999773],"NumCol":2,"NumRow":2,"Placement":"Block","SpaceAfter":18},"filePaths":["tables/fileoutpart6.xlsx","tables/fileoutpart7.png"],"elementId":86},{"Bounds":[77.447998046875,146.6132049560547,120.4593505859375,156.0682373046875],"ClipBounds":[77.447998046875,146.6132049560547,120.4593505859375,156.0682373046875],"Page":0,"Path":"//Document/Sect/Table[4]/TR/TD","attributes":{"BBox":[77.03689999999915,129.62699999999313,358.54499999999825,154.34599999999773],"BlockAlign":"Before","ColIndex":0,"Height":24.75,"InlineAlign":"Start","RowIndex":0,"Width":281.5},"elementId":87},{"Bounds":[77.447998046875,146.6132049560547,120.4593505859375,156.0682373046875],"ClipBounds":[77.447998046875,146.6132049560547,120.4593505859375,156.0682373046875],"Font":{"alt_family_name":"Arial","embedded":true,"encoding":"WinAnsiEncoding","family_name":"Arial","font_type":"TrueType","italic":false,"monospaced":false,"name":"SUOLYD+Arial-BoldMT","subset":true,"weight":700},"HasClip":true,"Lang":"en","Page":0,"Path":"//Document/Sect/Table[4]/TR/TD/P","Text":"Subtotal ","TextSize":10.080001831054688,"attributes":{"LineHeight":12.125},"elementId":88},{"Bounds":[485.92999267578125,146.6132049560547,522.3792724609375,156.0682373046875],"ClipBounds":[485.92999267578125,146.6132049560547,522.3792724609375,156.0682373046875],"Page":0,"Path":"//Document/Sect/Table[4]/TR/TD[2]","attributes":{"BBox":[358.54499999999825,129.62699999999313,519.8189999999886,154.34599999999773],"BlockAlign":"Before","ColIndex":1,"Height":24.75,"InlineAlign":"End","RowIndex":0,"Width":161.25},"elementId":89},{"Bounds":[485.92999267578125,146.6132049560547,522.3792724609375,156.0682373046875],"ClipBounds":[485.92999267578125,146.6132049560547,522.3792724609375,156.0682373046875],"Font":{"alt_family_name":"Arial","embedded":true,"encoding":"WinAnsiEncoding","family_name":"Arial MT","font_type":"TrueType","italic":false,"monospaced":false,"name":"CWMTIJ+ArialMT","subset":true,"weight":400},"HasClip":true,"Lang":"en","Page":0,"Path":"//Document/Sect/Table[4]/TR/TD[2]/P","Text":"$25956 ","TextSize":10.080001831054688,"attributes":{"LineHeight":12.125},"elementId":90},{"Bounds":[77.447998046875,113.13319396972656,109.73143005371094,122.58824157714844],"ClipBounds":[77.447998046875,113.13319396972656,109.73143005371094,122.58824157714844],"Page":0,"Path":"//Document/Sect/Table[4]/TR[2]/TD","attributes":{"BBox":[77.03689999999915,115.22799999999916,358.54499999999825,129.62699999999313],"BlockAlign":"After","ColIndex":0,"Height":14.375,"InlineAlign":"Start","RowIndex":1,"Width":281.5},"elementId":91},{"Bounds":[77.447998046875,113.13319396972656,109.73143005371094,122.58824157714844],"ClipBounds":[77.447998046875,113.13319396972656,109.73143005371094,122.58824157714844],"Font":{"alt_family_name":"Arial","embedded":true,"encoding":"WinAnsiEncoding","family_name":"Arial","font_type":"TrueType","italic":false,"monospaced":false,"name":"SUOLYD+Arial-BoldMT","subset":true,"weight":700},"HasClip":true,"Lang":"en","Page":0,"Path":"//Document/Sect/Table[4]/TR[2]/TD/P","Text":"Tax % ","TextSize":10.080001831054688,"attributes":{"LineHeight":12.125},"elementId":92},{"Bounds":[485.92999267578125,113.13319396972656,500.4100036621094,122.58824157714844],"ClipBounds":[485.92999267578125,113.13319396972656,500.4100036621094,122.58824157714844],"Page":0,"Path":"//Document/Sect/Table[4]/TR[2]/TD[2]","attributes":{"BBox":[358.54499999999825,115.22799999999916,519.8189999999886,129.62699999999313],"BlockAlign":"After","ColIndex":1,"Height":14.375,"InlineAlign":"End","RowIndex":1,"Width":161.25},"elementId":93},{"Bounds":[485.92999267578125,113.13319396972656,500.4100036621094,122.58824157714844],"ClipBounds":[485.92999267578125,113.13319396972656,500.4100036621094,122.58824157714844],"Font":{"alt_family_name":"Arial","embedded":true,"encoding":"WinAnsiEncoding","family_name":"Arial MT","font_type":"TrueType","italic":false,"monospaced":false,"name":"CWMTIJ+ArialMT","subset":true,"weight":400},"HasClip":true,"Lang":"en","Page":0,"Path":"//Document/Sect/Table[4]/TR[2]/TD[2]/P","Text":"10 ","TextSize":10.080001831054688,"attributes":{"LineHeight":12.125},"elementId":94},{"Bounds":[77.447998046875,650.8531951904297,126.14447021484375,660.3082427978516],"ClipBounds":[77.447998046875,650.8531951904297,126.14447021484375,660.3082427978516],"Font":{"alt_family_name":"Arial","embedded":true,"encoding":"WinAnsiEncoding","family_name":"Arial","font_type":"TrueType","italic":false,"monospaced":false,"name":"SUOLYD+Arial-BoldMT","subset":true,"weight":700},"HasClip":true,"Lang":"en","Page":1,"Path":"//Document/Sect/P[5]","Text":"Total Due ","TextSize":10.080001831054688,"attributes":{"SpaceAfter":9},"elementId":95},{"Bounds":[485.92999267578125,648.9199981689453,526.1329956054688,657.3619995117188],"ClipBounds":[485.92999267578125,648.9199981689453,526.1329956054688,657.3619995117188],"Font":{"alt_family_name":"Arial","embedded":true,"encoding":"WinAnsiEncoding","family_name":"Arial MT","font_type":"TrueType","italic":false,"monospaced":false,"name":"CWMTIJ+ArialMT","subset":true,"weight":400},"HasClip":true,"Lang":"en","Page":1,"Path":"//Document/Sect/P[6]","Text":"$28551.6 ","TextSize":9,"attributes":{"LineHeight":10.75,"TextAlign":"End"},"elementId":96}],"pages":[{"boxes":{"CropBox":[0,0,612,792],"MediaBox":[0,0,612,792]},"height":792,"is_scanned":false,"page_number":0,"rotation":0,"width":612},{"boxes":{"CropBox":[0,0,612,792],"MediaBox":[0,0,612,792]},"height":792,"is_scanned":false,"page_number":1,"rotation":0,"width":612}]}